Unique.ID,country,latitude,longitude,Basin.ID,start.year,end.year,num.year,dur.year,eqr.start,eqr.end,eqr.change,richness,rich.rarefied,rich.coverage,ab,fd,trait.ses,taxa.comp,trait.comp,id.level,richness_circularity,ab_circularity,taxa_circularity,trait_circularity
AUT_001_MZB_LO_7,Austria,48.71625733,16.8890666,1291835,2008,2019,8,12,0.203800382,0.30023341,0.096433028,4.675475,3.293479,4.513061,19.724843,10.711824,0.145473211,0.108919,0.022789,Mixed,FALSE,FALSE,TRUE,FALSE
BEL_005_MZB_LO_1,Belgium,51.3056897,3.3726602,1172395,1989,2010,7,22,0.778609729,0.680334297,-0.098275433,0.003589,-2.069595,-3.055376,13.368504,0.414563,0.072468065,0.06,0.003863,Mixed,TRUE,FALSE,FALSE,FALSE
BEL_005_MZB_LO_10,Belgium,51.1140785,5.6113233,1173482,1989,2001,7,13,0.236486487,0.495945946,0.259459459,1.963481,5.173677,9.376948,-9.557916,3.844944,-0.079036303,0.059891,0.016124,Mixed,TRUE,FALSE,FALSE,FALSE
BEL_005_MZB_LO_100,Belgium,51.2584827,5.0543543,1172945,1994,2017,8,24,0.502387884,0.713047723,0.210659839,2.047663,-1.532126,-2.456451,14.794537,4.246427,-0.018918797,0.062085,0.007798,Mixed,TRUE,FALSE,FALSE,FALSE
BEL_005_MZB_LO_101,Belgium,51.2479801,5.0838323,1172945,1989,2017,8,29,0.691402715,0.807422132,0.116019418,1.089364,-0.526123,-1.714835,3.909213,2.354362,0.02503037,0.025618,0.004265,Mixed,TRUE,FALSE,FALSE,FALSE
BEL_005_MZB_LO_102,Belgium,51.2548321,5.0863727,1172945,1989,2023,14,35,0.525650932,0.806496484,0.280845552,1.602776,-0.006359,0.804564,7.532525,3.334408,-0.002900673,0.030873,0.011585,Mixed,TRUE,FALSE,FALSE,FALSE
BEL_005_MZB_LO_103,Belgium,51.2610922,5.093088,1172945,1989,2017,11,29,0.574793069,0.832461784,0.257668715,1.098325,-0.950394,-3.378494,5.60909,2.15343,-0.036967827,0.030857,0.014427,Mixed,TRUE,FALSE,FALSE,FALSE
BEL_005_MZB_LO_104,Belgium,51.2317682,5.1137642,1172945,1989,2017,7,29,0.664388799,0.627614253,-0.036774545,-0.289742,-0.434928,0.712049,3.773775,-0.664007,-0.015345888,0.003623,0.003638,Mixed,TRUE,FALSE,FALSE,FALSE
BEL_005_MZB_LO_105,Belgium,51.1218073,4.7422421,1172945,1994,2023,17,30,0.408466338,0.922446315,0.513979977,3.274607,0.6632,0.639253,7.46003,6.782272,-0.039616326,0.06056,0.015013,Mixed,TRUE,FALSE,FALSE,FALSE
BEL_005_MZB_LO_106,Belgium,51.1155494,4.7981173,1172945,1989,2014,11,26,0.488360543,0.587145052,0.09878451,0.482026,0.057643,2.293642,5.017578,1.007766,-0.008126823,0.047454,0.010916,Mixed,TRUE,FALSE,FALSE,FALSE
BEL_005_MZB_LO_107,Belgium,51.1113553,4.8068752,1172945,1989,2018,11,30,0.383317874,0.637122843,0.253804969,1.768365,1.360052,2.342683,-0.282945,3.739177,0.003809335,0.058637,0.021488,Mixed,TRUE,FALSE,FALSE,FALSE
BEL_005_MZB_LO_108,Belgium,51.1020002,4.9080983,1172945,1998,2020,8,23,0.319966814,0.317533186,-0.002433628,0.769247,-2.997768,-5.41703,12.563635,1.659543,0.011398727,0.027512,0.014816,Mixed,TRUE,FALSE,FALSE,FALSE
BEL_005_MZB_LO_109,Belgium,51.0825218,4.9865799,1172945,1989,2014,8,26,0.385110334,0.756968545,0.371858211,4.187727,1.636161,3.549358,10.326234,8.788172,-0.033863346,0.061085,0.012415,Mixed,TRUE,FALSE,FALSE,FALSE
BEL_005_MZB_LO_11,Belgium,51.1196984,5.7214918,1173482,1993,2018,7,26,0.653571429,0.564285714,-0.089285714,-1.53906,-1.189279,-0.989804,-1.816652,-3.606582,-0.094118072,0.012247,0.011123,Mixed,TRUE,FALSE,FALSE,FALSE
BEL_005_MZB_LO_110,Belgium,51.1394641,5.000794,1172945,1996,2022,9,27,0.717056901,0.778412603,0.061355702,1.609056,-1.966931,-4.356716,12.307603,3.465004,0.024172653,0.038227,0.004769,Mixed,TRUE,FALSE,FALSE,FALSE
BEL_005_MZB_LO_111,Belgium,51.1476372,5.0037487,1172945,1991,2020,16,30,0.48843823,0.834210193,0.345771963,3.156531,0.382216,0.345913,10.35496,6.658346,-0.022167197,0.046571,0.007555,Mixed,TRUE,FALSE,FALSE,FALSE
BEL_005_MZB_LO_112,Belgium,51.1416162,5.2064661,1172945,1996,2022,10,27,0.475751674,0.901367855,0.425616181,4.263562,0.671628,1.315051,13.166014,9.082225,-0.013257686,0.047358,0.008015,Mixed,TRUE,FALSE,FALSE,FALSE
BEL_005_MZB_LO_113,Belgium,51.1573728,5.1809614,1172945,1992,2022,12,31,0.442050526,0.857093172,0.415042646,3.281496,0.062003,0.173858,10.802292,6.780037,-0.032427969,0.06986,0.010238,Mixed,TRUE,FALSE,FALSE,FALSE
BEL_005_MZB_LO_115,Belgium,50.8080728,4.2979693,1172945,1991,2023,8,33,0.357979071,0.442151871,0.0841728,0.425094,-0.994749,-1.546497,8.602654,1.311425,0.050307641,0.07702,0.02319,Mixed,TRUE,FALSE,FALSE,FALSE
BEL_005_MZB_LO_116,Belgium,50.8551373,4.4458118,1172945,1991,2010,7,20,0.578131692,0.645770878,0.067639186,0.185338,0.615215,1.070598,-1.092786,0.299208,-0.027910109,0.068057,0.013754,Mixed,TRUE,FALSE,FALSE,FALSE
BEL_005_MZB_LO_118,Belgium,50.7234354,4.2852926,1172945,1994,2015,8,22,0.679220717,0.698293176,0.019072459,0.336,-2.211155,-3.614497,10.845432,0.676315,-0.00711611,0.056283,0.017289,Mixed,TRUE,FALSE,FALSE,FALSE
BEL_005_MZB_LO_119,Belgium,50.9933763,4.5919832,1172945,1992,2014,9,23,0.481619938,0.574143302,0.092523365,0.17571,-0.254465,-0.554796,1.846328,0.209977,-0.030536963,0.040746,0.01457,Mixed,TRUE,FALSE,FALSE,FALSE
BEL_005_MZB_LO_12,Belgium,51.1292048,5.8238817,1173482,1989,2013,12,25,0.470061156,0.690590318,0.220529162,1.543826,0.881726,1.549208,2.78631,3.308658,-0.002945012,0.076475,0.014464,Mixed,TRUE,FALSE,FALSE,FALSE
BEL_005_MZB_LO_120,Belgium,50.9699646,4.7186926,1172945,1991,2021,15,31,0.180303683,0.413589098,0.233285415,6.482259,4.257977,2.625472,6.105571,5.263405,-0.006852736,0.097033,0.030551,Mixed,TRUE,FALSE,FALSE,FALSE
BEL_005_MZB_LO_121,Belgium,51.0084941,4.9551954,1172945,1996,2008,11,13,0.2399091,0.463834572,0.223925471,6.344207,3.651391,4.906598,9.381332,13.752867,-0.05462451,0.164525,0.022892,Mixed,TRUE,FALSE,FALSE,FALSE
BEL_005_MZB_LO_122,Belgium,50.9912955,5.0411398,1172945,1991,2016,12,26,0.215997371,0.566568212,0.350570842,4.389904,4.584269,5.176521,-0.777451,8.472545,-0.053057692,0.058214,0.01391,Mixed,TRUE,FALSE,FALSE,FALSE
BEL_005_MZB_LO_123,Belgium,50.8473471,5.5007827,1172945,1989,2020,19,32,0.102525562,0.689289312,0.58676375,6.341593,4.300669,4.637804,5.771886,12.090749,-0.0565203,0.080197,0.023668,Mixed,TRUE,FALSE,FALSE,FALSE
BEL_005_MZB_LO_124,Belgium,50.9630929,4.7199793,1172945,1995,2005,10,11,0.243722944,0.355194805,0.111471861,5.784958,10.542356,14.861489,4.882265,8.719788,-0.017847117,0.232227,0.025546,Mixed,TRUE,FALSE,FALSE,FALSE
BEL_005_MZB_LO_125,Belgium,50.9805634,4.8483569,1172945,1991,2018,10,28,0.392974023,0.710523624,0.317549601,1.604257,1.503707,3.494232,0.54567,3.234781,-0.042197388,0.058452,0.019033,Mixed,TRUE,FALSE,FALSE,FALSE
BEL_005_MZB_LO_126,Belgium,51.0106218,5.0460201,1172945,2009,2023,7,15,0.055545764,0.67946185,0.623916086,18.851814,7.915728,6.830761,31.025807,NA,NA,0.232976,0.08499,Mixed,TRUE,FALSE,FALSE,FALSE
BEL_005_MZB_LO_127,Belgium,51.0574713,5.1454912,1172945,1990,2012,11,23,0.097894348,0.297007758,0.199113409,7.95025,4.217203,4.92126,5.66032,NA,NA,0.071998,0.028527,Mixed,TRUE,FALSE,FALSE,FALSE
BEL_005_MZB_LO_13,Belgium,51.0945091,5.8027274,1173482,1995,2007,7,13,0.45896256,0.62469448,0.165731919,3.384179,2.07239,3.099452,5.16953,8.044523,0.094028104,0.037915,0.008099,Mixed,TRUE,FALSE,FALSE,FALSE
BEL_005_MZB_LO_130,Belgium,50.9899947,5.0653776,1172945,1991,2007,11,17,0.551912947,0.82012518,0.268212233,3.292844,2.600983,5.504179,-3.105458,7.697404,-0.005970498,0.0836,0.013332,Mixed,TRUE,FALSE,FALSE,FALSE
BEL_005_MZB_LO_131,Belgium,51.0845752,5.2865829,1172945,1994,2020,10,27,0.412354086,0.768968872,0.356614786,4.268948,1.511274,3.143364,5.390263,9.294611,-0.026169576,0.087663,0.017111,Mixed,TRUE,FALSE,FALSE,FALSE
BEL_005_MZB_LO_134,Belgium,50.9498623,5.1155864,1172945,1993,2005,11,13,0.358979592,0.590816327,0.231836735,6.174985,3.866506,9.618827,4.956857,13.04826,-0.110780734,0.105383,0.027644,Mixed,TRUE,FALSE,FALSE,FALSE
BEL_005_MZB_LO_135,Belgium,50.8685625,4.9816038,1172945,1989,2000,8,12,0.262798875,0.452320675,0.1895218,3.170244,5.249426,5.78051,-9.239924,7.06419,0.020268823,0.049504,0.004925,Mixed,TRUE,FALSE,FALSE,FALSE
BEL_005_MZB_LO_136,Belgium,50.8454075,4.8819062,1172945,1993,2016,14,24,0.336858704,0.558509455,0.221650751,3.694656,0.844709,1.389916,11.045797,8.142939,0.024415286,0.075357,0.021071,Mixed,TRUE,FALSE,FALSE,FALSE
BEL_005_MZB_LO_137,Belgium,51.1011698,4.0057001,1172945,1992,2004,9,13,0.532700417,0.847336134,0.314635717,7.943363,1.904044,5.214002,10.228419,17.877206,-0.009323166,0.025444,0.016144,Mixed,TRUE,FALSE,FALSE,FALSE
BEL_005_MZB_LO_138,Belgium,51.1697601,3.8483916,1172945,1992,2022,13,31,0.467227166,0.840217201,0.372990035,3.874156,3.268489,4.627866,5.204313,8.310166,0.022699105,0.046424,0.013139,Mixed,TRUE,FALSE,FALSE,FALSE
BEL_005_MZB_LO_139,Belgium,50.7891246,4.9189883,1172945,1994,2021,10,28,0.299617834,0.462993631,0.163375796,3.893196,-0.399734,-1.182436,18.330804,4.892528,-0.013511825,0.026963,0.010252,Mixed,TRUE,FALSE,FALSE,FALSE
BEL_005_MZB_LO_14,Belgium,50.8887984,5.6823002,1173482,1989,2010,11,22,0.46394071,0.670557757,0.206617047,3.120706,0.471739,0.685806,9.820859,6.595458,-0.025205968,0.054048,0.005627,Mixed,TRUE,FALSE,FALSE,FALSE
BEL_005_MZB_LO_140,Belgium,50.7704806,4.895336,1172945,2001,2019,7,19,0.353393482,0.51363456,0.160241078,5.553355,-2.824819,-5.395305,30.587285,12.137974,-0.013893722,0.013624,0.00794,Mixed,TRUE,FALSE,FALSE,FALSE
BEL_005_MZB_LO_142,Belgium,50.8852738,5.352751,1172945,1990,2014,15,25,0.31220464,0.50750872,0.19530408,1.353465,3.375641,4.913138,-2.452293,2.880363,-0.017451312,0.091853,0.02207,Mixed,TRUE,FALSE,FALSE,FALSE
BEL_005_MZB_LO_143,Belgium,51.2156366,3.9228322,1172945,1992,2020,16,29,0.53087547,0.801352643,0.270477173,2.629659,1.043638,3.262047,8.566802,5.712493,0.00190224,0.035816,0.009676,Mixed,TRUE,FALSE,FALSE,FALSE
BEL_005_MZB_LO_145,Belgium,51.2219466,3.9228292,1172945,1992,2005,9,14,0.548039216,0.904901961,0.356862745,6.008577,6.200112,15.265838,6.451099,12.901087,-0.00161904,0.103119,0.028898,Mixed,TRUE,FALSE,FALSE,FALSE
BEL_005_MZB_LO_146,Belgium,50.9582301,5.4719882,1172945,1993,2023,16,31,0.38402737,0.479974213,0.095946842,2.512075,-0.107479,-0.262064,10.62451,5.578592,0.032470249,0.035249,0.000954,Mixed,TRUE,FALSE,FALSE,FALSE
BEL_005_MZB_LO_148,Belgium,50.9088896,5.555123,1172945,1989,2002,9,14,0.612351387,0.488705416,-0.123645971,-1.944744,2.389869,2.725619,-8.160624,-3.740043,0.054622476,0.077063,0.011298,Mixed,TRUE,FALSE,FALSE,FALSE
BEL_005_MZB_LO_149,Belgium,51.2339242,3.9859122,1174100,1992,2005,10,14,0.632164522,0.789570205,0.157405684,4.427667,1.565514,2.453666,12.009276,9.260455,-0.045958309,0.11694,0.016836,Mixed,TRUE,FALSE,FALSE,FALSE
BEL_005_MZB_LO_15,Belgium,51.125738,5.811887,1173482,1989,2013,11,25,0.451048824,0.919094164,0.46804534,3.017355,3.346875,4.759719,-1.356411,6.441556,0.00635568,0.060586,0.010597,Mixed,TRUE,FALSE,FALSE,FALSE
BEL_005_MZB_LO_152,Belgium,50.8318202,4.6422872,1172945,1992,2010,7,19,0.691203704,0.69537037,0.004166666,1.206283,-4.886651,-7.854861,18.112729,2.649834,0.03782447,0.020064,0.020516,Mixed,TRUE,FALSE,FALSE,FALSE
BEL_005_MZB_LO_153,Belgium,50.8163592,4.6340093,1172945,1994,2017,7,24,0.290177801,0.609554514,0.319376714,4.995148,2.3009,2.998902,11.586305,10.854383,-0.013867744,0.08541,0.009918,Mixed,TRUE,FALSE,FALSE,FALSE
BEL_005_MZB_LO_154,Belgium,50.7640568,4.4265118,1172945,1994,2012,7,19,0.286173807,0.714815971,0.428642164,6.16301,0.426819,0.681718,19.940814,14.971068,0.015431086,0.047748,0.009701,Mixed,TRUE,FALSE,FALSE,FALSE
BEL_005_MZB_LO_156,Belgium,50.7976574,4.6432229,1172945,1994,2022,8,29,0.339635098,0.505524706,0.165889608,1.269215,-1.018877,-2.652346,8.796944,2.646508,-0.018740644,0.030324,0.012131,Mixed,TRUE,FALSE,FALSE,FALSE
BEL_005_MZB_LO_157,Belgium,50.7917737,4.6334307,1172945,1994,2023,11,30,0.284789112,0.732194137,0.447405025,4.67886,1.234209,1.497378,9.920354,9.798176,-0.061434522,0.053791,0.010916,Mixed,TRUE,FALSE,FALSE,FALSE
BEL_005_MZB_LO_158,Belgium,50.7342728,4.5557348,1172945,1992,2013,8,22,0.326758253,0.608193217,0.281434963,4.233364,-0.103634,-0.503497,18.887153,9.214725,0.005236297,0.061173,0.020423,Mixed,TRUE,FALSE,FALSE,FALSE
BEL_005_MZB_LO_159,Belgium,51.086519,4.0303049,1172945,1993,2019,8,27,0.497501262,0.792806663,0.295305401,4.219845,1.650151,0.759309,14.266458,9.038167,0.004827927,0.052869,0.014735,Mixed,TRUE,FALSE,FALSE,FALSE
BEL_005_MZB_LO_16,Belgium,51.1376985,5.7660702,1173482,1995,2018,7,24,0.618975904,0.858847892,0.239871988,2.587607,0.030179,-0.119729,10.986968,5.455194,0.00617418,0.028196,0.015082,Mixed,TRUE,FALSE,FALSE,FALSE
BEL_005_MZB_LO_160,Belgium,51.1038921,4.1197568,1172945,1989,2005,8,17,0.576152957,0.682068754,0.105915797,0.422918,0.643088,2.381872,-0.077294,1.328358,0.062609606,0.000831,0.013897,Mixed,TRUE,FALSE,FALSE,FALSE
BEL_005_MZB_LO_161,Belgium,51.0373126,4.0772099,1172945,1989,2022,23,34,0.057494838,0.468559097,0.41106426,6.257975,2.174414,2.071964,12.310418,6.79156,-0.039315099,0.082258,0.031625,Mixed,TRUE,FALSE,FALSE,FALSE
BEL_005_MZB_LO_162,Belgium,51.22718,3.2452575,1172395,1991,2007,12,17,0.235432331,0.670018797,0.434586466,8.702983,1.436299,0.933204,33.874066,19.004764,-0.073865897,0.088519,0.014839,Mixed,TRUE,FALSE,FALSE,FALSE
BEL_005_MZB_LO_163,Belgium,50.7618301,3.8668974,1172945,1990,2017,7,28,0.24176173,0.474393306,0.232631576,4.9165,-0.214345,0.267869,18.111499,10.833212,-0.045811473,0.078264,0.022501,Mixed,TRUE,FALSE,FALSE,FALSE
BEL_005_MZB_LO_165,Belgium,51.016543,4.0825975,1172945,1998,2021,7,24,0.300787966,0.865902579,0.565114613,7.682109,2.999513,4.565701,17.868256,16.611633,0.043412224,0.080786,0.007211,Mixed,TRUE,FALSE,FALSE,FALSE
BEL_005_MZB_LO_166,Belgium,50.9963375,4.0761395,1172945,1992,2023,9,32,0.127890711,0.559243832,0.431353122,4.853679,-1.588778,-2.766045,21.187505,10.631316,-0.059590728,0.074217,0.015939,Mixed,TRUE,FALSE,FALSE,FALSE
BEL_005_MZB_LO_167,Belgium,51.1372354,3.9701579,1172945,1992,2021,11,30,0.38113099,0.822840724,0.441709734,4.13585,1.883002,2.645021,7.621526,9.16376,0.044545196,0.061253,0.010313,Mixed,TRUE,FALSE,FALSE,FALSE
BEL_005_MZB_LO_168,Belgium,51.1483519,3.8290506,1172945,1994,2021,9,28,0.361914494,0.596537249,0.234622755,3.193226,1.487145,-0.214695,5.155754,6.867451,0.00156801,0.056096,0.011553,Mixed,TRUE,FALSE,FALSE,FALSE
BEL_005_MZB_LO_169,Belgium,50.8395635,3.9058927,1172945,1994,2005,9,12,0.253033088,0.577573529,0.324540441,12.790888,10.301222,14.164915,7.297925,30.040341,0.055098321,0.096738,0.034516,Mixed,TRUE,FALSE,FALSE,FALSE
BEL_005_MZB_LO_170,Belgium,50.808006,3.9529944,1172945,1998,2020,11,23,0.27444773,0.817990316,0.543542586,8.416413,1.995051,3.605708,22.979133,18.639494,-0.005557786,0.081111,0.017084,Mixed,TRUE,FALSE,FALSE,FALSE
BEL_005_MZB_LO_171,Belgium,50.8111366,3.9010356,1172945,1998,2022,12,25,0.51468213,0.804635929,0.289953799,1.812474,0.367229,0.793746,10.257839,3.73423,-0.021593388,0.039825,0.00593,Mixed,TRUE,FALSE,FALSE,FALSE
BEL_005_MZB_LO_172,Belgium,50.7702099,3.8671909,1172945,1998,2020,8,23,0.393685027,0.478306194,0.084621167,1.545915,0.667256,0.402381,8.903319,3.600448,0.04175497,0.067674,0.004587,Mixed,TRUE,FALSE,FALSE,FALSE
BEL_005_MZB_LO_174,Belgium,50.762074,3.7713039,1172945,1994,2013,9,20,0.71425942,0.77851149,0.06425207,1.711936,0.47102,-2.339369,4.875477,3.596255,-0.030136548,0.043122,0.001379,Mixed,TRUE,FALSE,FALSE,FALSE
BEL_005_MZB_LO_175,Belgium,50.7390259,3.8697892,1172945,1998,2022,8,25,0.406081839,0.73028807,0.324206231,4.257911,2.040258,3.590487,9.529175,9.113373,0.011801458,0.078645,0.016023,Mixed,TRUE,FALSE,FALSE,FALSE
BEL_005_MZB_LO_176,Belgium,50.7467403,3.9212562,1172945,1992,2006,7,15,0.396271429,0.790160795,0.393889366,6.852159,3.998356,7.597947,13.407441,14.735045,-0.027987615,0.127166,0.027731,Mixed,TRUE,FALSE,FALSE,FALSE
BEL_005_MZB_LO_177,Belgium,50.7261637,4.0255651,1172945,1998,2015,9,18,0.347266314,0.747530864,0.40026455,6.357418,4.955592,7.453975,4.072944,13.878716,-0.016846428,0.091305,0.013795,Mixed,TRUE,FALSE,FALSE,FALSE
BEL_005_MZB_LO_179,Belgium,51.0182697,3.9234259,1172945,1997,2023,8,27,0.500490196,0.770261438,0.269771242,3.644878,2.356988,3.513116,5.694082,7.903701,0.049216759,0.052861,0.010595,Mixed,TRUE,FALSE,FALSE,FALSE
BEL_005_MZB_LO_18,Belgium,51.1792437,5.631052,1173482,1989,2011,10,23,0.763965436,0.766018056,0.00205262,0.139358,0.415818,0.718125,-0.857684,0.338213,0.009475822,0.070429,0.013292,Mixed,TRUE,FALSE,FALSE,FALSE
BEL_005_MZB_LO_180,Belgium,51.030921,3.8661555,1172945,1994,2005,8,12,0.343328023,0.517278555,0.173950531,5.098956,8.424182,12.654171,1.920567,11.202916,-0.006270317,0.129195,0.043119,Mixed,TRUE,FALSE,FALSE,FALSE
BEL_005_MZB_LO_181,Belgium,51.2113909,3.8155855,1174099,1992,2005,10,14,0.386359129,0.706728648,0.32036952,8.318348,-0.038863,-0.830293,36.225221,18.393006,-0.022275599,0.080665,0.025691,Mixed,TRUE,FALSE,FALSE,FALSE
BEL_005_MZB_LO_182,Belgium,51.3254606,3.2293991,1172395,1989,2010,11,22,0.34493347,0.38093654,0.036003071,1.68417,0.156828,0.69682,6.304978,3.628557,-0.013334673,0.077632,0.017939,Mixed,TRUE,FALSE,FALSE,FALSE
BEL_005_MZB_LO_183,Belgium,51.4820836,4.473607,1173482,1990,2002,8,13,0.290266238,0.501189194,0.210922955,7.586931,11.694466,18.477731,-14.082479,17.602513,0.041591928,0.126091,0.027901,Mixed,TRUE,FALSE,FALSE,FALSE
BEL_005_MZB_LO_184,Belgium,51.4559123,4.4830852,1173482,1990,2023,8,34,0.379811654,0.880444379,0.500632725,3.330005,1.678943,1.776519,4.520333,7.022177,-0.010436107,0.057456,0.007878,Mixed,TRUE,FALSE,FALSE,FALSE
BEL_005_MZB_LO_185,Belgium,51.3978239,4.4846512,1173482,1992,2016,8,25,0.458331619,0.319357996,-0.138973623,0.306953,-0.24716,-1.648518,7.517437,0.574051,-0.014720984,0.004448,0.009382,Mixed,TRUE,FALSE,FALSE,FALSE
BEL_005_MZB_LO_186,Belgium,50.830708,3.2870214,1174099,1989,2023,11,35,0.59710924,0.894141875,0.297032636,2.359702,-0.149167,-0.163446,10.276889,5.037365,0.019466483,0.050734,0.009504,Mixed,TRUE,FALSE,FALSE,FALSE
BEL_005_MZB_LO_187,Belgium,50.7522711,3.4094697,1174099,1990,2021,17,32,0.147475382,0.378868283,0.231392901,5.136558,0.31469,0.083687,17.151733,10.098146,-0.077937304,0.052516,0.002828,Mixed,TRUE,FALSE,FALSE,FALSE
BEL_005_MZB_LO_188,Belgium,51.476155,4.4977147,1173482,1991,2007,8,17,0.463927649,0.401498708,-0.062428941,-0.103955,0.985024,3.00849,-0.908473,-0.309042,-0.018184928,0.081567,0.023279,Mixed,TRUE,FALSE,FALSE,FALSE
BEL_005_MZB_LO_189,Belgium,51.4211058,4.6411677,1173482,1990,2022,15,33,0.612125984,0.744409449,0.132283465,0.896606,-0.461875,-1.254276,5.473857,1.895612,0.00486029,0.026121,0.004747,Mixed,TRUE,FALSE,FALSE,FALSE
BEL_005_MZB_LO_19,Belgium,51.1638018,5.5906576,1173482,1989,2019,10,31,0.795129922,0.829812949,0.034683027,0.3629,-0.971836,-1.734664,4.339393,0.870379,0.021529322,0.054662,0.011309,Mixed,TRUE,FALSE,FALSE,FALSE
BEL_005_MZB_LO_190,Belgium,51.1248474,2.767412,1172387,1995,2020,9,26,0.295571798,0.523426376,0.227854578,2.884656,-0.434584,1.569052,15.366036,6.615933,-0.005255023,0.041163,0.003895,Mixed,TRUE,FALSE,FALSE,FALSE
BEL_005_MZB_LO_191,Belgium,51.1151875,2.751316,1172387,1990,2018,9,29,0.451116936,0.572065193,0.120948257,2.076899,-1.033948,-2.066975,10.900256,4.114057,-0.057335533,0.079092,0.012738,Mixed,TRUE,FALSE,FALSE,FALSE
BEL_005_MZB_LO_193,Belgium,51.08968,2.6208517,1173232,1990,2011,9,22,0.464012572,0.494264013,0.030251441,0.224937,-1.45376,-1.82727,8.699578,0.934606,0.088414926,0.067829,0.004833,Mixed,TRUE,FALSE,FALSE,FALSE
BEL_005_MZB_LO_194,Belgium,51.4203405,4.6494432,1173482,1990,2019,7,30,0.449185487,0.665531285,0.216345798,2.776751,2.941175,2.687962,4.121871,5.456313,0.010794163,0.0111,0.012125,Mixed,TRUE,FALSE,FALSE,FALSE
BEL_005_MZB_LO_195,Belgium,51.0059443,2.5832157,1173232,1990,2018,7,29,0.513905587,0.678509547,0.16460396,2.272534,-0.738721,-1.233005,10.635972,4.846438,0.012592264,0.057028,0.010927,Mixed,TRUE,FALSE,FALSE,FALSE
BEL_005_MZB_LO_196,Belgium,50.9965182,2.5783027,1173232,1995,2021,7,27,0.354674994,0.667512858,0.312837864,4.444233,1.990595,6.278893,11.999768,9.843638,-0.007621833,0.01189,0.01742,Mixed,TRUE,FALSE,FALSE,FALSE
BEL_005_MZB_LO_197,Belgium,51.4168515,4.642537,1173482,1992,2019,9,28,0.545975374,0.710341248,0.164365873,1.10786,-0.864121,-1.155205,5.561956,2.208837,-0.012090689,0.035062,0.0014,Mixed,TRUE,FALSE,FALSE,FALSE
BEL_005_MZB_LO_198,Belgium,50.8853835,3.6863154,1174099,1989,2017,14,29,0.122558712,0.658931387,0.536372675,7.33912,7.778538,7.553568,-3.061958,12.136129,-0.043720117,0.080799,9.90E-05,Mixed,TRUE,FALSE,FALSE,FALSE
BEL_005_MZB_LO_199,Belgium,50.8236242,3.7740711,1174099,1993,2022,10,30,0.118501416,0.631864491,0.513363075,6.492191,4.173301,5.20311,9.475957,5.128329,0.019613815,0.054234,0.023337,Mixed,TRUE,FALSE,FALSE,FALSE
BEL_005_MZB_LO_2,Belgium,51.3030486,5.4871359,1173482,1989,2005,10,17,0.271135725,0.447515041,0.176379317,2.223919,5.927786,7.659272,-4.358276,4.697564,-0.007104709,0.103466,0.032267,Mixed,TRUE,FALSE,FALSE,FALSE
BEL_005_MZB_LO_20,Belgium,51.2694412,3.7540002,1173462,1994,2020,10,27,0.456962248,0.478394575,0.021432327,0.660161,-0.753614,-0.849674,6.354004,1.358724,-0.034405127,0.066042,0.013017,Mixed,TRUE,FALSE,FALSE,FALSE
BEL_005_MZB_LO_200,Belgium,51.5050592,4.7810662,1173482,1990,2022,18,33,0.533107947,0.787093014,0.253985066,2.555886,0.360963,0.520453,12.565991,5.296702,-0.01518892,0.048272,0.003404,Mixed,TRUE,FALSE,FALSE,FALSE
BEL_005_MZB_LO_201,Belgium,50.7811555,3.7462895,1174099,1998,2021,8,24,0.431286195,0.764707586,0.333421392,2.536437,0.706321,3.5702,10.750384,5.313648,-0.013161028,0.035732,0.010169,Mixed,TRUE,FALSE,FALSE,FALSE
BEL_005_MZB_LO_202,Belgium,50.7917006,3.7599646,1174099,1994,2021,10,28,0.507218319,0.739387622,0.232169304,3.590506,1.116447,1.903634,10.200802,7.708651,-0.01946655,0.037388,0.017806,Mixed,TRUE,FALSE,FALSE,FALSE
BEL_005_MZB_LO_203,Belgium,50.7763516,3.7240641,1174099,1993,2013,8,21,0.659808905,0.839294882,0.179485977,1.714394,2.043736,4.320577,1.571477,3.440475,-0.066724268,0.076188,0.01721,Mixed,TRUE,FALSE,FALSE,FALSE
BEL_005_MZB_LO_204,Belgium,51.4452341,4.7472234,1173482,1990,2022,12,33,0.520313172,0.677277321,0.156964149,1.643011,-0.179232,-0.370009,11.576229,3.341825,-0.01747312,0.029035,0.003806,Mixed,TRUE,FALSE,FALSE,FALSE
BEL_005_MZB_LO_205,Belgium,51.4309012,4.7657261,1173482,1990,2022,10,33,0.478185725,0.843806054,0.365620329,2.928206,0.417691,0.91048,9.068164,6.220961,0.006907141,0.033741,0.003958,Mixed,TRUE,FALSE,FALSE,FALSE
BEL_005_MZB_LO_206,Belgium,51.4174412,4.7699805,1173482,1990,2022,16,33,0.308924644,0.763673658,0.454749013,3.696721,3.062151,4.777815,5.878197,8.136803,0.010858334,0.039128,0.013851,Mixed,TRUE,FALSE,FALSE,FALSE
BEL_005_MZB_LO_208,Belgium,51.3811923,4.8272047,1173482,1990,2022,10,33,0.4431435,0.725513974,0.282370474,1.278142,-0.025823,0.239027,5.472348,2.629793,-0.004291666,0.035875,0.002348,Mixed,TRUE,FALSE,FALSE,FALSE
BEL_005_MZB_LO_209,Belgium,50.7207141,3.3644229,1174099,1992,2023,27,32,0.012988971,0.326449763,0.313460793,8.652476,1.40016,2.504087,25.939045,7.134578,-0.02835393,0.069794,0.028427,Mixed,TRUE,FALSE,FALSE,FALSE
BEL_005_MZB_LO_21,Belgium,51.1036103,5.807662,1173482,1991,2006,8,16,0.089640148,0.476335061,0.386694913,13.294079,11.728534,11.153868,6.09265,21.175702,-0.062234436,0.158298,0.052002,Mixed,TRUE,FALSE,FALSE,FALSE
BEL_005_MZB_LO_210,Belgium,50.7279684,3.3466331,1174099,1992,2020,15,29,0.142476239,0.317985281,0.175509041,6.020584,-1.366952,-2.758434,30.862137,10.63374,-0.040670319,0.038969,0.00559,Mixed,TRUE,FALSE,FALSE,FALSE
BEL_005_MZB_LO_211,Belgium,51.0832227,3.6207068,1174099,1994,2017,9,24,0.529495052,0.794401742,0.26490669,2.975698,2.021204,2.448217,3.753854,6.493987,0.026515925,0.025996,0.010861,Mixed,TRUE,FALSE,FALSE,FALSE
BEL_005_MZB_LO_212,Belgium,51.4993694,4.7965237,1173482,1990,2010,10,21,0.490067242,0.748931876,0.258864634,3.405227,4.375458,7.701542,2.355525,7.216318,-0.006252979,0.028994,0.02187,Mixed,TRUE,FALSE,FALSE,FALSE
BEL_005_MZB_LO_214,Belgium,51.029337,3.5206662,1174099,1994,2007,7,14,0.423188406,0.696376812,0.273188406,2.093984,1.866054,1.395661,2.78023,4.504221,0.020974969,0.056579,0.00077,Mixed,TRUE,FALSE,FALSE,FALSE
BEL_005_MZB_LO_215,Belgium,51.0215649,3.4643779,1174099,1996,2014,7,19,0.442423391,0.619682267,0.177258876,2.253554,2.880154,5.150946,-0.964327,4.728327,-0.026392652,0.061167,0.020823,Mixed,TRUE,FALSE,FALSE,FALSE
BEL_005_MZB_LO_216,Belgium,51.0543461,3.4338915,1174099,1989,2020,9,32,0.320914128,0.539889197,0.218975069,2.242781,0.140331,-0.37637,11.132002,4.747073,-0.012726783,0.030213,0.008258,Mixed,TRUE,FALSE,FALSE,FALSE
BEL_005_MZB_LO_217,Belgium,51.4971168,4.7535369,1173482,1992,2019,14,28,0.658935236,0.745150263,0.086215027,1.600494,-0.355211,-0.453358,12.888938,3.415269,0.033500818,0.020546,0.007989,Mixed,TRUE,FALSE,FALSE,FALSE
BEL_005_MZB_LO_218,Belgium,51.0736602,3.5689775,1174099,1998,2013,8,16,0.119541318,0.31130541,0.191764092,9.578907,9.394988,5.37327,-0.360173,17.524051,-0.103060452,0.146428,0.058346,Mixed,TRUE,FALSE,FALSE,FALSE
BEL_005_MZB_LO_22,Belgium,51.10264,5.8039194,1173482,1989,2006,10,18,0.482892685,0.70454909,0.221656405,2.861525,2.30317,2.383939,2.587689,6.007876,-0.010428731,0.060153,0.01803,Mixed,TRUE,FALSE,FALSE,FALSE
BEL_005_MZB_LO_220,Belgium,51.4849152,4.7741499,1173482,1990,2019,7,30,0.564863706,0.377822919,-0.187040788,0.015315,-1.343611,-2.019724,4.797056,0.1203,0.013748357,0.043036,0.009442,Mixed,TRUE,FALSE,FALSE,FALSE
BEL_005_MZB_LO_221,Belgium,51.1677947,3.692657,1174099,1992,2022,11,31,0.551061905,0.701638539,0.150576635,1.770712,2.50476,7.842136,-0.768971,3.982995,0.035157102,0.006874,0.007605,Mixed,TRUE,FALSE,FALSE,FALSE
BEL_005_MZB_LO_222,Belgium,51.1460373,3.6464116,1172395,1992,2017,9,26,0.529104478,0.653391133,0.124286655,0.965228,0.219467,-0.003071,0.712469,2.420137,0.091481514,0.069743,0.024317,Mixed,TRUE,FALSE,FALSE,FALSE
BEL_005_MZB_LO_223,Belgium,51.0543371,4.4335063,1172945,1991,2021,8,31,0.515014616,0.536678997,0.021664381,-0.055605,-1.341065,-2.299632,4.360094,0.195575,0.04105312,0.062126,0.015365,Mixed,TRUE,FALSE,FALSE,FALSE
BEL_005_MZB_LO_224,Belgium,50.8879282,4.7061421,1172945,1994,2021,8,28,0.254834192,0.647908668,0.393074477,6.889226,2.247536,3.843679,20.370082,15.117191,-0.08819381,0.070098,0.019501,Mixed,TRUE,FALSE,FALSE,FALSE
BEL_005_MZB_LO_225,Belgium,51.2388778,4.4259044,1173075,1994,2018,12,25,0.353062337,0.345412901,-0.007649437,-0.913787,1.418257,3.616708,-5.28091,-1.883203,0.029258971,0.023712,0.016019,Mixed,TRUE,FALSE,FALSE,FALSE
BEL_005_MZB_LO_226,Belgium,51.4159616,4.8466368,1173482,1990,2019,9,30,0.622301893,0.806465707,0.184163814,2.296347,0.02193,-0.113821,7.986726,4.845789,0.012789712,0.045349,0.006213,Mixed,TRUE,FALSE,FALSE,FALSE
BEL_005_MZB_LO_227,Belgium,51.1589064,4.8614698,1172945,1994,2006,8,13,0.536839266,0.356903991,-0.179935275,-2.126594,-3.453855,-2.085134,41.037109,-4.205042,0.047523648,0.1131,0.040972,Mixed,TRUE,FALSE,FALSE,FALSE
BEL_005_MZB_LO_228,Belgium,51.0977907,5.1088576,1172945,1991,2005,8,15,0.504143258,0.433356742,-0.070786517,-3.520265,1.838095,8.256746,-9.199564,-6.333197,0.233232241,0.151462,0.039834,Mixed,TRUE,FALSE,FALSE,FALSE
BEL_005_MZB_LO_229,Belgium,51.4071977,4.8707473,1173482,1990,2019,11,30,0.658659278,0.78267852,0.124019243,1.27776,0.182853,0.649649,5.994993,2.849073,0.031988625,0.059534,0.005199,Mixed,TRUE,FALSE,FALSE,FALSE
BEL_005_MZB_LO_23,Belgium,51.0767058,5.6737656,1173482,1990,2019,8,30,0.475235423,0.841755142,0.366519719,2.042326,1.553908,2.523576,2.862926,4.231322,-0.02372263,0.026424,0.011223,Mixed,TRUE,FALSE,FALSE,FALSE
BEL_005_MZB_LO_230,Belgium,50.8092596,5.6723018,1173482,1992,2022,10,31,0.416755063,0.365766635,-0.050988428,-0.736033,-3.190809,-4.681987,14.404247,-1.410355,0.026904087,0.059412,0.017949,Mixed,TRUE,FALSE,FALSE,FALSE
BEL_005_MZB_LO_232,Belgium,51.4871821,5.0331371,1173482,1990,2018,14,29,0.702213443,0.786357966,0.084144523,0.818943,-0.507135,-1.403977,6.234848,1.69973,-0.004737032,0.032345,0.002259,Mixed,TRUE,FALSE,FALSE,FALSE
BEL_005_MZB_LO_233,Belgium,51.2424111,4.5022768,1173075,1991,2023,21,33,0.635716199,0.346221206,-0.289494993,-2.175382,-3.47562,-5.517738,3.884455,-4.29752,0.041249903,0.050051,0.015021,Mixed,TRUE,FALSE,FALSE,FALSE
BEL_005_MZB_LO_234,Belgium,51.3513978,5.0572186,1172945,1991,2014,11,24,0.538290672,0.500448124,-0.037842548,-1.347136,-0.468229,2.77074,0.024048,-2.734124,0.039537029,0.087128,0.029125,Mixed,TRUE,FALSE,FALSE,FALSE
BEL_005_MZB_LO_235,Belgium,51.2404947,5.1623486,1172945,1991,2011,10,21,0.544793117,0.52413364,-0.020659477,-1.068103,0.012788,3.511001,0.723973,-2.166991,0.037933491,0.117891,0.034619,Mixed,TRUE,FALSE,FALSE,FALSE
BEL_005_MZB_LO_236,Belgium,51.1920816,5.155459,1172945,1992,2010,9,19,0.584922909,0.297574855,-0.287348054,-4.801616,-6.30838,-9.199446,9.373825,-9.356133,0.142578919,0.095712,0.030934,Mixed,TRUE,FALSE,FALSE,FALSE
BEL_005_MZB_LO_237,Belgium,51.2321675,5.1642112,1172945,1993,2023,19,31,0.624284019,0.396912091,-0.227371927,-1.366954,-2.4227,-2.225139,5.858016,-3.067202,-0.038158254,0.076882,0.021351,Mixed,TRUE,FALSE,FALSE,FALSE
BEL_005_MZB_LO_238,Belgium,51.171627,4.850237,1172945,1992,2010,17,19,0.555163575,0.549054713,-0.006108862,0.37558,-0.988836,-1.512898,7.418398,0.916877,-0.026257757,0.073358,0.013201,Mixed,TRUE,FALSE,FALSE,FALSE
BEL_005_MZB_LO_239,Belgium,51.2315406,5.1490384,1172945,1993,2023,14,31,0.630906983,0.578922958,-0.051984025,-0.78857,-1.288826,-0.51297,2.496371,-1.514575,0.03376682,0.049348,0.012579,Mixed,TRUE,FALSE,FALSE,FALSE
BEL_005_MZB_LO_24,Belgium,51.0236284,5.5967907,1173482,1994,2020,7,27,0.48653226,0.723531837,0.236999577,2.916857,0.325569,0.199398,7.47442,6.152848,-0.010706228,0.071064,0.010282,Mixed,TRUE,FALSE,FALSE,FALSE
BEL_005_MZB_LO_240,Belgium,51.1332598,5.2431061,1172945,1991,2023,19,33,0.575969675,0.693885309,0.117915634,0.13595,-0.287479,-0.151437,2.66365,0.296191,0.013871859,0.014178,0.007294,Mixed,TRUE,FALSE,FALSE,FALSE
BEL_005_MZB_LO_241,Belgium,51.1165139,4.5629537,1172945,1992,2022,16,31,0.413215543,0.375430014,-0.037785529,-0.877494,-2.90373,-3.49679,13.998566,-1.492656,0.05038029,0.082845,0.022291,Mixed,TRUE,FALSE,FALSE,FALSE
BEL_005_MZB_LO_242,Belgium,51.2166318,5.5830537,1173482,1992,2022,8,31,0.541680997,0.371431642,-0.170249355,-1.184825,-4.923806,-6.464672,24.926417,-2.381909,0.028725407,0.09824,0.032175,Mixed,TRUE,FALSE,FALSE,FALSE
BEL_005_MZB_LO_243,Belgium,50.8879679,5.6793773,1173482,1996,2010,7,15,0.48899411,0.658640896,0.169646786,5.104488,0.674097,0.167899,23.242215,11.288946,0.058512558,0.11526,0.020543,Mixed,TRUE,FALSE,FALSE,FALSE
BEL_005_MZB_LO_244,Belgium,51.4715636,5.0778282,1173482,1990,2019,16,30,0.549698074,0.792589668,0.242891595,1.92003,0.533727,0.846295,6.391842,3.803937,-0.071474767,0.067997,0.007641,Mixed,TRUE,FALSE,FALSE,FALSE
BEL_005_MZB_LO_245,Belgium,51.1704317,2.965487,1172405,1996,2023,8,28,0.22788605,0.32098062,0.093094571,2.543868,0.9617,1.391784,8.387161,6.862098,0.062657425,0.069273,0.018494,Mixed,TRUE,FALSE,FALSE,FALSE
BEL_005_MZB_LO_246,Belgium,51.443968,5.0491297,1173482,1992,2020,11,29,0.498779972,0.706311707,0.207531735,2.054873,0.846725,2.552724,7.136326,4.205255,-0.025705658,0.076192,0.010294,Mixed,TRUE,FALSE,FALSE,FALSE
BEL_005_MZB_LO_250,Belgium,51.2754487,5.3464685,1173482,1989,2003,8,15,0.838937781,0.937664079,0.098726298,0.587987,1.523364,3.204952,-2.588498,1.255419,-0.018318351,0.045073,0.014248,Mixed,TRUE,FALSE,FALSE,FALSE
BEL_005_MZB_LO_251,Belgium,51.2440118,3.5172498,1171519,1989,2005,9,17,0.36730895,0.578129561,0.210820611,5.754382,1.782422,2.294329,18.631459,11.207956,-0.235345746,0.109568,0.03759,Mixed,TRUE,FALSE,FALSE,FALSE
BEL_005_MZB_LO_252,Belgium,51.2766758,5.381177,1173482,1989,2015,8,27,0.93214332,0.894299828,-0.037843493,1.972575,-0.878712,-1.42121,9.534893,4.180733,-0.013939728,0.008677,0.004718,Mixed,TRUE,FALSE,FALSE,FALSE
BEL_005_MZB_LO_253,Belgium,51.2678491,5.4283283,1173482,1989,2018,12,30,0.194130514,0.705265253,0.511134738,5.262836,5.117753,8.716981,2.652069,10.017733,-0.058408527,0.09002,0.025316,Mixed,TRUE,FALSE,FALSE,FALSE
BEL_005_MZB_LO_254,Belgium,51.1267491,2.801923,1172387,1995,2016,10,22,0.379809251,0.323403546,-0.056405705,2.047509,-2.299278,-3.714193,18.530405,4.532102,0.01491741,0.103346,0.020791,Mixed,TRUE,FALSE,FALSE,FALSE
BEL_005_MZB_LO_255,Belgium,51.0298859,2.854496,1172387,1989,2022,7,34,0.348679762,0.130405997,-0.218273764,-3.198744,-4.36002,-6.688838,10.434254,1.832545,-0.118916416,0.111733,0.028348,Mixed,TRUE,FALSE,FALSE,FALSE
BEL_005_MZB_LO_256,Belgium,50.991341,2.8171624,1172387,1995,2014,11,20,0.322239548,0.513646407,0.191406858,2.993739,0.492017,0.856161,5.479487,6.245987,-0.014485926,0.065761,0.013342,Mixed,TRUE,FALSE,FALSE,FALSE
BEL_005_MZB_LO_257,Belgium,50.9497655,2.7200107,1172387,1989,2018,12,30,0.316233116,0.756238119,0.440005003,5.75811,1.865965,3.831058,15.673025,12.191615,-0.035171188,0.062642,0.015468,Mixed,TRUE,FALSE,FALSE,FALSE
BEL_005_MZB_LO_259,Belgium,50.9121709,2.6077895,1172387,1989,2019,7,31,0.659590748,0.591620474,-0.067970274,0.338749,-1.828338,-2.89255,9.41687,1.220392,0.016898168,0.043632,0.006445,Mixed,TRUE,FALSE,FALSE,FALSE
BEL_005_MZB_LO_26,Belgium,51.0818737,5.7948891,1173482,1997,2023,7,27,0.715308831,0.668810498,-0.046498332,-0.015593,-1.280426,-2.343283,6.113694,-0.018884,0.001277314,0.063058,0.015571,Mixed,TRUE,FALSE,FALSE,FALSE
BEL_005_MZB_LO_260,Belgium,51.2271265,5.4264859,1173482,1995,2014,8,20,0.373230569,0.683022145,0.309791576,4.78856,2.309167,4.971417,4.975201,10.126079,-0.029737787,0.075463,0.018194,Mixed,TRUE,FALSE,FALSE,FALSE
BEL_005_MZB_LO_261,Belgium,51.1724977,5.4365154,1173482,1989,2019,9,31,0.188620363,0.712294542,0.523674179,6.257331,7.300437,5.662523,-0.920089,9.625219,-0.075027547,0.074455,0.024488,Mixed,TRUE,FALSE,FALSE,FALSE
BEL_005_MZB_LO_262,Belgium,50.9946807,2.8366846,1172387,1996,2018,8,23,0.448728884,0.739916021,0.291187137,2.710209,-0.233889,-0.37689,12.450565,6.093534,0.100505407,0.023214,0.00284,Mixed,TRUE,FALSE,FALSE,FALSE
BEL_005_MZB_LO_263,Belgium,51.1411803,5.4282965,1173482,1992,2019,8,28,0.132322112,0.705397477,0.573075365,7.995901,5.891831,7.754814,8.83183,8.543881,-0.024835104,0.072885,0.023128,Mixed,TRUE,FALSE,FALSE,FALSE
BEL_005_MZB_LO_264,Belgium,50.7873706,2.7408473,1172387,1990,2020,8,31,0.566233644,0.669429356,0.103195711,1.31739,-1.763079,-4.535913,10.56598,2.646307,-0.028298554,0.032339,0.003006,Mixed,TRUE,FALSE,FALSE,FALSE
BEL_005_MZB_LO_265,Belgium,50.9468729,2.7163548,1172387,1993,2017,9,25,0.222159922,0.383518605,0.161358683,4.04986,-0.451503,-1.756773,16.366036,8.919858,-0.036662864,0.002826,0.007204,Mixed,TRUE,FALSE,FALSE,FALSE
BEL_005_MZB_LO_27,Belgium,51.2683355,3.716976,1173462,2000,2013,7,14,0.44626556,0.489419087,0.043153527,0.101881,-1.051727,0.532986,4.178574,-0.058243,-0.078904353,0.098489,0.003947,Mixed,TRUE,FALSE,FALSE,FALSE
BEL_005_MZB_LO_28,Belgium,51.0334657,5.7375773,1173482,1989,2017,7,29,0.527806604,0.775778302,0.247971698,2.68101,1.043566,1.261251,5.798779,5.646546,-0.000394628,0.058497,0.005014,Mixed,TRUE,FALSE,FALSE,FALSE
BEL_005_MZB_LO_3,Belgium,51.2817698,5.4929886,1173482,1995,2023,9,29,0.503557718,0.862998785,0.359441067,2.487469,0.200086,-2.716778,6.908007,5.01831,-0.052294722,0.065752,0.015283,Mixed,TRUE,FALSE,FALSE,FALSE
BEL_005_MZB_LO_30,Belgium,50.7647405,5.7349498,1173482,1989,2021,13,33,0.379495512,0.604147074,0.224651562,2.761198,0.498185,0.601008,7.07645,5.739402,-0.021063527,0.038879,0.009383,Mixed,TRUE,FALSE,FALSE,FALSE
BEL_005_MZB_LO_31,Belgium,50.748524,5.8117606,1173482,1992,2013,7,22,0.611433447,0.685793515,0.074360068,1.945196,0.473631,0.409604,7.387277,4.027467,-0.019967051,0.040518,0.007582,Mixed,TRUE,FALSE,FALSE,FALSE
BEL_005_MZB_LO_33,Belgium,51.266143,3.686775,1173462,1992,2018,7,27,0.376744939,0.882493466,0.505748527,4.727506,3.185574,4.078417,6.815018,10.2801,0.034014405,0.028699,0.011297,Mixed,TRUE,FALSE,FALSE,FALSE
BEL_005_MZB_LO_34,Belgium,50.7520946,5.6962728,1173482,1989,2012,7,24,0.545701104,0.896930384,0.351229279,2.370904,1.040547,1.521712,4.342245,4.804885,-0.046676851,0.016012,0.000259,Mixed,TRUE,FALSE,FALSE,FALSE
BEL_005_MZB_LO_35,Belgium,50.7567717,5.7134425,1173482,1989,2017,10,29,0.545603439,0.890842311,0.345238873,1.462952,0.874671,1.547598,1.23623,2.92847,-0.041392105,0.048249,0.007108,Mixed,TRUE,FALSE,FALSE,FALSE
BEL_005_MZB_LO_36,Belgium,50.7698311,5.8628343,1173482,1989,2017,8,29,0.526715899,0.967028671,0.440312772,2.713846,1.386503,2.011672,3.595184,5.480229,-0.073858285,0.03742,0.009436,Mixed,TRUE,FALSE,FALSE,FALSE
BEL_005_MZB_LO_39,Belgium,51.2350696,3.7303556,1173462,1994,2010,7,17,0.534768324,0.823090021,0.288321697,3.148443,1.937236,4.626229,8.031359,6.750428,0.040591101,0.061105,0.013744,Mixed,TRUE,FALSE,FALSE,FALSE
BEL_005_MZB_LO_40,Belgium,51.0015982,3.724031,1174099,1993,2023,24,31,0.106802848,0.405836949,0.299034101,4.390689,0.77743,1.978561,9.979981,7.826528,0.000132261,0.067086,0.020189,Mixed,TRUE,FALSE,FALSE,FALSE
BEL_005_MZB_LO_41,Belgium,50.8934375,3.6800011,1174099,1994,2023,26,30,0.082391775,0.369055854,0.286664078,4.765225,2.305458,2.859217,4.054982,9.037524,-0.001026226,0.068151,0.023775,Mixed,TRUE,FALSE,FALSE,FALSE
BEL_005_MZB_LO_42,Belgium,50.70083,3.3523033,1174099,1990,2019,11,30,0.150087874,0.320777038,0.170689164,3.095403,-0.203118,-0.463361,14.415317,4.084039,-0.023973235,0.060697,0.006713,Mixed,TRUE,FALSE,FALSE,FALSE
BEL_005_MZB_LO_43,Belgium,51.2474778,3.7081299,1173462,1994,2005,8,12,0.614708692,0.774403056,0.159694365,1.165462,0.340547,0.859518,3.670751,2.575823,0.079443716,0.110815,0.004216,Mixed,TRUE,FALSE,FALSE,FALSE
BEL_005_MZB_LO_44,Belgium,51.221384,4.5628052,1172945,1993,2018,7,26,0.401679159,0.86487953,0.463200371,3.343096,1.010826,4.401208,8.460022,6.714085,-0.100791735,0.010916,0.009229,Mixed,TRUE,FALSE,FALSE,FALSE
BEL_005_MZB_LO_45,Belgium,51.2242584,4.5988607,1172945,1993,2004,7,12,0.654511365,0.676355635,0.02184427,-0.434542,3.623937,10.537268,-11.014845,-0.503426,0.079439615,0.03163,0.018186,Mixed,TRUE,FALSE,FALSE,FALSE
BEL_005_MZB_LO_47,Belgium,51.2829711,4.1840144,1172945,1993,2015,7,23,0.466760766,0.680193299,0.213432533,2.551931,1.126115,3.153356,6.274718,5.042454,-0.059084589,0.083772,0.007895,Mixed,TRUE,FALSE,FALSE,FALSE
BEL_005_MZB_LO_48,Belgium,51.2504498,4.1149369,1172945,1992,2015,8,24,0.259199105,0.699257179,0.440058074,7.261289,4.921386,6.835869,10.483485,8.613505,-0.033019193,0.083489,0.02058,Mixed,TRUE,FALSE,FALSE,FALSE
BEL_005_MZB_LO_5,Belgium,51.2667751,5.5556172,1173482,1989,2002,7,14,0.405769231,0.841706731,0.4359375,2.219613,9.702683,16.101197,-13.598276,4.298322,-0.114155288,0.126165,0.037967,Mixed,TRUE,FALSE,FALSE,FALSE
BEL_005_MZB_LO_50,Belgium,50.8378592,4.6431601,1172945,1994,2007,8,14,0.439491526,0.590423729,0.150932203,5.26281,3.34072,4.173754,6.065808,10.977678,-0.074912648,0.111505,0.009858,Mixed,TRUE,FALSE,FALSE,FALSE
BEL_005_MZB_LO_51,Belgium,50.8027831,4.6425436,1172945,1992,2020,14,29,0.28177684,0.5495043,0.26772746,3.510045,-0.172138,-1.039321,10.119295,7.287616,-0.047933901,0.077806,0.02428,Mixed,TRUE,FALSE,FALSE,FALSE
BEL_005_MZB_LO_55,Belgium,51.0620476,4.7879825,1172945,1993,2019,17,27,0.476619432,0.616667187,0.140047754,2.637699,1.266901,1.177414,5.380432,5.401413,-0.024446864,0.073461,0.004543,Mixed,TRUE,FALSE,FALSE,FALSE
BEL_005_MZB_LO_56,Belgium,51.0958507,4.9571204,1172945,1995,2019,18,25,0.559578974,0.672467083,0.11288811,1.742373,-1.638573,-3.360868,10.352026,3.645326,0.007415795,0.083677,0.014361,Mixed,TRUE,FALSE,FALSE,FALSE
BEL_005_MZB_LO_57,Belgium,51.1165612,4.9853023,1172945,1995,2022,10,28,0.616218359,0.836705082,0.220486723,2.209138,0.054413,0.175656,8.364349,4.70879,0.027685583,0.07599,0.014934,Mixed,TRUE,FALSE,FALSE,FALSE
BEL_005_MZB_LO_58,Belgium,51.1275504,4.9878617,1172945,1995,2019,14,25,0.693594075,0.925647789,0.232053714,2.259651,0.721664,0.975106,6.2921,4.675843,-0.010229018,0.073101,0.008857,Mixed,TRUE,FALSE,FALSE,FALSE
BEL_005_MZB_LO_59,Belgium,51.1495379,5.0259843,1172945,1991,2022,12,32,0.66929305,0.872370655,0.203077606,1.751545,0.430861,0.599506,4.932441,3.703063,0.010093301,0.063942,0.01134,Mixed,TRUE,FALSE,FALSE,FALSE
BEL_005_MZB_LO_6,Belgium,51.1717187,5.7795737,1173482,1989,2022,14,34,0.601954292,0.689167888,0.087213595,1.497472,-0.664015,-2.52162,4.034347,3.174591,0.010476193,0.027725,0.008274,Mixed,TRUE,FALSE,FALSE,FALSE
BEL_005_MZB_LO_60,Belgium,51.150317,5.1516104,1172945,1991,2019,12,29,0.558891988,0.694642283,0.135750295,2.238464,0.237119,0.731216,4.619461,4.717114,-0.008416913,0.072168,0.007665,Mixed,TRUE,FALSE,FALSE,FALSE
BEL_005_MZB_LO_61,Belgium,51.1625833,5.234506,1172945,1995,2019,11,25,0.392899785,0.790834385,0.3979346,4.395294,2.202813,4.129951,10.231658,9.172875,-0.054509514,0.076995,0.014786,Mixed,TRUE,FALSE,FALSE,FALSE
BEL_005_MZB_LO_62,Belgium,51.1375659,5.3697148,1172945,1993,2016,7,24,0.494943542,0.752348653,0.257405112,1.315029,-0.466137,-0.392087,7.964622,2.722528,-0.00469839,0.009816,0.003022,Mixed,TRUE,FALSE,FALSE,FALSE
BEL_005_MZB_LO_65,Belgium,51.184897,4.7832811,1172945,1989,2022,20,34,0.788698796,0.787688344,-0.001010452,0.177934,-1.203762,-2.624898,5.369433,0.364201,0.00188087,0.070195,0.012621,Mixed,TRUE,FALSE,FALSE,FALSE
BEL_005_MZB_LO_66,Belgium,51.1864239,4.8319105,1172945,1989,2023,19,35,0.874564267,0.779466608,-0.095097659,0.091609,-0.458997,-0.697099,2.742565,0.209785,0.007821562,0.045702,0.008665,Mixed,TRUE,FALSE,FALSE,FALSE
BEL_005_MZB_LO_67,Belgium,51.1834808,4.8486003,1172945,1989,2019,10,31,0.733992801,0.999546247,0.265553446,1.597916,0.026787,-0.062163,6.220675,3.327924,-0.001300115,0.054876,0.004448,Mixed,TRUE,FALSE,FALSE,FALSE
BEL_005_MZB_LO_68,Belgium,51.2053744,4.9269094,1172945,1989,2010,11,22,0.664729298,1.001495113,0.336765815,2.517489,2.445959,4.060383,2.768918,5.163723,-0.019767159,0.076454,0.013935,Mixed,TRUE,FALSE,FALSE,FALSE
BEL_005_MZB_LO_69,Belgium,51.2339224,4.9916385,1172945,1993,2007,10,15,0.853682083,0.889943098,0.036261015,0.341518,-2.027019,-1.422347,12.316326,0.425404,-0.129004307,0.074349,0.011831,Mixed,TRUE,FALSE,FALSE,FALSE
BEL_005_MZB_LO_7,Belgium,51.1570657,5.7922119,1173482,1989,2016,11,28,0.385603817,0.757078522,0.371474705,3.431636,3.78023,5.509545,5.5323,7.106745,-0.047674356,0.059724,0.015225,Mixed,TRUE,FALSE,FALSE,FALSE
BEL_005_MZB_LO_71,Belgium,51.2396181,5.069241,1172945,1989,2019,16,31,0.763487683,0.847094132,0.083606449,1.25494,0.507263,1.090866,2.287415,2.766716,0.020983107,0.039653,0.005343,Mixed,TRUE,FALSE,FALSE,FALSE
BEL_005_MZB_LO_72,Belgium,51.2368038,5.0828874,1172945,1994,2017,10,24,0.788960404,0.959483739,0.170523335,2.720008,0.644686,1.161246,7.610769,5.729956,-0.002347924,0.069256,0.007856,Mixed,TRUE,FALSE,FALSE,FALSE
BEL_005_MZB_LO_73,Belgium,51.2270532,5.1145335,1172945,1994,2017,8,24,0.662196602,0.930157767,0.267961165,3.462929,1.386498,2.357694,7.981663,7.449003,0.017453724,0.052067,0.004274,Mixed,TRUE,FALSE,FALSE,FALSE
BEL_005_MZB_LO_74,Belgium,51.1712784,4.6298545,1172945,2001,2020,10,20,0.752230876,0.59710167,-0.155129206,-1.190853,-2.687355,-4.756978,6.647006,-2.134864,0.095376905,0.095502,0.020556,Mixed,TRUE,FALSE,FALSE,FALSE
BEL_005_MZB_LO_75,Belgium,51.1826329,4.6486105,1172945,1991,2020,12,30,0.442696733,0.691360431,0.248663697,2.657816,0.198506,-0.457286,8.434959,5.700057,0.022900452,0.078478,0.008819,Mixed,TRUE,FALSE,FALSE,FALSE
BEL_005_MZB_LO_76,Belgium,51.2053415,4.6862499,1172945,1991,2022,12,32,0.459642829,0.651636048,0.191993219,1.553777,-1.143159,-1.544788,12.055328,3.139114,-0.039369144,0.051528,0.00475,Mixed,TRUE,FALSE,FALSE,FALSE
BEL_005_MZB_LO_77,Belgium,51.2115555,4.6982846,1172945,1991,2022,12,32,0.534498726,0.836201509,0.301702783,1.570084,0.268373,0.615124,4.549318,3.247,-0.016627534,0.074158,0.007812,Mixed,TRUE,FALSE,FALSE,FALSE
BEL_005_MZB_LO_78,Belgium,51.2426324,4.7479092,1172945,1996,2022,9,27,0.482846536,0.764595679,0.281749143,2.764083,0.47184,0.107949,8.154884,5.762356,-0.031771006,0.060272,0.011704,Mixed,TRUE,FALSE,FALSE,FALSE
BEL_005_MZB_LO_79,Belgium,51.1762521,4.6365175,1172945,1997,2022,9,26,0.840888946,0.730893657,-0.109995289,-0.342906,-1.838617,-2.726361,6.015937,-0.562665,0.026650022,0.082392,0.009034,Mixed,TRUE,FALSE,FALSE,FALSE
BEL_005_MZB_LO_80,Belgium,51.1792023,4.6316865,1172945,1996,2022,12,27,0.539069484,0.835084007,0.296014522,3.066058,1.736054,3.000277,6.004443,6.643621,0.024071717,0.063992,0.012919,Mixed,TRUE,FALSE,FALSE,FALSE
BEL_005_MZB_LO_81,Belgium,51.2426948,4.6770823,1172945,1998,2022,7,25,0.405647093,0.598277484,0.192630391,3.591567,0.406726,-0.69548,13.517951,7.743132,-0.00240077,0.087815,0.016967,Mixed,TRUE,FALSE,FALSE,FALSE
BEL_005_MZB_LO_82,Belgium,51.2061835,4.8196438,1172945,1993,2023,17,31,0.516776086,0.778662367,0.261886281,2.173555,0.031798,0.469496,7.114802,4.650259,0.005825131,0.039862,0.008831,Mixed,TRUE,FALSE,FALSE,FALSE
BEL_005_MZB_LO_83,Belgium,51.2429578,4.8724842,1172945,1994,2023,14,30,0.251017523,0.717766983,0.46674946,5.696815,1.754803,0.436457,11.587428,8.596691,-0.032588318,0.066349,0.017818,Mixed,TRUE,FALSE,FALSE,FALSE
BEL_005_MZB_LO_84,Belgium,51.3001985,4.9355036,1172945,1994,2023,11,30,0.184124419,0.48838546,0.304261041,4.786475,1.899948,1.179244,7.015085,7.086339,0.024919865,0.031253,0.008711,Mixed,TRUE,FALSE,FALSE,FALSE
BEL_005_MZB_LO_85,Belgium,51.3131766,4.961406,1172945,1994,2022,9,29,0.338114246,0.711470452,0.373356206,4.778014,0.58468,0.831562,14.744027,10.764496,0.026853155,0.019195,0.012867,Mixed,TRUE,FALSE,FALSE,FALSE
BEL_005_MZB_LO_86,Belgium,51.3169357,4.9734449,1172945,1994,2023,8,30,0.557598449,0.588955787,0.031357338,1.631145,-1.287177,-1.310929,10.707615,3.499981,0.020568128,0.046851,0.005583,Mixed,TRUE,FALSE,FALSE,FALSE
BEL_005_MZB_LO_88,Belgium,51.2309253,4.8479584,1172945,1994,2023,12,30,0.465992318,0.758199675,0.292207357,3.309643,-0.592036,-2.73384,11.856193,6.789469,-0.037488121,0.062477,0.010773,Mixed,TRUE,FALSE,FALSE,FALSE
BEL_005_MZB_LO_89,Belgium,51.2319646,4.8746416,1172945,1991,2023,14,33,0.571535224,0.661322098,0.089786874,0.813542,-1.338412,-3.677459,7.768948,1.70576,-0.000371109,0.044366,0.007988,Mixed,TRUE,FALSE,FALSE,FALSE
BEL_005_MZB_LO_90,Belgium,51.2076106,3.8031094,1174099,1999,2018,8,20,0.240996905,0.309207447,0.068210542,1.52499,-1.296401,0.787857,20.083702,3.223888,-0.04109349,0.022255,0.028036,Mixed,TRUE,FALSE,FALSE,FALSE
BEL_005_MZB_LO_91,Belgium,51.2362582,4.9018789,1172945,1991,2023,11,33,0.552667118,0.576254712,0.023587594,1.063646,-0.869799,-1.305271,9.719792,2.348323,0.029557754,0.023158,0.002386,Mixed,TRUE,FALSE,FALSE,FALSE
BEL_005_MZB_LO_92,Belgium,51.1965685,4.9186207,1172945,1994,2017,8,24,0.743952096,0.847934132,0.103982036,1.430687,0.092246,1.511073,7.350486,2.839169,-0.048105455,0.054228,0.011978,Mixed,TRUE,FALSE,FALSE,FALSE
BEL_005_MZB_LO_93,Belgium,51.2116575,4.9847577,1172945,1995,2017,7,23,0.794361554,0.856575295,0.06221374,0.375954,-1.063898,-1.443546,5.423638,0.671928,-0.041676787,0.037907,0.001676,Mixed,TRUE,FALSE,FALSE,FALSE
BEL_005_MZB_LO_94,Belgium,51.2468029,5.0084957,1172945,1989,2023,17,35,0.700677226,0.712086712,0.011409485,0.226968,-0.502816,-1.23366,5.169168,0.550493,-0.006503512,0.061676,0.009511,Mixed,TRUE,FALSE,FALSE,FALSE
BEL_005_MZB_LO_95,Belgium,51.303294,5.0614963,1172945,1997,2023,10,27,0.625936804,0.832619093,0.206682289,2.496231,-0.336598,-1.09759,11.707668,5.233783,-0.009671256,0.04642,0.002346,Mixed,TRUE,FALSE,FALSE,FALSE
BEL_005_MZB_LO_96,Belgium,51.3110535,5.0717515,1172945,1997,2023,7,27,0.665106952,0.630658493,-0.034448459,0.588072,-1.281186,-3.208321,7.262311,1.176462,-0.017114705,0.002942,0.005339,Mixed,TRUE,FALSE,FALSE,FALSE
BEL_005_MZB_LO_98,Belgium,51.2477946,5.0062894,1172945,1994,2023,8,30,0.756179775,0.862078652,0.105898876,1.121647,-0.30269,-0.132755,4.739639,2.285499,-0.013203615,0.04639,9.40E-05,Mixed,TRUE,FALSE,FALSE,FALSE
BGR_006_MZB_LO_4,Bulgaria,44.15406,22.62678,1291835,2010,2019,8,10,0.452439024,0.397560976,-0.054878049,-2.281821,-0.193387,-3.100543,-3.111046,NA,NA,0.005167,0.07442,Mixed,FALSE,FALSE,FALSE,FALSE
BGR_006_MZB_LO_5,Bulgaria,43.45111,24.56,1291835,2010,2019,7,10,0.416494846,0.41185567,-0.004639175,-1.190449,-0.932213,-1.405823,-1.729237,-0.956239,0.010628932,0.128186,0.074299,Mixed,FALSE,FALSE,FALSE,FALSE
BGR_006_MZB_LO_6,Bulgaria,43.63347,24.69756,1291835,2010,2019,7,10,0.491344559,0.643445244,0.152100685,5.487358,4.996637,6.963365,-5.732457,12.773861,0.146750846,0.154717,0.044137,Mixed,FALSE,FALSE,FALSE,FALSE
BGR_006_MZB_LO_7,Bulgaria,42.92706,24.23892,1291835,2010,2019,9,10,0.802916667,0.889166667,0.08625,2.223407,2.731369,3.294476,-8.101748,4.864454,0.089153173,0.12326,0.022503,Mixed,FALSE,FALSE,FALSE,FALSE
BGR_006_MZB_LO_8,Bulgaria,42.84134,24.37385,1291835,2010,2019,8,10,1.016633129,0.898223118,-0.118410012,-0.341508,0.692191,2.939749,-7.892871,-0.309605,0.101092241,0.031304,0.000664,Mixed,FALSE,FALSE,FALSE,FALSE
BGR_008_MZB_LO_1,Bulgaria,41.76761,23.42656,1268430,1986,2011,8,26,0.877135739,0.871468029,-0.00566771,-0.716292,-1.12048,-0.456252,4.5247,-1.669121,0.008845721,0.069729,0.012793,Mixed,FALSE,FALSE,FALSE,FALSE
BGR_008_MZB_LO_2,Bulgaria,41.88705,23.57172,1268430,1979,2010,9,32,0.939298115,0.901993848,-0.037304268,1.054024,0.165328,-0.008319,3.998429,2.472102,0.034448421,0.010327,0.001283,Mixed,FALSE,FALSE,FALSE,FALSE
BGR_008_MZB_LO_3,Bulgaria,41.70987,23.70255,1268430,1979,2011,11,33,0.823233144,0.838541249,0.015308105,1.10021,1.737274,3.549327,-6.112752,2.180844,-0.020341625,0.044911,0.01322,Mixed,FALSE,FALSE,FALSE,FALSE
CHE_040_MZB_LO_5,Switzerland,47.40259,8.60363,1173482,1995,2018,8,24,0.304419355,0.33720363,0.032784275,4.033857,1.077177,-0.251259,9.735021,8.26813,-0.036063936,0.069597,0.005296,Mixed,TRUE,FALSE,TRUE,FALSE
CYP_009_MZB_LO_3,Cyprus,34.854523,32.663604,1609802,2008,2019,7,12,0.972430876,0.855511521,-0.116919355,0.150103,0.341488,-3.363622,-6.266942,-2.089913,0.010747488,0.064491,0.008495,Family,TRUE,FALSE,TRUE,FALSE
CZE_003_MZB_LO_1,Czech Republic,50.57255748,15.63902471,1294020,2007,2021,13,15,0.603294518,0.608692014,0.005397495,4.569642,6.936582,12.729957,-11.152654,9.707874,-0.178858532,0.128999,0.01139,Mixed,TRUE,TRUE,TRUE,TRUE
CZE_003_MZB_LO_100,Czech Republic,50.87607497,15.21458559,1294020,2008,2020,7,13,0.630777042,0.744723774,0.113946732,5.397007,0.371589,0.917548,27.115361,11.527948,0.01271114,0.058225,0.001448,Mixed,TRUE,TRUE,TRUE,TRUE
CZE_003_MZB_LO_101,Czech Republic,51.0132568,15.09095485,1294020,2008,2020,7,13,0.503941555,0.748169218,0.244227662,4.394041,2.740715,-0.091187,15.839621,10.132789,-0.105810372,0.092195,0.026987,Mixed,TRUE,TRUE,TRUE,TRUE
CZE_003_MZB_LO_103,Czech Republic,50.44908187,16.20009091,1294020,2010,2019,7,10,0.515876452,0.548486766,0.032610314,4.805851,2.740929,-5.347888,21.274617,9.933064,-0.040847057,0.038711,0.0088,Mixed,TRUE,TRUE,TRUE,TRUE
CZE_003_MZB_LO_104,Czech Republic,50.9936828,15.23822017,1293495,2008,2020,7,13,0.5692479,0.634564587,0.065316687,4.08246,2.543582,-4.553788,3.190496,7.757488,-0.094682309,0.064645,0.024985,Mixed,TRUE,TRUE,TRUE,TRUE
CZE_003_MZB_LO_105,Czech Republic,50.19688819,15.9840583,1294020,2007,2020,8,14,0.350611399,0.324075505,-0.026535894,2.291471,0.230192,-1.30032,10.931518,4.768914,-0.097693152,0.070307,0.02064,Mixed,TRUE,TRUE,TRUE,TRUE
CZE_003_MZB_LO_106,Czech Republic,50.0081453,15.28529211,1294020,2007,2021,7,15,0.451536399,0.420699058,-0.030837341,0.371581,-0.550641,-4.073635,5.183322,0.86005,0.013843258,0.066706,0.020314,Mixed,TRUE,TRUE,TRUE,TRUE
CZE_003_MZB_LO_107,Czech Republic,50.19180085,15.49531897,1294020,2007,2021,7,15,0.414197822,0.460263158,0.046065336,4.067036,3.907093,5.769658,2.837382,8.489029,-0.065623558,0.072726,0.009064,Mixed,TRUE,TRUE,TRUE,TRUE
CZE_003_MZB_LO_108,Czech Republic,50.18288097,15.04171505,1294020,2007,2021,13,15,0.495126322,0.352891724,-0.142234599,-1.054806,-0.139149,-0.28841,-9.651195,-2.184283,0.056800538,0.043885,0.029098,Mixed,TRUE,TRUE,TRUE,TRUE
CZE_003_MZB_LO_109,Czech Republic,50.35612549,15.93130882,1294020,2006,2020,9,15,0.637981609,0.309599182,-0.328382427,-3.383492,0.238738,0.05492,-13.456975,-4.544289,0.142164575,0.12994,0.026499,Mixed,TRUE,TRUE,TRUE,TRUE
CZE_003_MZB_LO_11,Czech Republic,50.5505202,16.40376653,1293495,2006,2020,9,15,0.510749724,0.636062845,0.12531312,2.3083,2.897719,4.83657,1.89808,5.418693,-0.09959235,0.067641,0.02734,Mixed,TRUE,TRUE,TRUE,TRUE
CZE_003_MZB_LO_110,Czech Republic,50.16242653,14.79519707,1294020,2007,2021,7,15,0.384288682,0.516618973,0.132330291,2.575986,3.379864,2.188346,-4.70876,4.912935,-0.040826724,0.031143,0.003195,Mixed,TRUE,TRUE,TRUE,TRUE
CZE_003_MZB_LO_111,Czech Republic,50.7919328,14.23335471,1294020,2007,2021,13,15,0.445790894,0.334483379,-0.111307514,-1.446897,-0.187567,-0.010876,-4.34853,-3.413755,0.02408762,0.046163,0.001517,Mixed,TRUE,TRUE,TRUE,TRUE
CZE_003_MZB_LO_112,Czech Republic,50.41871323,16.18639929,1294020,2007,2020,8,14,0.58906962,0.535835443,-0.053234177,1.961727,2.031103,0.010559,-4.837456,4.097502,0.005134357,0.046883,0.008096,Mixed,TRUE,TRUE,TRUE,TRUE
CZE_003_MZB_LO_114,Czech Republic,50.34530146,16.15348034,1294020,2007,2020,7,14,0.341575252,0.709763576,0.368188324,6.354267,5.218218,6.654349,11.123207,11.743162,-0.090089327,0.160601,0.028622,Mixed,TRUE,TRUE,TRUE,TRUE
CZE_003_MZB_LO_115,Czech Republic,50.21909236,15.83213424,1294020,2007,2021,7,15,0.21101126,0.18994835,-0.02106291,0.086589,0.970882,2.18635,-1.503723,-0.184733,-0.046915009,0.06669,0.019311,Mixed,TRUE,TRUE,TRUE,TRUE
CZE_003_MZB_LO_116,Czech Republic,50.29266618,16.05745636,1294020,2007,2020,7,14,0.273786686,0.424672996,0.15088631,4.74689,4.384732,6.347099,7.253772,9.205006,-0.056619326,0.048665,0.022913,Mixed,TRUE,TRUE,TRUE,TRUE
CZE_003_MZB_LO_117,Czech Republic,50.5699236,16.41866632,1293495,2010,2019,7,10,0.528906095,0.452145813,-0.076760281,-0.998387,-1.01388,-8.278418,-1.084546,-2.487319,0.094865908,0.132472,0.027717,Mixed,TRUE,TRUE,TRUE,TRUE
CZE_003_MZB_LO_118,Czech Republic,50.28689324,16.0596079,1294020,2007,2020,7,14,0.400655493,0.496799814,0.09614432,0.653891,-0.121388,-1.572133,6.739511,1.331349,-0.08394927,0.001229,0.02416,Mixed,TRUE,TRUE,TRUE,TRUE
CZE_003_MZB_LO_119,Czech Republic,50.37379243,15.54493556,1294020,2007,2021,7,15,0.37976392,0.463648599,0.083884679,3.347511,1.68405,5.66159,9.389414,6.803299,-0.139533012,0.074416,0.022759,Mixed,TRUE,TRUE,TRUE,TRUE
CZE_003_MZB_LO_12,Czech Republic,50.03682987,15.90676822,1294020,2007,2020,7,14,0.475474798,0.427366935,-0.048107863,2.428038,2.465492,2.533371,6.063175,4.64755,-0.006341998,0.080487,0.016997,Mixed,TRUE,TRUE,TRUE,TRUE
CZE_003_MZB_LO_120,Czech Republic,50.34143811,15.92627262,1294020,2006,2020,9,15,0.615481808,0.52114774,-0.094334068,-0.565143,-2.020041,-1.823566,12.947096,-1.064411,0.022605519,0.068012,0.015543,Mixed,TRUE,TRUE,TRUE,TRUE
CZE_003_MZB_LO_122,Czech Republic,50.21322738,15.82752313,1294020,2007,2021,13,15,0.437170062,0.353232669,-0.083937393,-0.238753,-1.258821,-0.969429,3.434121,-0.657668,-0.045586514,0.039922,0.013735,Mixed,TRUE,TRUE,TRUE,TRUE
CZE_003_MZB_LO_123,Czech Republic,50.12210368,16.14659306,1294020,2006,2020,9,15,0.717657111,0.521178611,-0.196478501,-0.321803,0.480254,0.823623,-2.546642,-5.002833,0.090842423,0.100132,0.018148,Mixed,TRUE,TRUE,TRUE,TRUE
CZE_003_MZB_LO_13,Czech Republic,50.014901,15.79641819,1294020,2006,2020,8,15,0.464747369,0.344724954,-0.120022416,4.039727,5.918735,8.210737,-4.701267,9.181269,-0.059799857,0.042246,0.018947,Mixed,TRUE,TRUE,TRUE,TRUE
CZE_003_MZB_LO_132,Czech Republic,50.1239632,16.07618919,1294020,2006,2020,9,15,0.638907387,0.401115766,-0.237791621,-0.457114,-0.502133,-3.609099,-0.210251,0.117487,0.142913944,0.074048,0.026412,Mixed,TRUE,TRUE,TRUE,TRUE
CZE_003_MZB_LO_133,Czech Republic,49.85367833,15.75470255,1294020,2007,2020,7,14,0.480454017,0.687714986,0.207260969,4.848914,4.35023,9.623629,11.445973,12.522281,-0.049716044,0.108901,0.02484,Mixed,TRUE,TRUE,TRUE,TRUE
CZE_003_MZB_LO_134,Czech Republic,48.68709791,16.98853908,1291835,2006,2019,11,14,0.584303136,0.643284407,0.058981271,4.492663,-0.933937,-2.953422,26.57446,8.141547,0.044460299,0.113866,0.026201,Mixed,TRUE,TRUE,TRUE,TRUE
CZE_003_MZB_LO_135,Czech Republic,48.72351986,16.88533016,1291835,2007,2019,10,13,0.5642826,0.587075211,0.022792612,3.456088,1.572097,-2.406306,9.895708,6.255949,0.037446612,0.119856,0.024219,Mixed,TRUE,TRUE,TRUE,TRUE
CZE_003_MZB_LO_136,Czech Republic,49.52995773,17.27046239,1291835,2007,2020,9,14,0.551398275,0.434572734,-0.11682554,0.854631,-4.27465,-5.468669,25.628889,2.431966,0.042465443,0.107315,0.014468,Mixed,TRUE,TRUE,TRUE,TRUE
CZE_003_MZB_LO_138,Czech Republic,49.7182565,17.16261645,1291835,2006,2019,7,14,0.481373491,0.382589223,-0.098784268,1.512296,0.445772,-3.037471,7.491114,1.613015,0.024594861,0.104532,0.022767,Mixed,TRUE,TRUE,TRUE,TRUE
CZE_003_MZB_LO_143,Czech Republic,49.04673627,17.42642239,1291835,2006,2020,7,15,0.341999115,0.403958407,0.061959292,5.564913,-4.475173,-6.236334,41.021052,10.441602,-0.018592362,0.040029,0.021629,Mixed,TRUE,TRUE,TRUE,TRUE
CZE_003_MZB_LO_144,Czech Republic,48.95029145,16.61822029,1291835,2006,2021,12,16,0.557485874,0.610809906,0.053324032,0.948268,-1.964344,-5.476575,13.80288,0.451472,-0.044577099,0.079841,0.021323,Mixed,TRUE,TRUE,TRUE,TRUE
CZE_003_MZB_LO_146,Czech Republic,48.92785934,16.5724988,1291835,2006,2021,12,16,0.665102332,0.567344914,-0.097757418,0.214689,-5.074689,-12.518025,20.198178,-0.148546,0.015614694,0.089887,0.034597,Mixed,TRUE,TRUE,TRUE,TRUE
CZE_003_MZB_LO_147,Czech Republic,49.11100822,16.3523961,1291835,2006,2019,7,14,0.601757414,0.607043806,0.005286391,3.929285,1.777087,-0.17385,22.991011,6.745722,-0.133218642,0.087948,0.008226,Mixed,TRUE,TRUE,TRUE,TRUE
CZE_003_MZB_LO_148,Czech Republic,48.74375889,16.38137507,1291835,2008,2021,12,14,0.653489091,0.54449273,-0.10899636,-1.561016,-3.858323,-8.28924,14.393625,-3.075042,-0.073537386,0.08378,0.026846,Mixed,TRUE,TRUE,TRUE,TRUE
CZE_003_MZB_LO_15,Czech Republic,50.12727356,15.24186129,1294020,2006,2017,7,12,0.379651685,0.304521067,-0.075130618,-3.153083,-0.477475,0.462625,-6.085973,-6.556087,-0.006683092,0.037114,0.01522,Mixed,TRUE,TRUE,TRUE,TRUE
CZE_003_MZB_LO_150,Czech Republic,49.09361145,16.62000282,1291835,2006,2019,7,14,0.569125474,0.529986501,-0.039138974,2.560424,-4.149345,-9.151946,37.407606,3.742494,-0.049223375,0.114286,0.032582,Mixed,TRUE,TRUE,TRUE,TRUE
CZE_003_MZB_LO_151,Czech Republic,49.1476552,16.63098265,1291835,2006,2019,7,14,0.691067916,0.53368267,-0.157385246,1.314732,0.483852,-0.647693,6.221637,2.265493,-0.001541237,0.08193,0.011484,Mixed,TRUE,TRUE,TRUE,TRUE
CZE_003_MZB_LO_152,Czech Republic,49.20943828,15.99182505,1291835,2006,2021,7,16,0.491489499,0.46885622,-0.02263328,2.850395,-2.302052,-8.007545,24.912054,4.568382,-0.149203934,0.067882,0.020369,Mixed,TRUE,TRUE,TRUE,TRUE
CZE_003_MZB_LO_153,Czech Republic,48.90338199,15.69137536,1291835,2006,2021,12,16,0.577552308,0.556990769,-0.020561538,2.371325,-1.315823,-3.811402,21.465678,3.720592,0.052443653,0.0649,0.016683,Mixed,TRUE,TRUE,TRUE,TRUE
CZE_003_MZB_LO_156,Czech Republic,49.42821913,17.32867865,1291835,2008,2020,10,13,0.343134267,0.529395165,0.186260898,6.688108,-1.2379,-5.106505,34.644975,13.356816,-0.11856329,0.009734,0.015551,Mixed,TRUE,TRUE,TRUE,TRUE
CZE_003_MZB_LO_157,Czech Republic,48.96342346,15.46408797,1291835,2006,2021,11,16,0.518062404,0.569662935,0.051600531,5.371579,-0.367669,-3.365486,29.058646,11.187639,-0.058461027,0.030589,0.004561,Mixed,TRUE,TRUE,TRUE,TRUE
CZE_003_MZB_LO_16,Czech Republic,50.15973484,15.01092226,1294020,2007,2021,7,15,0.461470187,0.455834332,-0.005635855,-0.384315,-2.717017,-4.090538,6.809103,-0.099608,-0.00105825,0.013535,0.001287,Mixed,TRUE,TRUE,TRUE,TRUE
CZE_003_MZB_LO_161,Czech Republic,49.25338522,16.45874616,1291835,2002,2019,8,18,0.476068281,0.503940453,0.027872171,1.432868,-0.250511,-4.902752,7.690139,1.936047,0.019067377,0.006026,0.00769,Mixed,TRUE,TRUE,TRUE,TRUE
CZE_003_MZB_LO_162,Czech Republic,49.40704419,16.63375225,1291835,2002,2018,7,17,0.185070218,0.248121065,0.063050847,4.10505,2.393643,-0.506778,7.281984,7.984136,-0.014821061,0.043762,0.00621,Mixed,TRUE,TRUE,TRUE,TRUE
CZE_003_MZB_LO_166,Czech Republic,48.9572644,17.09420143,1291835,2002,2021,8,20,0.290677506,0.342301066,0.05162356,3.562245,4.457584,0.897115,-4.993984,6.603263,-0.00909013,0.050547,0.007656,Mixed,TRUE,TRUE,TRUE,TRUE
CZE_003_MZB_LO_169,Czech Republic,48.99129647,15.35892567,1291835,2002,2019,9,18,0.163853448,0.279482759,0.11562931,8.650267,5.552283,-1.164811,8.862325,17.277054,-0.053505677,0.037597,0.012819,Mixed,TRUE,TRUE,TRUE,TRUE
CZE_003_MZB_LO_17,Czech Republic,50.20477533,14.9512781,1294020,2007,2021,7,15,0.242945554,0.379578947,0.136633394,4.345368,4.349214,2.303863,-2.176358,7.72919,-0.097094077,0.000824,0.011846,Mixed,TRUE,TRUE,TRUE,TRUE
CZE_003_MZB_LO_170,Czech Republic,49.27495799,17.39510324,1291835,2002,2021,8,20,0.262003582,0.322109411,0.060105828,2.264022,1.550065,-2.481346,0.768568,4.722299,0.06106763,0.003427,0.009084,Mixed,TRUE,TRUE,TRUE,TRUE
CZE_003_MZB_LO_171,Czech Republic,49.21844042,17.50326076,1291835,2002,2021,9,20,0.247157717,0.318301771,0.071144054,4.275433,2.05041,1.747842,3.528719,9.180577,0.021914445,0.062491,0.007144,Mixed,TRUE,TRUE,TRUE,TRUE
CZE_003_MZB_LO_173,Czech Republic,49.43547454,17.1836033,1291835,2002,2018,7,17,0.123440678,0.188932203,0.065491525,4.576244,4.354811,-1.817219,0.861977,9.285263,-0.048435277,0.064458,0.009849,Mixed,TRUE,TRUE,TRUE,TRUE
CZE_003_MZB_LO_174,Czech Republic,49.32455577,17.14889994,1291835,2002,2020,9,19,0.147919481,0.23467013,0.086750649,4.83646,0.82855,-3.910615,8.390205,9.798791,-0.005470375,0.048546,0.016609,Mixed,TRUE,TRUE,TRUE,TRUE
CZE_003_MZB_LO_18,Czech Republic,50.85459779,14.82365115,1294020,2006,2021,14,16,0.538205177,0.628503225,0.090298049,2.481388,3.02696,2.367439,0.752499,5.495807,-0.15917481,0.055387,0.013699,Mixed,TRUE,TRUE,TRUE,TRUE
CZE_003_MZB_LO_185,Czech Republic,49.45827714,17.78787269,1291835,2002,2020,9,19,0.354198312,0.532070702,0.17787239,4.226938,3.650062,0.994669,-0.233329,7.528079,-0.058767069,0.02389,0.010363,Mixed,TRUE,TRUE,TRUE,TRUE
CZE_003_MZB_LO_186,Czech Republic,49.21064637,17.5629539,1291835,2002,2021,9,20,0.278562,0.2558,-0.022762,2.11135,-3.213183,-3.147054,14.030944,2.503093,-0.031732089,0.0422,0.025499,Mixed,TRUE,TRUE,TRUE,TRUE
CZE_003_MZB_LO_19,Czech Republic,51.01468971,15.03316344,1294020,2006,2021,8,16,0.629971259,0.530825833,-0.099145426,-2.575507,-3.598671,-9.66975,3.349631,-4.005548,0.099209594,0.067013,0.024305,Mixed,TRUE,TRUE,TRUE,TRUE
CZE_003_MZB_LO_196,Czech Republic,49.27420544,17.0024418,1291835,2002,2017,8,16,0.167389522,0.24505467,0.077665147,2.051058,2.314182,-2.67812,3.909214,4.355512,-0.033557559,0.02893,0.00419,Mixed,TRUE,TRUE,TRUE,TRUE
CZE_003_MZB_LO_197,Czech Republic,49.14869786,17.08254676,1291835,2002,2018,7,17,0.178630751,0.271891372,0.093260621,1.063058,0.630786,1.088405,1.102888,1.882789,-0.019236745,0.040208,0.009164,Mixed,TRUE,TRUE,TRUE,TRUE
CZE_003_MZB_LO_2,Czech Republic,50.20656295,15.9559127,1294020,2007,2020,8,14,0.636009116,0.333932641,-0.302076475,-3.469271,-2.389979,-4.71138,-12.79818,-6.68295,0.072812624,0.137984,0.026449,Mixed,TRUE,TRUE,TRUE,TRUE
CZE_003_MZB_LO_209,Czech Republic,48.82971357,16.47498081,1291835,2010,2021,9,12,0.565070185,0.574134475,0.00906429,0.047977,-1.713189,0.74858,14.329526,-1.83969,-0.092989915,0.108436,0.009834,Mixed,TRUE,TRUE,TRUE,TRUE
CZE_003_MZB_LO_21,Czech Republic,50.49557756,15.73354444,1294020,2006,2021,14,16,0.701558553,0.55771558,-0.143842973,-0.411945,0.333464,-1.814294,-4.683764,-0.993801,-0.018101019,0.076397,0.010379,Mixed,TRUE,TRUE,TRUE,TRUE
CZE_003_MZB_LO_22,Czech Republic,50.09477367,15.80666466,1294020,2006,2021,14,16,0.589756634,0.580217056,-0.009539578,3.337632,2.449326,2.224822,4.996154,7.729831,0.011359071,0.074922,0.004504,Mixed,TRUE,TRUE,TRUE,TRUE
CZE_003_MZB_LO_23,Czech Republic,50.31143045,14.49614277,1294020,2007,2021,13,15,0.512237088,0.29193964,-0.220297449,-0.807535,-2.491443,-1.823358,2.503972,-0.580287,0.021823652,0.113681,0.024436,Mixed,TRUE,TRUE,TRUE,TRUE
CZE_003_MZB_LO_24,Czech Republic,50.24877117,14.77539907,1294020,2006,2019,7,14,0.631535258,0.350150667,-0.281384591,0.693271,0.834802,-0.642768,2.893584,2.412775,-0.058993592,0.137417,0.031332,Mixed,TRUE,TRUE,TRUE,TRUE
CZE_003_MZB_LO_241,Czech Republic,49.03585823,18.05124766,1291835,2006,2021,15,16,0.637706449,0.632373534,-0.005332915,1.762241,-1.473001,-2.482405,12.183349,3.395043,-0.052525105,0.024186,0.009676,Mixed,TRUE,TRUE,TRUE,TRUE
CZE_003_MZB_LO_26,Czech Republic,50.17728777,15.54775453,1294020,2007,2021,7,15,0.314139746,0.393947368,0.079807623,3.539463,3.665529,4.732445,3.895458,7.215928,-0.151545151,0.101027,0.026633,Mixed,TRUE,TRUE,TRUE,TRUE
CZE_003_MZB_LO_273,Czech Republic,49.66354302,17.98235706,1293495,2007,2017,9,11,0.490505164,0.546322007,0.055816843,1.745066,0.275902,0.155355,15.393268,4.166752,-0.084323498,0.04553,0.008461,Mixed,TRUE,TRUE,TRUE,TRUE
CZE_003_MZB_LO_274,Czech Republic,49.81975952,18.21699625,1293495,2006,2021,15,16,0.355168589,0.56324068,0.208072091,2.78742,2.625348,5.874945,12.229687,6.187657,-0.06512694,0.067615,0.023147,Mixed,TRUE,TRUE,TRUE,TRUE
CZE_003_MZB_LO_275,Czech Republic,49.65481319,17.98548065,1293495,2007,2021,11,15,0.319986821,0.391889621,0.071902801,4.657397,4.660745,9.429695,0.275782,9.011361,-0.028029646,0.039375,0.009413,Mixed,TRUE,TRUE,TRUE,TRUE
CZE_003_MZB_LO_276,Czech Republic,49.73508572,18.16470085,1293495,2007,2019,10,13,0.501044044,0.485603285,-0.01544076,4.15049,4.530751,5.230656,1.211714,9.504491,0.055493579,0.010716,0.006579,Mixed,TRUE,TRUE,TRUE,TRUE
CZE_003_MZB_LO_277,Czech Republic,49.72631196,18.13014243,1293495,2007,2019,8,13,0.255115946,0.403338279,0.148222333,1.970288,2.604391,12.376738,0.162087,2.727748,-0.06255538,0.005101,0.053139,Mixed,TRUE,TRUE,TRUE,TRUE
CZE_003_MZB_LO_278,Czech Republic,49.61697702,17.92075035,1293495,2007,2019,7,13,0.287233299,0.292371596,0.005138297,4.594439,3.729177,12.000414,8.316621,9.250313,-0.096570946,0.107612,0.039708,Mixed,TRUE,TRUE,TRUE,TRUE
CZE_003_MZB_LO_281,Czech Republic,49.69517976,18.06391932,1293495,2007,2019,8,13,0.392731523,0.39103161,-0.001699913,1.172738,0.350689,2.420611,8.708543,2.319634,-0.011405709,0.016186,0.006816,Mixed,TRUE,TRUE,TRUE,TRUE
CZE_003_MZB_LO_282,Czech Republic,49.73122639,18.1842203,1293495,2007,2019,7,13,0.287788864,0.498098702,0.210309838,6.277603,6.088589,10.064606,5.817715,15.481222,-0.126376138,0.110338,0.042857,Mixed,TRUE,TRUE,TRUE,TRUE
CZE_003_MZB_LO_291,Czech Republic,50.51556854,14.1535199,1294020,2006,2020,11,15,0.519349349,0.37115468,-0.148194669,-2.178234,-3.930704,-7.81547,11.64124,-4.090456,0.121645859,0.104896,0.018179,Mixed,TRUE,TRUE,TRUE,TRUE
CZE_003_MZB_LO_296,Czech Republic,50.65766231,14.04092542,1294020,2006,2018,7,13,0.468767656,0.604954063,0.136186407,4.593718,0.156958,-0.293853,32.886643,8.148363,-0.099360794,0.157066,0.031428,Mixed,TRUE,TRUE,TRUE,TRUE
CZE_003_MZB_LO_3,Czech Republic,50.36706581,15.91120085,1294020,2007,2021,13,15,0.442293561,0.299541336,-0.142752225,-2.553608,-3.132528,-3.482487,8.164708,-5.49402,-0.071935572,0.070362,0.007013,Mixed,TRUE,TRUE,TRUE,TRUE
CZE_003_MZB_LO_306,Czech Republic,50.31231787,12.89581569,1294020,2003,2017,7,15,0.443247961,0.565459446,0.122211485,4.638756,-0.268266,-2.09483,9.294416,9.355626,-0.003589484,0.077861,0.0288,Mixed,TRUE,TRUE,TRUE,TRUE
CZE_003_MZB_LO_309,Czech Republic,50.41123481,14.07799316,1294020,2006,2020,7,15,0.254167612,0.274766755,0.020599143,-3.27171,-2.164249,0.930561,-6.50242,-7.429545,0.030570184,0.000447,0.003967,Mixed,TRUE,TRUE,TRUE,TRUE
CZE_003_MZB_LO_31,Czech Republic,50.16074161,15.81065858,1294020,2007,2021,11,15,0.501939659,0.381458536,-0.120481123,1.317653,2.002395,2.941985,-5.671673,3.450841,0.05610938,0.084886,0.020583,Mixed,TRUE,TRUE,TRUE,TRUE
CZE_003_MZB_LO_311,Czech Republic,50.50261507,14.08627533,1294020,2002,2019,10,18,0.325533021,0.353023386,0.027490365,4.070076,-1.977683,-7.686059,21.086261,8.166777,-0.040225089,0.092484,0.0386,Mixed,TRUE,TRUE,TRUE,TRUE
CZE_003_MZB_LO_313,Czech Republic,50.3182865,14.44112515,1294020,2006,2015,10,10,0.477348814,0.65751245,0.180163636,7.33692,3.784263,4.724182,31.153723,14.746527,-0.028212321,0.098415,0.014581,Mixed,TRUE,TRUE,TRUE,TRUE
CZE_003_MZB_LO_321,Czech Republic,49.23821232,14.13760466,1294020,2006,2021,7,16,0.553030172,0.574172414,0.021142241,1.899334,0.325358,1.98437,4.060431,4.442689,0.040461376,0.000205,0.000621,Mixed,TRUE,TRUE,TRUE,TRUE
CZE_003_MZB_LO_323,Czech Republic,49.87891459,14.42751883,1294020,2006,2020,7,15,0.687098847,0.700856672,0.013757825,1.028831,0.379886,3.346905,12.078327,0.943827,-0.01731132,0.074389,0.012413,Mixed,TRUE,TRUE,TRUE,TRUE
CZE_003_MZB_LO_325,Czech Republic,49.75081135,13.37662867,1294020,2006,2020,7,15,0.429629865,0.79294363,0.363313765,6.365996,3.446137,1.643732,19.297968,11.613392,-0.179544875,0.095347,0.023796,Mixed,TRUE,TRUE,TRUE,TRUE
CZE_003_MZB_LO_327,Czech Republic,49.7197798,13.39251248,1294020,2006,2016,7,11,0.610578397,0.68484669,0.074268293,2.700532,2.118801,3.229292,20.933374,4.497238,-0.1183394,0.080369,0.02129,Mixed,TRUE,TRUE,TRUE,TRUE
CZE_003_MZB_LO_328,Czech Republic,49.75748754,13.41221573,1294020,2006,2019,8,14,0.484896975,0.504816844,0.019919869,1.745922,1.616829,4.648452,6.025343,2.591447,-0.143241492,0.105471,0.03183,Mixed,TRUE,TRUE,TRUE,TRUE
CZE_003_MZB_LO_329,Czech Republic,49.77306953,13.44361161,1294020,2007,2021,7,15,0.480595651,0.549333104,0.068737453,1.919431,1.954543,5.691081,-2.72189,3.26729,0.092960877,0.062599,0.02631,Mixed,TRUE,TRUE,TRUE,TRUE
CZE_003_MZB_LO_330,Czech Republic,49.9943191,14.39758502,1294020,2007,2021,9,15,0.518827136,0.611823517,0.092996381,2.02631,0.329458,-0.411476,13.284065,3.495549,-0.076466832,0.089243,0.005273,Mixed,TRUE,TRUE,TRUE,TRUE
CZE_003_MZB_LO_331,Czech Republic,49.91602412,13.52003515,1294020,2006,2019,7,14,0.706898676,0.513142768,-0.193755908,-3.261105,-2.671324,-4.080781,8.807606,-6.397102,0.117342681,0.105788,0.0214,Mixed,TRUE,TRUE,TRUE,TRUE
CZE_003_MZB_LO_333,Czech Republic,49.0028986,15.0957233,1294020,2010,2019,8,10,0.440255894,0.412971819,-0.027284075,-5.134733,-5.503515,-16.336547,-5.853958,-10.252866,0.105255704,0.108259,0.039475,Mixed,TRUE,TRUE,TRUE,TRUE
CZE_003_MZB_LO_334,Czech Republic,48.62110552,14.35186742,1294020,2009,2020,10,12,0.750110471,0.723873199,-0.026237272,0.682335,-0.48071,-1.897578,6.249765,1.734388,-0.012972804,0.03083,0.003751,Mixed,TRUE,TRUE,TRUE,TRUE
CZE_003_MZB_LO_343,Czech Republic,48.76459009,14.96706502,1294020,2006,2021,10,16,0.679127018,0.719923491,0.040796473,5.262072,1.78747,2.39095,19.376735,11.357177,-0.060928937,0.063879,0.003641,Mixed,TRUE,TRUE,TRUE,TRUE
CZE_003_MZB_LO_344,Czech Republic,48.6557067,14.45667941,1294020,2006,2020,12,15,0.617458331,0.671436104,0.053977773,2.351598,1.379296,0.43398,7.531148,5.417249,-0.02461259,0.043935,0.013614,Mixed,TRUE,TRUE,TRUE,TRUE
CZE_003_MZB_LO_346,Czech Republic,49.28847929,14.47086634,1294020,2006,2021,7,16,0.538837224,0.680151797,0.141314572,2.241814,1.544985,-0.379347,5.31276,5.168423,-0.096229156,0.069204,0.018424,Mixed,TRUE,TRUE,TRUE,TRUE
CZE_003_MZB_LO_39,Czech Republic,50.09673523,16.46085239,1294020,2007,2020,7,14,0.514255111,0.683858142,0.169603031,5.517853,6.833915,14.230088,-4.919733,12.511916,-0.041525617,0.080058,0.02116,Mixed,TRUE,TRUE,TRUE,TRUE
CZE_003_MZB_LO_4,Czech Republic,50.03337971,15.6186089,1294020,2007,2021,13,15,0.439955927,0.33831103,-0.101644897,-2.138569,-2.427999,-6.244434,-0.289183,-3.733952,0.102568267,0.099023,0.028249,Mixed,TRUE,TRUE,TRUE,TRUE
CZE_003_MZB_LO_40,Czech Republic,50.09688627,16.29956775,1294020,2007,2020,7,14,0.631469531,0.72856997,0.097100439,1.385206,2.288003,3.663318,-3.704825,2.963772,-0.034609385,0.08732,0.021794,Mixed,TRUE,TRUE,TRUE,TRUE
CZE_003_MZB_LO_41,Czech Republic,50.11582561,16.2841272,1294020,2007,2020,7,14,0.593260584,0.700656555,0.107395971,3.367023,4.316286,4.898869,-9.798066,7.648822,0.000795004,0.095892,0.024096,Mixed,TRUE,TRUE,TRUE,TRUE
CZE_003_MZB_LO_42,Czech Republic,50.1300852,16.18589924,1294020,2007,2020,7,14,0.659702369,0.673759176,0.014056807,1.66742,2.710653,2.70601,-4.201991,1.968698,-0.029810222,0.106983,0.027002,Mixed,TRUE,TRUE,TRUE,TRUE
CZE_003_MZB_LO_43,Czech Republic,50.03706706,16.60138241,1294020,2007,2020,7,14,0.616911024,0.647135397,0.030224373,-0.510291,1.663364,0.242306,-9.93621,-2.618706,0.027841046,0.087856,0.016051,Mixed,TRUE,TRUE,TRUE,TRUE
CZE_003_MZB_LO_44,Czech Republic,49.98859246,16.39612798,1294020,2007,2020,7,14,0.665013396,0.689405635,0.024392239,2.554415,3.64856,3.212841,-0.093091,5.145323,-0.002338873,0.095296,0.022288,Mixed,TRUE,TRUE,TRUE,TRUE
CZE_003_MZB_LO_45,Czech Republic,49.9653547,16.39863082,1294020,2007,2020,7,14,0.502932881,0.19524669,-0.307686191,-8.723071,-9.108165,-12.431704,-9.651478,-17.296718,0.21976603,0.128038,0.036714,Mixed,TRUE,TRUE,TRUE,TRUE
CZE_003_MZB_LO_5,Czech Republic,50.18047216,14.83619463,1294020,2007,2021,13,15,0.47267148,0.354430635,-0.118240846,-4.554749,-3.701196,-6.812997,-4.329261,-8.789403,0.070772496,0.1103,0.037406,Mixed,TRUE,TRUE,TRUE,TRUE
CZE_003_MZB_LO_51,Czech Republic,49.802818,15.74221304,1294020,2007,2020,7,14,0.479753479,0.434175944,-0.045577535,2.625689,6.058272,7.426058,-9.905366,6.526668,0.160615765,0.068048,0.013752,Mixed,TRUE,TRUE,TRUE,TRUE
CZE_003_MZB_LO_52,Czech Republic,49.89203391,15.82149925,1294020,2007,2020,7,14,0.539444334,0.573679355,0.034235021,3.255244,1.922866,3.675869,9.582444,6.770462,-0.175723933,0.024892,0.012776,Mixed,TRUE,TRUE,TRUE,TRUE
CZE_003_MZB_LO_58,Czech Republic,50.02587452,15.3446645,1294020,2006,2021,8,16,0.45503619,0.341007619,-0.114028571,0.588273,0.378061,-3.391637,-0.161336,1.693109,0.014806678,0.055939,0.032339,Mixed,TRUE,TRUE,TRUE,TRUE
CZE_003_MZB_LO_60,Czech Republic,50.02321214,15.30324527,1294020,2007,2021,13,15,0.394445551,0.304046671,-0.09039888,4.780145,4.575414,6.012726,-4.358158,10.316916,0.004134163,0.119239,0.038283,Mixed,TRUE,TRUE,TRUE,TRUE
CZE_003_MZB_LO_71,Czech Republic,50.80925836,15.18445537,1294020,2007,2020,7,14,0.488888521,0.49906181,0.010173289,1.876171,-0.372515,-4.22219,11.101567,4.321704,-0.00451117,0.101367,0.029081,Mixed,TRUE,TRUE,TRUE,TRUE
CZE_003_MZB_LO_75,Czech Republic,49.7274289,15.93591986,1294020,2007,2020,10,14,0.521150122,0.501811273,-0.019338848,0.019804,-0.76917,-3.932185,3.933908,0.921145,0.001941225,0.065481,0.015288,Mixed,TRUE,TRUE,TRUE,TRUE
CZE_003_MZB_LO_77,Czech Republic,50.63397868,15.30029574,1294020,2006,2019,7,14,0.680174757,0.761740291,0.081565534,1.268979,1.754907,4.017324,6.135099,2.114122,-0.026686868,0.108748,0.013722,Mixed,TRUE,TRUE,TRUE,TRUE
CZE_003_MZB_LO_78,Czech Republic,50.71413772,14.19550107,1294020,2006,2021,14,16,0.620331927,0.400211724,-0.220120202,-4.559763,-2.493117,-4.344298,-6.992528,-9.902275,0.049973245,0.103287,0.025857,Mixed,TRUE,TRUE,TRUE,TRUE
CZE_003_MZB_LO_79,Czech Republic,50.87517777,14.2364794,1294020,2007,2021,13,15,0.614547587,0.248529425,-0.366018161,-6.298164,-2.555943,-2.672136,-12.002413,-11.133644,0.133328781,0.103195,0.004055,Mixed,TRUE,TRUE,TRUE,TRUE
CZE_003_MZB_LO_81,Czech Republic,50.5715955,15.06101131,1294020,2000,2019,9,20,0.717467805,0.645340841,-0.072126963,-0.882917,-0.404991,0.179581,-1.606562,-0.123197,0.063465139,0.054772,0.012818,Mixed,TRUE,TRUE,TRUE,TRUE
CZE_003_MZB_LO_85,Czech Republic,50.2366649,14.55857852,1294020,2007,2021,12,15,0.248303348,0.190021702,-0.058281646,1.259774,0.736742,1.53046,3.517189,2.176414,-0.00385723,0.010616,0.014795,Mixed,TRUE,TRUE,TRUE,TRUE
CZE_003_MZB_LO_86,Czech Republic,50.44672551,15.78447834,1294020,2007,2021,13,15,0.50279615,0.45900799,-0.04378816,1.941084,2.957851,5.399082,-5.367467,4.167491,-0.074196498,0.091308,0.018608,Mixed,TRUE,TRUE,TRUE,TRUE
CZE_003_MZB_LO_87,Czech Republic,49.81041247,15.67813342,1294020,2007,2020,7,14,0.625357977,0.629012646,0.003654669,0.869054,0.698023,-1.404831,4.175843,2.449277,-0.009370143,0.044077,0.006107,Mixed,TRUE,TRUE,TRUE,TRUE
CZE_003_MZB_LO_88,Czech Republic,50.40266624,14.44867859,1294020,2007,2021,12,15,0.62495466,0.389451786,-0.235502873,-4.686017,-2.314342,-3.770739,-8.248103,-7.052338,0.048718085,0.068107,0.016285,Mixed,TRUE,TRUE,TRUE,TRUE
CZE_003_MZB_LO_89,Czech Republic,50.47485013,14.33526832,1294020,2007,2021,12,15,0.438706594,0.345905452,-0.092801141,-0.60069,0.415364,1.154103,-1.202821,-1.193997,0.034619094,0.037994,0.019019,Mixed,TRUE,TRUE,TRUE,TRUE
CZE_003_MZB_LO_91,Czech Republic,50.52458542,14.20266467,1294020,2007,2021,13,15,0.337710641,0.386105165,0.048394524,2.539818,3.546309,4.229371,-6.520766,-0.295675,0.015286651,0.062184,0.00477,Mixed,TRUE,TRUE,TRUE,TRUE
CZE_003_MZB_LO_92,Czech Republic,50.53927532,14.06023652,1294020,2007,2021,12,15,0.356870787,0.325160462,-0.031710325,3.743244,0.377121,0.343405,7.424253,3.612405,0.05369702,0.026179,0.001834,Mixed,TRUE,TRUE,TRUE,TRUE
CZE_003_MZB_LO_93,Czech Republic,50.66680293,14.14983354,1294020,2007,2021,12,15,0.576168473,0.337803265,-0.238365209,-1.195538,-2.641427,1.902847,3.519871,-3.980095,0.022893942,0.065537,0.018587,Mixed,TRUE,TRUE,TRUE,TRUE
CZE_003_MZB_LO_94,Czech Republic,50.05689227,15.17577012,1294020,2007,2021,13,15,0.486730542,0.418047805,-0.068682737,2.164152,3.926909,4.800344,-6.608361,4.106706,-0.027948681,0.048221,0.002596,Mixed,TRUE,TRUE,TRUE,TRUE
CZE_003_MZB_LO_95,Czech Republic,50.63683259,14.05014853,1294020,2007,2021,13,15,0.375230931,0.301970487,-0.073260444,-2.155828,0.226917,0.859801,-14.009346,-3.918023,0.007863115,0.000253,0.014109,Mixed,TRUE,TRUE,TRUE,TRUE
CZE_003_MZB_LO_96,Czech Republic,50.68010628,15.90983201,1293495,2010,2021,11,12,0.308340673,0.304560406,-0.003780267,-3.620091,-3.107495,-4.411849,-4.53177,-7.242586,0.028764759,0.028151,0.011995,Mixed,TRUE,TRUE,TRUE,TRUE
CZE_003_MZB_LO_98,Czech Republic,50.57905814,15.96542161,1294020,2008,2021,7,14,0.698732434,0.679490309,-0.019242125,1.345502,0.685091,2.174133,4.962597,3.484017,0.078180159,0.070331,0.017182,Mixed,TRUE,TRUE,TRUE,TRUE
CZE_003_MZB_LO_99,Czech Republic,50.77922023,15.4120443,1294020,2008,2021,7,14,0.503219888,0.595342803,0.092122915,6.51454,4.289699,3.831755,15.136315,13.190975,-0.03433478,0.102307,0.025634,Mixed,TRUE,TRUE,TRUE,TRUE
CZE_010_MZB_LO_1,Czech Republic,48.8666458,16.0252603,1291835,2002,2016,8,15,0.482241228,0.561881579,0.079640351,2.390251,1.324766,-1.65119,7.200854,4.795429,0.034848167,0.021461,0.001919,Mixed,TRUE,TRUE,TRUE,TRUE
DNK_011_MZB_LO_1,Denmark,57.47237389,10.48534465,1284956,1999,2018,19,20,0.752818553,0.822941037,0.070122484,1.206519,2.266524,2.876494,-2.861464,2.091628,0.019162648,0.001345,0.00612,Mixed,FALSE,FALSE,FALSE,FALSE
DNK_011_MZB_LO_10,Denmark,57.33547933,10.0110318,1278855,1999,2018,19,20,0.457794147,0.562425277,0.10463113,2.230955,2.626746,0.417372,-2.207969,4.708649,-0.045007941,0.033026,0.006529,Mixed,FALSE,FALSE,FALSE,FALSE
DNK_011_MZB_LO_100,Denmark,56.4100043,8.428479134,1291931,1999,2018,18,20,0.395150877,0.624674908,0.229524031,0.407727,1.310185,1.636109,-0.199983,2.058903,-0.012287442,0.027549,0.003587,Mixed,FALSE,FALSE,FALSE,FALSE
DNK_011_MZB_LO_101,Denmark,56.44852397,8.312200967,1291931,1993,2018,25,26,0.343374388,0.478191642,0.134817254,0.84743,2.69383,2.994191,-4.832993,1.372059,0.023804745,0.020275,0.009021,Mixed,FALSE,FALSE,FALSE,FALSE
DNK_011_MZB_LO_102,Denmark,56.2859186,8.801507231,1291931,1993,2018,24,26,0.321022316,0.353446,0.032423683,0.576901,0.595589,2.718099,2.435438,2.021842,0.008960336,0.043163,0.00687,Mixed,FALSE,FALSE,FALSE,FALSE
DNK_011_MZB_LO_103,Denmark,56.33949558,8.527076419,1291931,1993,2018,24,26,0.405241139,0.892465365,0.487224227,1.212231,2.244184,3.786955,-4.700946,2.347463,-0.043056813,0.048144,0.014376,Mixed,FALSE,FALSE,FALSE,FALSE
DNK_011_MZB_LO_104,Denmark,56.25912706,10.62465488,1282873,1999,2019,16,21,0.491942292,0.726110645,0.234168352,-0.697935,-0.307623,0.0944,-0.57405,-0.789155,0.021119662,0.025992,0.004506,Mixed,FALSE,FALSE,FALSE,FALSE
DNK_011_MZB_LO_105,Denmark,56.26789911,10.53148062,1284299,1998,2018,18,21,0.273929852,0.446016447,0.172086595,0.42021,1.68751,3.271593,-2.010022,0.986364,-4.11E-05,0.006617,0.001163,Mixed,FALSE,FALSE,FALSE,FALSE
DNK_011_MZB_LO_106,Denmark,56.48820519,10.50458216,1274137,2002,2018,13,17,0.705981205,0.728933112,0.022951907,-0.846751,-1.017641,-1.619922,2.86507,-1.854722,-0.008122498,0.006368,0.00162,Mixed,FALSE,FALSE,FALSE,FALSE
DNK_011_MZB_LO_107,Denmark,56.34702289,10.5362036,1287415,1998,2018,19,21,0.324278201,0.285505163,-0.038773039,-1.510562,-1.331854,-2.850823,-1.491365,-3.7169,0.000260606,0.059386,0.005415,Mixed,FALSE,FALSE,FALSE,FALSE
DNK_011_MZB_LO_108,Denmark,56.29843726,10.55419602,1287415,1992,2018,22,27,0.442783648,0.721894798,0.27911115,2.022496,1.15528,0.998985,2.556581,4.35887,-0.049509045,0.047249,0.013283,Mixed,FALSE,FALSE,FALSE,FALSE
DNK_011_MZB_LO_109,Denmark,56.39321053,10.47993416,1287415,1999,2019,17,21,0.651898675,0.642275578,-0.009623097,-1.918675,-0.878292,-1.938052,-1.254061,-3.249168,0.002887587,0.021526,0.006539,Mixed,FALSE,FALSE,FALSE,FALSE
DNK_011_MZB_LO_11,Denmark,57.20834909,10.43786881,1248637,1999,2018,20,20,0.694047619,0.79484127,0.100793651,2.894649,0.695196,1.13304,6.856703,5.716971,-0.001251102,0.059279,0.011766,Mixed,FALSE,FALSE,FALSE,FALSE
DNK_011_MZB_LO_110,Denmark,55.90397307,9.187389059,1294073,1999,2018,18,20,0.669642115,0.740167986,0.070525871,-0.031247,1.441706,4.271106,-7.126198,0.270603,0.00255609,0.059777,0.028468,Mixed,FALSE,FALSE,FALSE,FALSE
DNK_011_MZB_LO_112,Denmark,56.10061778,9.140019417,1294073,1993,2019,22,27,0.322311005,0.930378751,0.608067746,-0.588778,0.404117,-1.307849,-5.069698,-0.715744,-0.042490146,0.038636,0.002352,Mixed,FALSE,FALSE,FALSE,FALSE
DNK_011_MZB_LO_113,Denmark,56.0681966,8.580646493,1294073,1999,2018,19,20,0.440605038,0.843473836,0.402868798,1.689683,1.956531,3.50259,1.217054,3.870002,-0.046481699,0.033174,0.012704,Mixed,FALSE,FALSE,FALSE,FALSE
DNK_011_MZB_LO_114,Denmark,55.80042523,9.342836959,1294073,1999,2018,19,20,0.563529177,0.884878764,0.321349587,0.698184,0.798332,1.008122,-1.589725,1.808164,-0.032995132,0.036944,0.003193,Mixed,FALSE,FALSE,FALSE,FALSE
DNK_011_MZB_LO_115,Denmark,55.77481902,9.215319948,1294073,1999,2020,20,22,0.92096152,0.902090639,-0.018870881,-0.594081,0.783009,0.347111,-7.03454,-0.66065,0.045220209,0.028048,0.000894,Mixed,FALSE,FALSE,FALSE,FALSE
DNK_011_MZB_LO_116,Denmark,55.80761566,9.080507657,1294073,1999,2018,16,20,0.307085015,1.014521977,0.707436962,1.569181,3.438874,2.228563,-8.30719,3.786101,-0.027358401,0.059325,0.000645,Mixed,FALSE,FALSE,FALSE,FALSE
DNK_011_MZB_LO_117,Denmark,56.13603066,8.748875663,1294073,1996,2018,20,23,0.372157374,0.785361473,0.413204099,4.005684,-0.241104,-0.019741,11.00089,9.67857,-0.023022966,0.031806,0.005866,Mixed,FALSE,FALSE,FALSE,FALSE
DNK_011_MZB_LO_118,Denmark,56.10902641,8.417317918,1294073,1993,2018,25,26,0.436940757,0.816282873,0.379342116,0.123401,1.073583,0.268914,-1.194415,0.941478,-0.02762168,0.041881,0.01128,Mixed,FALSE,FALSE,FALSE,FALSE
DNK_011_MZB_LO_119,Denmark,55.8621573,8.69245642,1294073,1993,2018,25,26,0.361712524,0.913911519,0.552198996,1.138111,0.886098,1.551326,0.535131,2.036967,-0.01817781,0.052761,0.012506,Mixed,FALSE,FALSE,FALSE,FALSE
DNK_011_MZB_LO_12,Denmark,57.2693585,9.843097099,1292800,1999,2018,18,20,0.731674639,0.700972205,-0.030702434,1.99805,1.908431,2.844119,-0.565247,4.203307,-0.03786483,0.028166,0.004994,Mixed,FALSE,FALSE,FALSE,FALSE
DNK_011_MZB_LO_120,Denmark,56.13983629,8.417431305,1294073,1993,2018,24,26,0.422871649,0.508430316,0.085558667,-2.085521,-1.352802,-0.184236,-2.338168,-3.731384,0.046913347,0.012916,0.008203,Mixed,FALSE,FALSE,FALSE,FALSE
DNK_011_MZB_LO_121,Denmark,56.00702859,8.373388587,1294073,1993,2018,24,26,0.332318276,0.502661296,0.17034302,0.019295,-1.340864,-1.776778,4.536961,-0.1323,-0.035240724,0.020977,0.013726,Mixed,FALSE,FALSE,FALSE,FALSE
DNK_011_MZB_LO_122,Denmark,56.17459949,8.714510046,1294073,1999,2018,17,20,0.479905601,0.551769969,0.071864368,0.928495,0.523891,0.550213,3.034072,3.394566,-0.017604504,0.020828,0.00632,Mixed,FALSE,FALSE,FALSE,FALSE
DNK_011_MZB_LO_123,Denmark,55.87303724,9.079779948,1294073,1999,2019,20,21,0.256397545,0.558734597,0.302337051,2.119677,-0.572317,-1.409818,6.914217,3.711574,-0.030312631,0.060155,0.019945,Mixed,FALSE,FALSE,FALSE,FALSE
DNK_011_MZB_LO_124,Denmark,56.19563819,8.466512376,1294073,1995,2018,21,24,0.12522923,0.677466054,0.552236825,4.309868,1.222566,2.666387,10.741828,7.941562,-0.039656736,0.029247,0.015485,Mixed,FALSE,FALSE,FALSE,FALSE
DNK_011_MZB_LO_125,Denmark,55.89509373,8.393727328,1294073,1993,2018,24,26,0.767713126,0.734041327,-0.033671799,-0.716626,-0.429795,-0.707866,-1.27178,-0.919832,0.047410966,0.018976,0.005413,Mixed,FALSE,FALSE,FALSE,FALSE
DNK_011_MZB_LO_126,Denmark,55.85521366,8.378661371,1294073,1993,2019,26,27,0.36737365,0.932605718,0.565232068,1.298857,1.481835,2.819518,-2.623902,2.890723,-0.0470971,0.045666,0.011236,Mixed,FALSE,FALSE,FALSE,FALSE
DNK_011_MZB_LO_127,Denmark,56.09050937,8.955546253,1294073,1993,2019,26,27,0.284852219,0.798787377,0.513935158,1.034778,1.124145,1.661743,-1.099217,3.62711,-0.024548135,0.040767,0.01664,Mixed,FALSE,FALSE,FALSE,FALSE
DNK_011_MZB_LO_128,Denmark,56.03882526,8.616708751,1294073,1999,2018,19,20,0.328279237,0.520899324,0.192620087,1.258754,0.972244,1.194577,-0.261987,2.979817,-0.093071953,0.058957,0.026303,Mixed,FALSE,FALSE,FALSE,FALSE
DNK_011_MZB_LO_129,Denmark,56.05696878,8.691485926,1294073,1993,2019,27,27,0.66979271,0.979544148,0.309751439,-0.993901,-0.112799,-0.485794,-2.64041,-1.565698,-0.010604894,0.033099,0.013848,Mixed,FALSE,FALSE,FALSE,FALSE
DNK_011_MZB_LO_13,Denmark,57.19025509,10.02248293,1294825,1999,2018,18,20,0.292834853,0.468745462,0.175910609,1.584884,1.512665,1.826468,-0.132526,3.253075,-0.03765001,0.027022,0.00585,Mixed,FALSE,FALSE,FALSE,FALSE
DNK_011_MZB_LO_131,Denmark,56.13495836,10.0406763,1294075,1993,2018,22,26,0.374864516,1.035196481,0.660331965,0.2977,-0.515094,-0.788587,2.027573,1.217194,-0.007177205,0.051516,0.000965,Mixed,FALSE,FALSE,FALSE,FALSE
DNK_011_MZB_LO_132,Denmark,56.47209869,10.321001,1293109,2002,2018,11,17,0.179082542,0.256661981,0.077579438,-0.98796,1.678733,-0.512893,-3.904081,-1.533446,-0.0072295,0.022435,0.007883,Mixed,FALSE,FALSE,FALSE,FALSE
DNK_011_MZB_LO_133,Denmark,56.17405803,9.858771881,1294075,1998,2018,20,21,0.27041186,0.503847517,0.233435657,1.025524,-0.459731,-0.840638,3.593324,2.291603,0.01688986,0.045078,0.013783,Mixed,FALSE,FALSE,FALSE,FALSE
DNK_011_MZB_LO_134,Denmark,55.9319871,9.730512695,1292366,1999,2018,17,20,0.812628775,0.945514679,0.132885904,-0.426668,0.531021,0.816035,-1.723754,0.091336,-0.023452646,0.032361,0.001333,Mixed,FALSE,FALSE,FALSE,FALSE
DNK_011_MZB_LO_135,Denmark,56.00425846,10.12441643,1292079,1999,2019,17,21,0.87427352,1.08888788,0.21461436,1.412531,1.394627,-1.035213,-0.187934,2.775863,-0.001360585,0.042167,0.009762,Mixed,FALSE,FALSE,FALSE,FALSE
DNK_011_MZB_LO_136,Denmark,55.87258317,9.754632462,1278727,2000,2018,16,19,0.885119442,0.95009548,0.064976038,-2.620516,0.467281,0.807784,-9.380417,-4.090409,-0.000114217,0.063402,0.017084,Mixed,FALSE,FALSE,FALSE,FALSE
DNK_011_MZB_LO_137,Denmark,55.7909886,9.912029505,1287479,1999,2018,19,20,0.320230323,0.574270599,0.254040276,0.533489,0.327841,-0.328395,3.175564,1.508524,0.022410596,0.06864,0.020843,Mixed,FALSE,FALSE,FALSE,FALSE
DNK_011_MZB_LO_138,Denmark,55.6549044,8.53380494,1293096,1993,2019,26,27,0.407284141,0.789081215,0.381797074,-1.601929,1.652364,2.887754,-8.082162,-1.741723,-0.015407996,0.046072,0.014551,Mixed,FALSE,FALSE,FALSE,FALSE
DNK_011_MZB_LO_139,Denmark,55.60476938,9.013983508,1293096,1994,2018,20,25,0.719941222,0.981337875,0.261396654,-0.97891,1.824381,3.598496,-9.378226,0.367961,-0.018025844,0.052018,0.012986,Mixed,FALSE,FALSE,FALSE,FALSE
DNK_011_MZB_LO_14,Denmark,57.08815663,10.07576054,1277399,1999,2018,18,20,0.282164075,0.384873528,0.102709453,1.561969,0.281547,-0.247181,1.356767,2.719773,-0.052618973,0.047406,0.013783,Mixed,FALSE,FALSE,FALSE,FALSE
DNK_011_MZB_LO_140,Denmark,55.61884985,8.624166748,1293096,1998,2018,19,21,0.19106064,0.331971551,0.140910911,-2.284112,2.226064,2.516561,-9.449363,-2.680857,0.018597156,0.018902,0.012709,Mixed,FALSE,FALSE,FALSE,FALSE
DNK_011_MZB_LO_141,Denmark,55.62791951,8.414073955,1293096,1993,2018,24,26,0.371044492,0.780660144,0.409615651,-0.497917,1.496698,2.207776,-7.518194,0.48561,-0.073098068,0.037819,0.008142,Mixed,FALSE,FALSE,FALSE,FALSE
DNK_011_MZB_LO_142,Denmark,55.66223922,8.882722526,1293096,1994,2018,22,25,0.452497014,0.825168303,0.372671289,-1.028457,0.038001,-0.960366,-3.92831,-0.604152,-0.022202093,0.058939,0.000562,Mixed,FALSE,FALSE,FALSE,FALSE
DNK_011_MZB_LO_143,Denmark,55.70220993,9.440296417,1283675,1999,2019,14,21,1.038656094,1.045477828,0.006821735,0.399733,0.990347,2.069099,-0.722569,0.654161,-0.025146766,0.039959,0.009491,Mixed,FALSE,FALSE,FALSE,FALSE
DNK_011_MZB_LO_144,Denmark,55.67419726,9.346470662,1283675,1999,2018,17,20,0.741867027,0.625328304,-0.116538723,-1.345223,-1.085621,-2.63145,-1.71139,-2.037026,0.029965661,0.004028,0.008033,Mixed,FALSE,FALSE,FALSE,FALSE
DNK_011_MZB_LO_145,Denmark,55.67688635,9.33916379,1283675,1999,2018,17,20,0.883723126,0.92711553,0.043392403,-0.006629,0.204009,0.739969,-2.299472,0.054674,-0.024419412,0.001817,0.001582,Mixed,FALSE,FALSE,FALSE,FALSE
DNK_011_MZB_LO_146,Denmark,55.58967291,9.649076193,1292011,1999,2018,16,20,0.524904214,0.678505747,0.153601533,0.896455,0.44714,-0.647771,3.467702,2.310941,0.055909211,0.028231,0.013753,Mixed,FALSE,FALSE,FALSE,FALSE
DNK_011_MZB_LO_147,Denmark,55.49603923,9.436505673,1287091,1999,2018,19,20,0.753456636,0.725466427,-0.027990209,-1.503919,0.936693,2.779921,-7.343454,-2.544638,0.035675455,0.029145,0.010659,Mixed,FALSE,FALSE,FALSE,FALSE
DNK_011_MZB_LO_148,Denmark,55.51374904,9.295541484,1287091,1999,2019,14,21,0.960190964,0.936492819,-0.023698145,-0.285412,-0.564549,0.445795,2.494256,0.345389,0.009842464,0.032472,0.005868,Mixed,FALSE,FALSE,FALSE,FALSE
DNK_011_MZB_LO_149,Denmark,55.49643192,8.696436373,1283633,1994,2018,23,25,0.493783873,0.694537534,0.20075366,-3.003102,0.513945,2.505311,-9.586717,-4.230926,0.055075191,0.061295,0.016912,Mixed,FALSE,FALSE,FALSE,FALSE
DNK_011_MZB_LO_15,Denmark,57.10371492,10.35159712,1279028,1999,2018,20,20,0.351686115,0.623577649,0.271891534,2.178011,1.838635,4.041223,2.948876,4.415401,-0.039704827,0.043676,0.013495,Mixed,FALSE,FALSE,FALSE,FALSE
DNK_011_MZB_LO_150,Denmark,55.49839982,8.61637091,1283633,1994,2018,23,25,0.605771683,0.465850666,-0.139921016,-4.255318,-1.720322,-0.30457,-6.85069,-6.58806,0.02199262,0.012483,0.001909,Mixed,FALSE,FALSE,FALSE,FALSE
DNK_011_MZB_LO_151,Denmark,55.44371036,8.883940518,1283633,1994,2018,23,25,0.403848367,0.821837407,0.41798904,-1.258587,0.047263,0.708478,-5.262978,-0.691695,0.007862033,0.042845,0.003539,Mixed,FALSE,FALSE,FALSE,FALSE
DNK_011_MZB_LO_152,Denmark,55.50830514,8.720380352,1283633,1998,2018,20,21,0.667087968,0.849479594,0.182391626,-2.498535,1.519736,5.026453,-7.065018,-2.347064,0.075340738,0.051704,0.009694,Mixed,FALSE,FALSE,FALSE,FALSE
DNK_011_MZB_LO_153,Denmark,55.50064482,9.006759583,1283633,1999,2020,20,22,0.29548853,0.318773602,0.023285072,-1.847801,1.497906,0.741684,-9.330992,-3.4524,0.019024962,0.072424,0.026343,Mixed,FALSE,FALSE,FALSE,FALSE
DNK_011_MZB_LO_154,Denmark,55.59988746,8.763404703,1283633,1999,2018,18,20,0.345650916,0.276989907,-0.068661009,-0.115416,-0.87095,0.921411,3.802716,0.650896,0.061085128,0.03292,0.007072,Mixed,FALSE,FALSE,FALSE,FALSE
DNK_011_MZB_LO_155,Denmark,55.56715891,9.040610147,1283633,1999,2018,18,20,0.468389093,0.8661522,0.397763108,-0.784415,0.753545,2.953292,-7.234966,-0.720738,-0.009740374,0.067778,0.015655,Mixed,FALSE,FALSE,FALSE,FALSE
DNK_011_MZB_LO_156,Denmark,55.42974941,8.813614946,1291366,1999,2018,18,20,0.329040856,0.493250749,0.164209893,-1.717521,2.845716,3.974927,-12.884309,-3.383539,-0.025577985,0.04579,0.022529,Mixed,FALSE,FALSE,FALSE,FALSE
DNK_011_MZB_LO_157,Denmark,55.41246777,8.994424319,1291366,1998,2018,19,21,0.463046878,0.891924763,0.428877886,-0.117299,1.050951,0.90504,-4.594185,0.501822,-0.037341953,0.068762,0.014811,Mixed,FALSE,FALSE,FALSE,FALSE
DNK_011_MZB_LO_158,Denmark,55.45916375,9.608581876,1287563,1999,2018,16,20,0.308675046,0.634521713,0.325846667,-1.009947,0.012332,1.846092,-2.982701,-1.201963,-0.007570041,0.011073,0.002488,Mixed,FALSE,FALSE,FALSE,FALSE
DNK_011_MZB_LO_159,Denmark,55.37626126,9.551286112,1294059,1999,2019,19,21,0.484465355,0.48291356,-0.001551796,1.04531,-0.680995,-3.917285,5.712419,2.910541,-0.018090195,0.045151,0.01172,Mixed,FALSE,FALSE,FALSE,FALSE
DNK_011_MZB_LO_16,Denmark,57.14167897,9.592731929,1292800,1999,2018,19,20,0.261700261,0.271919373,0.010219111,-1.093219,0.383436,1.952162,-5.59967,-1.699442,-0.010564074,0.043013,0.010093,Mixed,FALSE,FALSE,FALSE,FALSE
DNK_011_MZB_LO_160,Denmark,55.23483399,9.55410857,1293092,2001,2018,8,18,0.458603752,0.304987776,-0.153615976,-3.979334,-4.421549,-4.735883,0.065234,-7.873255,0.041658326,0.003685,0.000997,Mixed,FALSE,FALSE,FALSE,FALSE
DNK_011_MZB_LO_161,Denmark,55.3425696,8.898426986,1294058,1998,2018,19,21,0.270111494,0.333294198,0.063182704,0.391001,1.264662,0.182837,0.622066,1.591921,0.001882467,0.067014,0.027242,Mixed,FALSE,FALSE,FALSE,FALSE
DNK_011_MZB_LO_162,Denmark,55.29670938,9.249009584,1294058,1998,2018,18,21,0.456990298,0.440278917,-0.016711381,0.407133,0.632537,1.532098,0.06311,2.178102,0.022572376,0.022764,0.00385,Mixed,FALSE,FALSE,FALSE,FALSE
DNK_011_MZB_LO_163,Denmark,55.22858016,9.045075528,1294058,1998,2018,19,21,0.308074867,0.671983753,0.363908887,1.61859,0.932014,1.42255,1.886452,4.477213,0.024196616,0.050059,0.021637,Mixed,FALSE,FALSE,FALSE,FALSE
DNK_011_MZB_LO_164,Denmark,55.18432764,9.254166205,1294058,1998,2018,18,21,0.692113864,0.824092609,0.131978744,0.98553,0.377823,1.522441,2.864499,3.516739,0.016408452,0.054855,0.010822,Mixed,FALSE,FALSE,FALSE,FALSE
DNK_011_MZB_LO_165,Denmark,55.33046272,8.85930387,1294058,1999,2018,18,20,0.332511289,0.307356519,-0.02515477,-2.957246,0.211686,1.414522,-7.125716,-3.842538,0.01389684,0.004606,0.007957,Mixed,FALSE,FALSE,FALSE,FALSE
DNK_011_MZB_LO_166,Denmark,55.40360896,8.652663041,1291366,1999,2018,16,20,0.308191631,0.266764732,-0.041426899,-5.126062,-1.54781,-2.465033,-9.537667,-8.064213,0.016270377,0.064783,0.012711,Mixed,FALSE,FALSE,FALSE,FALSE
DNK_011_MZB_LO_167,Denmark,55.17193716,9.05361514,1285058,1998,2019,20,22,0.4268548,0.713629706,0.286774906,0.471458,-1.128885,-0.935648,8.603954,1.524667,0.025899465,0.05089,0.023995,Mixed,FALSE,FALSE,FALSE,FALSE
DNK_011_MZB_LO_168,Denmark,55.16986204,9.022685168,1285058,1998,2019,19,22,0.356605998,0.572822837,0.216216839,-0.807859,-2.272849,-3.350644,5.211031,-0.985721,0.022007548,0.006873,0.008523,Mixed,FALSE,FALSE,FALSE,FALSE
DNK_011_MZB_LO_169,Denmark,55.112471,8.731977378,1285058,1999,2018,17,20,0.553597137,0.494262365,-0.059334773,-3.908034,-0.777614,-0.747286,-8.984539,-6.918296,0.043471493,0.010293,0.004083,Mixed,FALSE,FALSE,FALSE,FALSE
DNK_011_MZB_LO_17,Denmark,57.03192562,8.73477554,1292799,1998,2018,18,21,0.280798701,0.387676759,0.106878058,4.167972,0.88861,-0.49323,9.711078,8.345804,-0.020538692,0.069045,0.016434,Mixed,FALSE,FALSE,FALSE,FALSE
DNK_011_MZB_LO_170,Denmark,54.94807645,9.930926702,1293084,1993,2018,25,26,0.693554159,0.692086979,-0.00146718,-1.852308,0.887746,0.765932,-9.544748,-3.254402,-0.022874488,0.029605,0.003618,Mixed,FALSE,FALSE,FALSE,FALSE
DNK_011_MZB_LO_171,Denmark,55.04426476,9.832601447,1270036,1998,2019,19,22,0.202752446,0.353793959,0.151041513,1.163892,5.539612,4.943999,-12.182757,2.359216,-0.006362699,0.11822,0.051539,Mixed,FALSE,FALSE,FALSE,FALSE
DNK_011_MZB_LO_172,Denmark,54.94540465,9.616408343,1292229,1999,2019,18,21,0.642041934,0.658571129,0.016529195,0.063541,-0.078315,0.779409,-0.411008,0.728091,0.028703495,0.000294,0.004828,Mixed,FALSE,FALSE,FALSE,FALSE
DNK_011_MZB_LO_173,Denmark,55.01432474,9.437559923,1240299,1999,2018,18,20,0.784003685,0.710722332,-0.073281353,-1.208582,0.197884,3.01568,-3.74719,-1.892946,0.003204879,0.013587,0.001853,Mixed,FALSE,FALSE,FALSE,FALSE
DNK_011_MZB_LO_174,Denmark,55.06054006,9.090086182,1293526,1993,2018,24,26,0.74412426,0.859644086,0.115519826,-0.961346,-0.402579,3.531922,-1.083173,0.225298,-0.044292949,0.047748,0.011153,Mixed,FALSE,FALSE,FALSE,FALSE
DNK_011_MZB_LO_175,Denmark,55.00679357,8.737122909,1293526,1998,2019,20,22,0.368111986,0.667982516,0.29987053,-1.234709,-1.792768,-2.978256,0.81274,-1.034039,0.088128956,0.072911,0.014313,Mixed,FALSE,FALSE,FALSE,FALSE
DNK_011_MZB_LO_176,Denmark,54.95133438,9.343597851,1293526,1998,2018,18,21,0.689088167,0.785917931,0.096829764,0.759356,0.461116,-2.273279,2.003465,2.231009,-0.022170642,0.050047,0.010932,Mixed,FALSE,FALSE,FALSE,FALSE
DNK_011_MZB_LO_177,Denmark,55.06878882,9.160603787,1293526,1999,2019,19,21,0.570513747,0.805137701,0.234623954,0.233122,0.133972,-0.274909,-0.017981,1.253686,0.079443347,0.014982,0.007585,Mixed,FALSE,FALSE,FALSE,FALSE
DNK_011_MZB_LO_178,Denmark,54.95995558,8.71306594,1293526,1999,2018,17,20,0.39281244,0.293415816,-0.099396624,-2.948419,-1.905331,-3.381526,0.13498,-4.986647,0.047793172,0.048446,0.006826,Mixed,FALSE,FALSE,FALSE,FALSE
DNK_011_MZB_LO_179,Denmark,55.03129612,9.046027198,1293526,2003,2019,15,17,0.855776516,0.933769086,0.07799257,-0.47607,-0.898053,-1.835329,1.408283,-0.754305,-0.019397827,0.002699,0.002854,Mixed,FALSE,FALSE,FALSE,FALSE
DNK_011_MZB_LO_18,Denmark,56.8692108,8.618704798,1267803,1998,2018,18,21,0.290813018,0.429792623,0.138979605,5.738849,0.268048,-0.011518,15.323398,8.535605,-0.008736452,0.060644,0.015655,Mixed,FALSE,FALSE,FALSE,FALSE
DNK_011_MZB_LO_180,Denmark,55.55485382,10.20587633,1288545,1998,2018,17,21,0.39943188,0.928922889,0.529491009,2.812948,0.569701,1.068186,7.844814,5.21597,-0.047048349,0.070986,0.015003,Mixed,FALSE,FALSE,FALSE,FALSE
DNK_011_MZB_LO_181,Denmark,55.56465666,10.28042134,1287477,1992,2018,23,27,0.483539536,0.62621465,0.142675115,2.206863,-0.651528,-1.698721,5.651417,3.890822,-0.018111009,0.027609,0.003543,Mixed,FALSE,FALSE,FALSE,FALSE
DNK_011_MZB_LO_182,Denmark,55.29416624,10.73173912,1292550,1992,2018,21,27,0.44581447,0.863526808,0.417712337,2.599335,0.707402,0.144218,8.560896,5.029916,-0.014593215,0.025465,0.001218,Mixed,FALSE,FALSE,FALSE,FALSE
DNK_011_MZB_LO_183,Denmark,55.34750802,10.67094804,1292550,1992,2018,20,27,0.575561008,0.972290616,0.396729608,2.005549,-0.907296,-1.909852,9.249308,3.544264,-0.050041888,0.021659,0.002038,Mixed,FALSE,FALSE,FALSE,FALSE
DNK_011_MZB_LO_184,Denmark,55.2881524,10.42140247,1292550,2002,2018,12,17,0.343469064,0.611812502,0.268343438,5.248055,1.216067,2.191191,14.714616,11.493726,-0.010693836,0.047857,0.007997,Mixed,FALSE,FALSE,FALSE,FALSE
DNK_011_MZB_LO_185,Denmark,55.39988547,10.42302535,1292077,1993,2018,21,26,0.201682296,0.672012478,0.470330182,1.513389,0.514996,3.610441,5.348366,2.606523,0.00116613,0.049129,0.008569,Mixed,FALSE,FALSE,FALSE,FALSE
DNK_011_MZB_LO_186,Denmark,55.33019046,10.32655741,1292077,1993,2018,21,26,0.405088536,0.850972177,0.445883641,2.299481,1.423733,1.593289,3.376321,4.51979,-0.012393422,0.039022,0.010329,Mixed,FALSE,FALSE,FALSE,FALSE
DNK_011_MZB_LO_187,Denmark,55.43224866,10.29334303,1292077,1992,2019,22,28,0.669234558,0.842212746,0.172978189,0.802348,0.064248,-0.639548,0.467719,1.355986,-0.026260211,0.036645,0.008072,Mixed,FALSE,FALSE,FALSE,FALSE
DNK_011_MZB_LO_188,Denmark,55.19925179,10.32407065,1292077,1998,2019,17,22,0.70077273,0.843579679,0.142806949,2.17167,2.000527,2.742307,-1.744055,3.770162,-0.012735645,0.05281,0.01584,Mixed,FALSE,FALSE,FALSE,FALSE
DNK_011_MZB_LO_189,Denmark,55.2783824,10.19137436,1292077,2002,2019,14,18,0.330041748,0.380613797,0.050572049,5.975053,5.188766,2.631288,5.083595,11.740016,-0.100112124,0.035386,0.008883,Mixed,FALSE,FALSE,FALSE,FALSE
DNK_011_MZB_LO_19,Denmark,56.69438985,8.3934476,1279470,1998,2018,18,21,0.193377042,0.572922176,0.379545134,5.709328,-1.858688,-3.759725,19.348771,10.164608,0.005855911,0.019875,0.000576,Mixed,FALSE,FALSE,FALSE,FALSE
DNK_011_MZB_LO_190,Denmark,55.40195379,10.52000421,1285995,2002,2016,12,15,0.318713696,0.35268681,0.033973114,9.983969,6.293431,12.187934,15.895295,19.772731,-0.043870647,0.013502,0.001704,Mixed,FALSE,FALSE,FALSE,FALSE
DNK_011_MZB_LO_191,Denmark,55.17289808,10.35469463,1292077,2002,2018,14,17,0.732007576,0.950464876,0.2184573,1.931611,-0.280862,-1.636428,10.860274,3.637226,-0.060306476,0.022678,0.004007,Mixed,FALSE,FALSE,FALSE,FALSE
DNK_011_MZB_LO_192,Denmark,55.29839565,10.21780567,1292077,2004,2018,11,15,0.682662779,0.433180226,-0.249482553,2.502679,0.475005,1.030934,8.884213,4.231013,-0.006042741,0.041447,0.012043,Mixed,FALSE,FALSE,FALSE,FALSE
DNK_011_MZB_LO_193,Denmark,55.32547138,9.929554056,1293093,1992,2018,19,27,0.443916263,0.836969816,0.393053553,1.772416,1.156758,1.668509,0.920749,2.996318,-0.020380927,0.035873,0.005492,Mixed,FALSE,FALSE,FALSE,FALSE
DNK_011_MZB_LO_194,Denmark,55.37540135,10.09434426,1293094,2002,2018,13,17,0.487819252,0.730223295,0.242404044,5.251967,2.7074,0.911162,7.959868,10.928134,0.020512248,0.064981,0.020963,Mixed,FALSE,FALSE,FALSE,FALSE
DNK_011_MZB_LO_195,Denmark,55.32570684,9.93755057,1293093,2002,2018,13,17,0.413499266,0.679054279,0.265555013,4.952192,1.277203,0.337037,14.996709,10.713852,-0.047045707,0.039778,0.011127,Mixed,FALSE,FALSE,FALSE,FALSE
DNK_011_MZB_LO_196,Denmark,55.09638196,10.4170968,1290600,1992,2018,22,27,0.527791252,0.945697104,0.417905852,2.34937,1.350222,1.585366,3.608239,4.307158,-0.088287482,0.04697,0.013552,Mixed,FALSE,FALSE,FALSE,FALSE
DNK_011_MZB_LO_197,Denmark,56.11614557,12.30361731,1284842,1993,2018,24,26,0.202673603,0.181097746,-0.021575857,-0.972085,-0.413723,-0.020286,-0.6903,-1.536152,0.004749513,0.023918,0.003436,Mixed,FALSE,FALSE,FALSE,FALSE
DNK_011_MZB_LO_198,Denmark,56.08047981,12.46708043,1237294,1993,2018,23,26,0.285245499,0.552563345,0.267317846,-0.434601,-1.388961,-6.151612,1.926307,-1.528914,-0.022738992,0.072604,0.027251,Mixed,FALSE,FALSE,FALSE,FALSE
DNK_011_MZB_LO_199,Denmark,55.94731953,12.18845374,1288679,1993,2018,25,26,0.207219532,0.392519148,0.185299615,0.172686,-0.610224,-1.144672,2.488987,0.906792,0.015086238,0.050487,0.009205,Mixed,FALSE,FALSE,FALSE,FALSE
DNK_011_MZB_LO_2,Denmark,57.49413745,10.34733937,1276401,1999,2018,19,20,0.532752355,0.673740415,0.14098806,0.040162,-0.138559,0.729698,2.496815,-0.180174,-0.029247056,0.008037,0.002079,Mixed,FALSE,FALSE,FALSE,FALSE
DNK_011_MZB_LO_20,Denmark,57.04548886,9.261810513,1282840,1999,2018,18,20,0.386367156,0.451927509,0.065560353,1.110658,-0.705822,-0.215848,5.293897,1.884641,-0.017634203,0.037513,0.005011,Mixed,FALSE,FALSE,FALSE,FALSE
DNK_011_MZB_LO_200,Denmark,55.83024059,12.44781171,1266117,1995,2016,18,22,0.378916154,0.452258906,0.073342752,1.101854,0.72428,2.425763,4.421637,2.53596,-0.038337001,0.011071,0.00125,Mixed,FALSE,FALSE,FALSE,FALSE
DNK_011_MZB_LO_201,Denmark,55.80720553,12.550076,1266117,1992,2019,25,28,0.349218775,0.290189639,-0.059029137,1.924259,1.681896,2.790735,2.829782,3.457737,-0.008405185,0.019683,0.010058,Mixed,FALSE,FALSE,FALSE,FALSE
DNK_011_MZB_LO_202,Denmark,55.92794096,12.49363054,1274099,1993,2018,22,26,0.227801574,0.387882292,0.160080718,0.206442,0.064053,-0.074177,-0.226763,0.565354,0.02594343,0.038787,0.011966,Mixed,FALSE,FALSE,FALSE,FALSE
DNK_011_MZB_LO_203,Denmark,55.70228781,11.62529041,1288254,1998,2018,19,21,0.478756639,0.491560677,0.012804037,-1.155844,0.509808,0.258758,-3.779767,-2.6005,-0.006630473,0.039905,0.008526,Mixed,FALSE,FALSE,FALSE,FALSE
DNK_011_MZB_LO_204,Denmark,55.7008862,11.58631057,1288254,1992,2018,25,27,0.330561228,0.527554255,0.196993027,0.665533,0.324502,0.893299,3.661759,0.680341,-0.003787062,0.021343,0.002703,Mixed,FALSE,FALSE,FALSE,FALSE
DNK_011_MZB_LO_205,Denmark,55.62969015,11.62419734,1288254,1994,2018,20,25,0.383696247,0.598143171,0.214446924,1.271083,1.468229,1.26334,0.467853,2.293943,-0.051143095,0.027685,0.018085,Mixed,FALSE,FALSE,FALSE,FALSE
DNK_011_MZB_LO_206,Denmark,55.73835133,11.58117343,1290784,1999,2018,18,20,0.195694541,0.246993263,0.051298721,0.389581,-0.424837,-2.424041,3.032383,1.614477,0.02053483,0.052317,0.020808,Mixed,FALSE,FALSE,FALSE,FALSE
DNK_011_MZB_LO_207,Denmark,55.80107949,12.03053641,1256366,1993,2018,23,26,0.366090132,0.544069709,0.177979576,-0.340911,0.041748,-1.272802,-0.809672,-0.526365,-0.037643925,0.041719,0.011457,Mixed,FALSE,FALSE,FALSE,FALSE
DNK_011_MZB_LO_208,Denmark,55.74085754,12.22627721,1282999,1993,2018,23,26,0.265856969,0.325970207,0.060113238,-0.219674,0.439635,-0.723075,-2.830096,-0.744765,0.0219255,0.052009,0.009564,Mixed,FALSE,FALSE,FALSE,FALSE
DNK_011_MZB_LO_209,Denmark,55.69316233,12.13825452,1274734,1998,2018,20,21,0.277263569,0.411008423,0.133744854,1.564093,0.00468,0.248689,5.440482,3.529179,-0.007117086,0.042181,0.013762,Mixed,FALSE,FALSE,FALSE,FALSE
DNK_011_MZB_LO_21,Denmark,57.09579143,9.502150537,1292800,1999,2018,19,20,0.382877404,0.351001639,-0.031875765,-1.285317,-2.136674,-6.187131,0.984676,-4.053175,-0.016554096,0.074222,0.015999,Mixed,FALSE,FALSE,FALSE,FALSE
DNK_011_MZB_LO_210,Denmark,55.77347795,12.29424252,1282999,1992,2018,21,27,0.389596095,0.310971077,-0.078625017,1.743922,0.672484,-0.099749,5.180793,4.490364,-0.032064475,0.018768,0.007955,Mixed,FALSE,FALSE,FALSE,FALSE
DNK_011_MZB_LO_211,Denmark,55.66047368,12.47782124,1292780,1993,2018,23,26,0.102351888,0.150964604,0.048612716,-0.700038,-1.529924,0.614425,4.101767,-0.390483,0.029929491,0.00754,0.004964,Mixed,FALSE,FALSE,FALSE,FALSE
DNK_011_MZB_LO_212,Denmark,55.22271871,11.39516734,1284251,1992,2018,24,27,0.113803836,0.224949533,0.111145697,2.276264,1.612827,1.424428,2.843402,4.66324,-0.031590414,0.013029,0.006324,Mixed,FALSE,FALSE,FALSE,FALSE
DNK_011_MZB_LO_213,Denmark,55.63840533,11.34301109,1294063,1992,2018,21,27,0.58840868,0.747969036,0.159560356,0.034874,-0.220899,0.417911,1.023566,0.182377,-0.004258886,0.029821,0.002369,Mixed,FALSE,FALSE,FALSE,FALSE
DNK_011_MZB_LO_214,Denmark,55.578172,11.40945584,1294063,1994,2018,21,25,0.264449438,0.619797081,0.355347643,1.373737,1.777871,3.090635,-1.629543,2.670458,-0.034210348,0.01813,0.00913,Mixed,FALSE,FALSE,FALSE,FALSE
DNK_011_MZB_LO_215,Denmark,55.54665499,11.73410052,1294063,2000,2018,16,19,0.349687226,0.35471061,0.005023385,-0.532387,0.147993,0.062525,0.68635,-0.730987,-0.013048644,0.004698,0.000521,Mixed,FALSE,FALSE,FALSE,FALSE
DNK_011_MZB_LO_216,Denmark,55.31879247,11.31491104,1283933,1992,2018,25,27,0.302299214,0.698811816,0.396512602,0.089551,-0.870358,0.613096,3.103779,0.184641,0.025159938,0.019482,0.003785,Mixed,FALSE,FALSE,FALSE,FALSE
DNK_011_MZB_LO_217,Denmark,55.50058166,11.48153159,1283933,1992,2019,25,28,0.339481928,0.475340361,0.135858434,0.31125,-0.360019,-0.663602,2.371725,0.33163,0.022649874,0.022006,0.002651,Mixed,FALSE,FALSE,FALSE,FALSE
DNK_011_MZB_LO_218,Denmark,55.42726081,11.29463908,1283933,1992,2019,26,28,0.251969696,0.584944018,0.332974322,1.40231,0.839097,1.181211,2.274374,2.467549,-0.032004814,0.018265,0.000929,Mixed,FALSE,FALSE,FALSE,FALSE
DNK_011_MZB_LO_219,Denmark,55.3692158,11.43164835,1283933,1995,2018,19,24,0.172318231,0.491726102,0.319407872,3.826423,3.460495,2.115239,-0.295997,7.706653,-0.028220879,0.056371,0.026146,Mixed,FALSE,FALSE,FALSE,FALSE
DNK_011_MZB_LO_22,Denmark,57.04325169,8.839215135,1294818,2000,2018,16,19,0.291844969,0.299385285,0.007540316,3.629776,-1.401117,-3.809067,17.835497,6.028461,-0.092233476,0.001846,0.002521,Mixed,FALSE,FALSE,FALSE,FALSE
DNK_011_MZB_LO_220,Denmark,55.32478015,11.6044759,1288001,1992,2018,26,27,0.370496624,0.695927124,0.325430499,1.768631,0.262339,0.645704,5.257459,3.388568,-0.034367816,0.002055,0.007634,Mixed,FALSE,FALSE,FALSE,FALSE
DNK_011_MZB_LO_221,Denmark,55.38695199,11.64744007,1288001,1992,2019,25,28,0.313210513,0.383939145,0.070728633,0.455984,-0.293478,-1.338819,2.626141,0.877131,-1.75E-05,0.024412,0.003302,Mixed,FALSE,FALSE,FALSE,FALSE
DNK_011_MZB_LO_222,Denmark,55.20019744,11.87639958,1292548,1993,2019,24,27,0.652016769,0.744032039,0.09201527,-0.291852,0.087773,-0.346016,-0.51838,-0.348753,0.032247563,0.010486,0.005882,Mixed,FALSE,FALSE,FALSE,FALSE
DNK_011_MZB_LO_223,Denmark,55.22455937,11.6337455,1287958,1993,2018,20,26,0.304256669,0.381710568,0.077453899,-0.033259,0.017061,1.148494,-0.752607,-0.409468,-0.028776716,0.046192,0.018947,Mixed,FALSE,FALSE,FALSE,FALSE
DNK_011_MZB_LO_224,Denmark,55.41990823,11.77821432,1288001,1999,2018,18,20,0.292461136,0.438837288,0.146376152,1.661773,-0.01229,0.828405,5.769841,3.073755,-0.029326365,0.00108,0.00816,Mixed,FALSE,FALSE,FALSE,FALSE
DNK_011_MZB_LO_225,Denmark,55.36375175,11.80920297,1288001,2005,2018,12,14,0.137060146,0.101062982,-0.035997164,-0.221845,-4.494017,-3.414502,16.564093,-1.450435,-0.018592015,0.053941,0.023264,Mixed,FALSE,FALSE,FALSE,FALSE
DNK_011_MZB_LO_226,Denmark,55.50898093,11.94974058,1294780,1994,2019,25,26,0.531754662,0.681892064,0.150137403,0.653639,0.810745,0.681709,-0.874206,1.249681,-0.016668541,0.008029,0.002267,Mixed,FALSE,FALSE,FALSE,FALSE
DNK_011_MZB_LO_227,Denmark,55.33431761,12.20428161,1287798,1992,2019,25,28,0.316417379,0.761062145,0.444644765,-0.80695,-0.078809,-0.686579,-5.329614,-1.291951,0.023616248,0.027759,0.009243,Mixed,FALSE,FALSE,FALSE,FALSE
DNK_011_MZB_LO_228,Denmark,55.42818179,12.20257394,1257403,2001,2018,11,18,0.293127405,0.603431706,0.310304302,0.522066,0.977319,2.600733,-0.649298,1.395339,-0.02795226,0.00255,0.006233,Mixed,FALSE,FALSE,FALSE,FALSE
DNK_011_MZB_LO_229,Denmark,55.22933758,12.13064059,1277968,1992,2018,25,27,0.313909029,0.398713415,0.084804386,0.134219,0.571361,0.921478,-2.501015,0.682139,-0.03206686,0.028856,0.009039,Mixed,FALSE,FALSE,FALSE,FALSE
DNK_011_MZB_LO_23,Denmark,56.82557539,9.550175629,1292800,1999,2018,20,20,0.444444444,0.870833333,0.426388889,2.513392,1.995458,2.182294,-0.221431,4.857466,-0.027147101,0.038508,0.009666,Mixed,FALSE,FALSE,FALSE,FALSE
DNK_011_MZB_LO_230,Denmark,54.98887518,12.38297707,1290563,1998,2018,19,21,0.282314466,0.321470684,0.039156218,-1.00591,-0.39975,-1.402201,-2.557049,-1.994036,0.004865932,0.036969,0.008706,Mixed,FALSE,FALSE,FALSE,FALSE
DNK_011_MZB_LO_231,Denmark,55.04610357,12.0873819,1287402,1993,2018,25,26,0.35624634,0.465035352,0.108789012,-2.229975,-2.31771,-1.251766,0.436969,-3.986946,-0.02919617,0.034656,0.001595,Mixed,FALSE,FALSE,FALSE,FALSE
DNK_011_MZB_LO_232,Denmark,55.10008132,11.8056088,1287953,1996,2018,20,23,0.220841199,0.173680687,-0.047160511,0.855231,3.746801,3.158565,-8.096578,2.193862,-0.015826572,0.039289,0.016245,Mixed,FALSE,FALSE,FALSE,FALSE
DNK_011_MZB_LO_233,Denmark,55.21977445,12.1430997,1277968,1993,2018,20,26,0.357899302,0.427371224,0.069471921,0.143634,0.189685,0.869756,-0.595109,0.73238,-0.014089249,0.019971,0.002214,Mixed,FALSE,FALSE,FALSE,FALSE
DNK_011_MZB_LO_234,Denmark,55.24181166,12.110111,1277968,1994,2018,17,25,0.229883691,0.342582863,0.112699172,1.245665,2.61405,1.105837,0.310806,2.516737,-0.056680209,0.006488,0.013774,Mixed,FALSE,FALSE,FALSE,FALSE
DNK_011_MZB_LO_235,Denmark,55.27292314,12.27586966,1250223,2004,2018,14,15,0.074159826,0.219671572,0.145511746,2.37177,3.415759,4.180268,-2.181574,5.015664,0.051289752,0.010706,0.018549,Mixed,FALSE,FALSE,FALSE,FALSE
DNK_011_MZB_LO_236,Denmark,54.64563211,11.9144684,1287776,2004,2018,14,15,0.20274108,0.214626734,0.011885653,0.675467,1.866118,-1.927976,-6.735204,1.347475,-0.00302143,0.005312,0.001159,Mixed,FALSE,FALSE,FALSE,FALSE
DNK_011_MZB_LO_237,Denmark,54.6048821,11.94062462,1287776,1994,2018,16,25,0.214105912,0.295215308,0.081109395,-1.781817,-0.609838,0.575529,-7.015315,-3.253041,0.036427701,0.028035,0.003707,Mixed,FALSE,FALSE,FALSE,FALSE
DNK_011_MZB_LO_238,Denmark,54.83184664,11.93351601,1276477,1993,2018,18,26,0.226303297,0.298991916,0.072688619,-0.106027,0.802086,2.415953,-3.61222,-0.164196,-0.001168893,0.004273,0.000846,Mixed,FALSE,FALSE,FALSE,FALSE
DNK_011_MZB_LO_239,Denmark,54.86710789,11.28579963,1287397,1992,2018,22,27,0.372685599,0.345606891,-0.027078708,-0.778812,0.147985,0.217288,-2.840214,-0.936314,0.006917797,0.004479,0.000264,Mixed,FALSE,FALSE,FALSE,FALSE
DNK_011_MZB_LO_24,Denmark,57.01597104,10.02637444,1294822,1999,2018,17,20,0.265839926,0.325478702,0.059638776,0.128266,1.899883,4.378547,-3.062483,-0.101034,-0.010510563,0.037232,0.010021,Mixed,FALSE,FALSE,FALSE,FALSE
DNK_011_MZB_LO_240,Denmark,54.71937281,11.69350854,1292773,1995,2018,13,24,0.106489728,0.30935492,0.202865192,-0.145569,1.579639,2.190245,-4.038697,-0.218893,-0.016553822,0.013502,0.005516,Mixed,FALSE,FALSE,FALSE,FALSE
DNK_011_MZB_LO_241,Denmark,54.82685321,11.47027346,1288323,1992,2016,21,25,0.238454605,0.345239266,0.106784661,-1.916841,0.287849,-1.02459,-9.734956,-3.30924,0.036154662,0.042559,0.007429,Mixed,FALSE,FALSE,FALSE,FALSE
DNK_011_MZB_LO_242,Denmark,54.70491741,11.31888869,1287184,1999,2018,17,20,0.083680286,0.271439948,0.187759662,4.155689,4.778136,7.463611,2.414874,7.982218,-0.106376643,0.082442,0.021744,Mixed,FALSE,FALSE,FALSE,FALSE
DNK_011_MZB_LO_243,Denmark,55.15281153,14.71282484,1249871,1997,2018,21,22,0.659533098,0.832832814,0.173299716,3.913441,1.579868,1.332761,6.083927,8.779183,0.008768702,0.023558,0.005231,Mixed,FALSE,FALSE,FALSE,FALSE
DNK_011_MZB_LO_244,Denmark,55.09150036,14.91490072,1227884,1998,2018,20,21,0.536846431,0.626444752,0.089598321,4.53753,0.663706,-0.454653,11.568025,9.889387,-0.027010501,0.065558,0.009007,Mixed,FALSE,FALSE,FALSE,FALSE
DNK_011_MZB_LO_245,Denmark,55.16662388,14.74254536,1249871,1999,2018,18,20,0.754532403,0.948202827,0.193670424,4.219805,-0.598209,-3.014531,17.600378,8.674748,-0.044561708,0.046374,0.006791,Mixed,FALSE,FALSE,FALSE,FALSE
DNK_011_MZB_LO_246,Denmark,55.00471947,14.99540359,1248145,1998,2018,20,21,0.758162058,0.826599018,0.06843696,2.550909,-0.304563,-2.438783,10.872985,5.425882,-0.013801403,0.030759,0.009118,Mixed,FALSE,FALSE,FALSE,FALSE
DNK_011_MZB_LO_247,Denmark,55.16967478,14.94069684,1228634,1997,2018,21,22,0.419449076,0.463541518,0.044092441,4.064529,-0.007318,-1.207004,13.728863,8.849422,-0.036734474,0.051558,0.008459,Mixed,FALSE,FALSE,FALSE,FALSE
DNK_011_MZB_LO_248,Denmark,55.19554324,14.9560968,1242117,1999,2018,19,20,0.449087388,0.948741524,0.499654136,6.001316,1.439376,0.416482,12.845892,13.401323,-0.120301117,0.069564,0.014933,Mixed,FALSE,FALSE,FALSE,FALSE
DNK_011_MZB_LO_25,Denmark,56.96435194,9.408530509,1292800,1999,2018,19,20,0.260468176,0.335154156,0.07468598,0.714944,0.831379,3.257828,-2.708076,1.563495,-0.013076212,0.044351,0.017681,Mixed,FALSE,FALSE,FALSE,FALSE
DNK_011_MZB_LO_26,Denmark,56.99953508,9.675428949,1292800,1999,2018,18,20,0.351810911,0.772938894,0.421127982,0.474938,-0.902902,-2.56352,-0.076098,0.86708,0.011039806,0.040541,0.00203,Mixed,FALSE,FALSE,FALSE,FALSE
DNK_011_MZB_LO_27,Denmark,56.91444062,9.43717065,1292800,1999,2018,19,20,0.378160063,0.483526958,0.105366895,0.64193,-0.134313,-0.952982,1.392522,1.251748,-0.036543214,0.033529,0.005783,Mixed,FALSE,FALSE,FALSE,FALSE
DNK_011_MZB_LO_28,Denmark,56.94178388,9.807815193,1259248,1999,2018,18,20,0.515916952,0.87147204,0.355555088,1.506709,0.474976,-0.69091,3.804455,2.038938,-0.059491588,0.024751,0.008519,Mixed,FALSE,FALSE,FALSE,FALSE
DNK_011_MZB_LO_29,Denmark,56.95767651,9.764929156,1294825,1999,2018,17,20,0.581159531,0.572722567,-0.008436963,1.19668,-0.314697,-0.684105,2.622091,1.563929,-0.012582985,0.041593,0.000959,Mixed,FALSE,FALSE,FALSE,FALSE
DNK_011_MZB_LO_3,Denmark,57.58261253,10.41286148,1277342,1999,2018,20,20,0.376058201,0.325330688,-0.050727513,3.092146,-0.069744,-0.360925,8.369891,4.565805,0.000475757,0.000578,0.005895,Mixed,FALSE,FALSE,FALSE,FALSE
DNK_011_MZB_LO_30,Denmark,56.85902385,8.519885396,1294093,1992,2018,24,27,0.162284212,0.234374278,0.072090067,3.402399,-0.570956,-1.033821,12.030245,7.773247,-0.00597084,0.020393,0.00305,Mixed,FALSE,FALSE,FALSE,FALSE
DNK_011_MZB_LO_31,Denmark,56.70530711,8.68562944,1294813,1999,2018,17,20,0.250800879,0.312133277,0.061332398,0.494382,-1.977465,-5.880201,7.973225,0.191388,-0.014077495,0.048971,0.015756,Mixed,FALSE,FALSE,FALSE,FALSE
DNK_011_MZB_LO_32,Denmark,56.73437666,9.399919455,1284315,1992,2019,25,28,0.482592963,0.778612445,0.296019482,0.159539,-3.022799,-5.536336,9.926351,0.252668,-0.011113052,0.050461,0.00979,Mixed,FALSE,FALSE,FALSE,FALSE
DNK_011_MZB_LO_33,Denmark,56.74513944,9.519340382,1284315,1999,2019,20,21,0.511733489,0.558662177,0.046928687,-0.096567,-1.026368,-3.309801,1.212146,-0.235619,-0.043063661,0.018646,0.002095,Mixed,FALSE,FALSE,FALSE,FALSE
DNK_011_MZB_LO_34,Denmark,56.81959178,9.288033916,1270056,1999,2019,19,21,0.327231797,0.596656888,0.26942509,-0.620662,1.359972,2.909661,-6.778163,-1.710288,-0.049593225,0.074199,0.021446,Mixed,FALSE,FALSE,FALSE,FALSE
DNK_011_MZB_LO_35,Denmark,56.57552255,9.360983798,1286681,1993,2018,22,26,0.446799698,0.523777655,0.076977957,2.589993,-2.252759,-4.044496,12.028199,5.633988,-0.005422234,0.057646,0.008195,Mixed,FALSE,FALSE,FALSE,FALSE
DNK_011_MZB_LO_36,Denmark,56.74889633,9.587791856,1284315,1999,2018,20,20,0.461989916,0.79931763,0.337327713,2.51877,2.362997,1.472949,0.269848,4.650827,-0.071918938,0.047222,0.009642,Mixed,FALSE,FALSE,FALSE,FALSE
DNK_011_MZB_LO_37,Denmark,56.87590497,9.30932007,1267089,2007,2018,12,12,0.830721747,0.756469611,-0.074252137,3.101453,3.053807,9.97156,5.989383,6.325315,0.036087695,0.019352,0.02891,Mixed,FALSE,FALSE,FALSE,FALSE
DNK_011_MZB_LO_38,Denmark,56.94285014,10.10025644,1276374,1999,2019,19,21,0.849212614,0.862321357,0.013108743,0.070979,-0.440971,-2.886136,1.264024,0.178671,0.018883558,0.026892,0.011109,Mixed,FALSE,FALSE,FALSE,FALSE
DNK_011_MZB_LO_39,Denmark,56.79568089,10.22889341,1279026,1999,2019,19,21,0.323320266,0.275079341,-0.048240925,0.231659,0.301683,1.09809,1.18622,0.037986,-0.00059955,0.031516,0.007927,Mixed,FALSE,FALSE,FALSE,FALSE
DNK_011_MZB_LO_4,Denmark,57.45471848,10.35968957,1284956,1999,2018,19,20,0.546586734,0.797080727,0.250493993,0.235523,1.906779,4.75957,-5.570263,0.771919,-0.024059861,0.047133,0.010736,Mixed,FALSE,FALSE,FALSE,FALSE
DNK_011_MZB_LO_40,Denmark,56.65318953,9.853143021,1291964,1999,2018,20,20,0.932705439,0.992824486,0.060119048,0.615221,1.614006,1.737573,-4.825649,1.674807,-0.018125122,0.036793,0.012627,Mixed,FALSE,FALSE,FALSE,FALSE
DNK_011_MZB_LO_41,Denmark,56.77198768,9.940773192,1291964,1999,2018,20,20,0.719856498,0.54373216,-0.176124339,-0.199686,-0.388281,0.23304,-0.473702,0.022138,0.009199376,0.001018,0.001818,Mixed,FALSE,FALSE,FALSE,FALSE
DNK_011_MZB_LO_42,Denmark,56.69651233,10.04103232,1291964,1999,2019,19,21,0.633357659,0.978688288,0.345330629,0.773396,-0.499983,-1.479374,3.052784,1.047846,-0.024309127,0.054106,0.001081,Mixed,FALSE,FALSE,FALSE,FALSE
DNK_011_MZB_LO_43,Denmark,56.67288394,10.09539427,1291964,1993,2019,25,27,0.472848604,0.761758512,0.288909908,0.659863,-0.087573,0.247854,1.388873,1.266981,-0.020019367,0.004898,0.006925,Mixed,FALSE,FALSE,FALSE,FALSE
DNK_011_MZB_LO_44,Denmark,56.99092831,10.16825037,1270394,1999,2018,17,20,0.216164403,0.185388916,-0.030775487,1.692794,1.441567,2.327042,-2.339496,3.046941,-0.051175291,0.014411,0.001515,Mixed,FALSE,FALSE,FALSE,FALSE
DNK_011_MZB_LO_45,Denmark,56.87082584,10.14885107,1279026,1999,2019,18,21,0.208947637,0.279763854,0.070816218,-0.84177,-0.430625,-0.157309,-1.849579,-2.507157,0.006099937,0.048785,0.006172,Mixed,FALSE,FALSE,FALSE,FALSE
DNK_011_MZB_LO_46,Denmark,56.5399379,8.488480276,1276469,1992,2018,26,27,0.593899531,0.648691971,0.05479244,-0.218156,0.855247,-0.381234,-2.451135,0.319807,-0.031588133,0.011859,0.00106,Mixed,FALSE,FALSE,FALSE,FALSE
DNK_011_MZB_LO_47,Denmark,56.66802387,8.949859479,1293550,1998,2019,19,22,0.417138182,0.656318763,0.239180581,0.503678,-3.559805,-6.647166,8.262294,1.157475,-0.060713154,0.048383,0.012798,Mixed,FALSE,FALSE,FALSE,FALSE
DNK_011_MZB_LO_48,Denmark,56.61663309,9.028971269,1277397,1998,2015,18,18,0.349771046,0.593129399,0.243358353,4.333209,-1.29351,-3.946147,11.722804,9.545667,-0.087131162,0.076977,0.010499,Mixed,FALSE,FALSE,FALSE,FALSE
DNK_011_MZB_LO_49,Denmark,56.46878743,8.825484956,1287663,1993,2018,24,26,0.370084382,0.673452161,0.303367779,0.160638,-0.71202,-1.583804,4.352558,1.103957,-0.060303926,0.013257,0.001043,Mixed,FALSE,FALSE,FALSE,FALSE
DNK_011_MZB_LO_5,Denmark,57.56910827,10.10881745,1258965,1999,2018,17,20,0.451082338,0.738168423,0.287086085,1.963991,1.496051,4.553253,0.031506,4.062514,0.005274794,0.053087,0.013514,Mixed,FALSE,FALSE,FALSE,FALSE
DNK_011_MZB_LO_50,Denmark,56.65865526,8.829861309,1285812,1999,2019,18,21,0.231507847,0.536008454,0.304500607,3.929712,-1.168999,-3.998531,14.770627,9.955235,-0.022761263,0.034722,0.008119,Mixed,FALSE,FALSE,FALSE,FALSE
DNK_011_MZB_LO_51,Denmark,56.40409685,8.759039146,1284903,1999,2018,19,20,0.59636587,0.58993607,-0.006429801,1.519178,2.148362,4.792721,-2.480668,3.21657,-0.0339885,0.058048,0.023177,Mixed,FALSE,FALSE,FALSE,FALSE
DNK_011_MZB_LO_52,Denmark,56.53265146,8.835092692,1292791,1999,2018,18,20,0.422888436,0.344636218,-0.078252218,0.057696,0.563076,2.155969,2.988499,0.010649,0.00070723,0.050562,0.000142,Mixed,FALSE,FALSE,FALSE,FALSE
DNK_011_MZB_LO_53,Denmark,56.61114975,9.430059944,1286707,1994,2018,25,25,0.557611189,1.075023326,0.517412138,2.235913,-1.019329,-3.193492,8.243079,4.6143,-0.058693302,0.043621,0.008419,Mixed,FALSE,FALSE,FALSE,FALSE
DNK_011_MZB_LO_54,Denmark,56.69910788,9.628037295,1286707,2000,2019,18,20,0.488931438,0.625608343,0.136676906,2.678863,-0.965274,-3.72537,2.623752,5.991688,-0.027724116,0.008527,0.00861,Mixed,FALSE,FALSE,FALSE,FALSE
DNK_011_MZB_LO_55,Denmark,56.57312959,9.492778465,1287664,1992,2018,26,27,0.393973336,0.834293808,0.440320472,1.460816,-1.139535,-2.932714,9.404073,3.638659,-0.010858723,0.038809,0.003185,Mixed,FALSE,FALSE,FALSE,FALSE
DNK_011_MZB_LO_56,Denmark,56.53350541,9.40412495,1287664,1993,2018,23,26,0.483135662,0.826148797,0.343013136,6.121093,0.803634,1.076214,14.726095,13.139081,-0.023571098,0.037717,0.010269,Mixed,FALSE,FALSE,FALSE,FALSE
DNK_011_MZB_LO_57,Denmark,56.55151051,9.730739329,1287664,1993,2018,19,26,0.244119136,0.739231223,0.495112087,3.844655,-1.391549,-2.705374,14.594649,7.624228,-0.033547394,0.052988,0.012473,Mixed,FALSE,FALSE,FALSE,FALSE
DNK_011_MZB_LO_58,Denmark,56.53251019,9.20545465,1285882,1992,2018,26,27,0.522297349,0.995573739,0.47327639,2.754258,-2.118081,-4.490058,11.781734,5.49043,-0.008364858,0.010501,0.002319,Mixed,FALSE,FALSE,FALSE,FALSE
DNK_011_MZB_LO_59,Denmark,56.46095226,9.139703345,1285882,1992,2019,27,28,0.596393406,0.908741717,0.312348311,1.901621,-0.99999,-2.499938,8.423831,3.983974,-0.036359975,0.028309,0.009734,Mixed,FALSE,FALSE,FALSE,FALSE
DNK_011_MZB_LO_6,Denmark,57.39826174,10.13485415,1258965,1999,2018,19,20,0.56010628,0.620804376,0.060698096,-2.123688,-0.776525,3.421536,-2.116956,-4.304026,0.017025254,0.047298,0.011002,Mixed,FALSE,FALSE,FALSE,FALSE
DNK_011_MZB_LO_60,Denmark,56.51329334,9.309366983,1285100,1999,2019,20,21,0.444832443,0.716497107,0.271664664,4.145996,1.693257,-0.168951,6.298778,8.250107,-0.045289239,0.027768,0.005194,Mixed,FALSE,FALSE,FALSE,FALSE
DNK_011_MZB_LO_61,Denmark,56.30549546,9.239402492,1294811,1993,2018,22,26,0.535429687,0.785483616,0.25005393,2.978803,-1.544994,-4.103816,11.955355,5.944316,-0.056697047,0.043688,0.011408,Mixed,FALSE,FALSE,FALSE,FALSE
DNK_011_MZB_LO_62,Denmark,56.52077161,8.967087386,1294811,1993,2019,19,27,0.265922249,0.385582908,0.119660658,3.781026,-0.872428,-3.391634,12.910904,8.510242,-0.054625408,0.023127,0.004295,Mixed,FALSE,FALSE,FALSE,FALSE
DNK_011_MZB_LO_63,Denmark,56.41208433,8.997552776,1294811,1993,2018,24,26,0.443757975,0.828922369,0.385164395,0.736535,0.363148,-0.093353,0.868013,1.190975,-0.065145628,0.042734,0.005194,Mixed,FALSE,FALSE,FALSE,FALSE
DNK_011_MZB_LO_64,Denmark,56.3425631,9.00239424,1294811,1999,2018,18,20,0.574307847,0.836006677,0.26169883,-1.6732,-2.522353,-6.690554,-4.262317,-3.242968,-0.07267316,0.059717,0.026161,Mixed,FALSE,FALSE,FALSE,FALSE
DNK_011_MZB_LO_65,Denmark,56.11193408,9.876797766,1292788,1992,2018,22,27,0.62233054,0.804783616,0.182453076,-0.07355,0.181193,-0.125484,-2.195781,0.063307,-0.021797294,0.005789,0.007607,Mixed,FALSE,FALSE,FALSE,FALSE
DNK_011_MZB_LO_66,Denmark,56.06263084,9.580151302,1292788,1992,2018,24,27,0.663819223,1.009347786,0.345528562,2.772701,2.341561,1.712358,0.58111,5.042628,-0.0249606,0.038512,0.011055,Mixed,FALSE,FALSE,FALSE,FALSE
DNK_011_MZB_LO_67,Denmark,56.22726038,9.762476013,1292788,1995,2019,22,25,0.68133467,0.957067529,0.275732859,1.406406,0.833814,-0.347023,2.573096,3.002434,0.035976186,0.042631,0.006819,Mixed,FALSE,FALSE,FALSE,FALSE
DNK_011_MZB_LO_68,Denmark,55.91027758,9.611980598,1292788,1999,2018,17,20,0.953444477,1.075489868,0.122045391,1.067121,1.27573,2.572872,-2.403168,2.646369,-0.006419259,0.008348,0.006444,Mixed,FALSE,FALSE,FALSE,FALSE
DNK_011_MZB_LO_69,Denmark,56.39203405,10.10380857,1293109,1998,2018,15,21,0.495371384,0.774194967,0.278823583,0.230028,1.147506,0.746769,-0.273534,0.537797,0.002964143,0.036422,0.012029,Mixed,FALSE,FALSE,FALSE,FALSE
DNK_011_MZB_LO_7,Denmark,57.51751246,9.89928212,1278855,1999,2018,19,20,0.485816707,0.643964321,0.158147614,3.063575,2.54743,2.346904,1.674804,6.33614,-0.040732509,0.021529,0.001394,Mixed,FALSE,FALSE,FALSE,FALSE
DNK_011_MZB_LO_70,Denmark,56.42538393,10.27904039,1293109,2002,2018,14,17,0.630200542,0.552617997,-0.077582545,-0.966635,0.112119,0.122074,-2.87263,-1.890282,0.053294557,0.025383,0.01017,Mixed,FALSE,FALSE,FALSE,FALSE
DNK_011_MZB_LO_71,Denmark,56.227613,9.736901852,1292788,1999,2018,17,20,0.587361909,1.074763248,0.487401339,2.947369,2.358715,3.975035,0.913296,6.092247,-0.059215848,0.037939,0.009098,Mixed,FALSE,FALSE,FALSE,FALSE
DNK_011_MZB_LO_72,Denmark,56.18764852,9.657119989,1292788,1998,2019,19,22,0.443273684,1.079241075,0.635967391,1.372561,2.103827,2.829718,-2.509637,3.166076,-0.038740641,0.062554,0.012451,Mixed,FALSE,FALSE,FALSE,FALSE
DNK_011_MZB_LO_73,Denmark,56.44624221,9.962168766,1292788,2002,2018,16,17,0.482907359,0.479278444,-0.003628914,-2.844291,0.76635,1.838256,-6.937883,-5.155922,0.048648764,0.030628,0.008242,Mixed,FALSE,FALSE,FALSE,FALSE
DNK_011_MZB_LO_74,Denmark,56.05403802,9.909669239,1292788,1998,2018,18,21,0.47211035,0.616844401,0.144734051,1.238678,1.403242,1.709633,-1.167514,2.079008,0.020372289,0.004439,0.005025,Mixed,FALSE,FALSE,FALSE,FALSE
DNK_011_MZB_LO_76,Denmark,56.01325493,9.963920885,1292788,1999,2018,18,20,0.38948981,0.330589059,-0.058900751,1.090682,0.157269,1.607479,2.260565,2.531894,-0.034131913,0.05017,0.013385,Mixed,FALSE,FALSE,FALSE,FALSE
DNK_011_MZB_LO_77,Denmark,56.10710826,9.823385921,1292788,1992,2019,25,28,0.489859608,1.095421766,0.605562158,1.405425,0.801212,0.347215,1.869279,2.965375,-0.058400162,0.049811,0.011519,Mixed,FALSE,FALSE,FALSE,FALSE
DNK_011_MZB_LO_78,Denmark,56.26013768,9.503971626,1292788,1992,2018,24,27,0.713322522,0.833084663,0.11976214,1.262072,-1.22649,-2.690139,8.510001,2.152969,-0.034337916,0.018677,0.005275,Mixed,FALSE,FALSE,FALSE,FALSE
DNK_011_MZB_LO_79,Denmark,56.10812554,9.907728665,1292788,1998,2018,18,21,0.466821226,0.850961619,0.384140393,1.310024,0.747278,-0.124535,0.789789,2.936868,-0.021365015,0.012647,0.013603,Mixed,FALSE,FALSE,FALSE,FALSE
DNK_011_MZB_LO_8,Denmark,57.51590171,9.898407784,1278855,1999,2018,19,20,0.304728604,0.489666649,0.184938045,3.993581,2.622022,2.930382,4.654943,8.298292,-0.064661611,0.048432,0.011318,Mixed,FALSE,FALSE,FALSE,FALSE
DNK_011_MZB_LO_80,Denmark,55.84029485,9.506319744,1292788,1999,2018,20,20,0.54519399,0.75503721,0.20984322,0.065431,-0.001209,-0.020444,1.421983,1.284563,0.009114764,0.056376,0.005956,Mixed,FALSE,FALSE,FALSE,FALSE
DNK_011_MZB_LO_81,Denmark,56.10892401,9.808309694,1292788,1993,2018,24,26,0.80758115,0.874985519,0.067404369,0.126233,-0.20648,-0.336315,2.564106,-0.027,-0.007640515,0.009464,0.001708,Mixed,FALSE,FALSE,FALSE,FALSE
DNK_011_MZB_LO_82,Denmark,56.02484698,9.783656329,1292788,1999,2019,18,21,1.037648164,1.059961331,0.022313167,-0.556861,-0.122054,0.909179,-2.468888,-0.511769,-0.014049544,0.036124,0.000216,Mixed,FALSE,FALSE,FALSE,FALSE
DNK_011_MZB_LO_83,Denmark,56.44873211,9.613826894,1292788,1993,2018,22,26,0.245724898,0.50280178,0.257076882,4.748639,-1.591175,-2.421929,16.180933,10.768579,-0.098313879,0.046291,0.006177,Mixed,FALSE,FALSE,FALSE,FALSE
DNK_011_MZB_LO_84,Denmark,56.28984861,10.19274257,1292788,1998,2018,19,21,0.474218763,0.583231406,0.109012643,2.194347,2.001231,0.353491,-0.038954,4.80652,-0.027160561,0.009063,0.008158,Mixed,FALSE,FALSE,FALSE,FALSE
DNK_011_MZB_LO_85,Denmark,56.35060926,10.21376569,1293109,1998,2018,16,21,0.549539953,0.930751956,0.381212003,1.153696,1.583621,-0.037978,-2.07203,2.265317,-0.010209197,0.00156,0.001989,Mixed,FALSE,FALSE,FALSE,FALSE
DNK_011_MZB_LO_86,Denmark,56.40127675,9.574241728,1292788,1995,2018,21,24,0.411002835,0.680988553,0.269985718,4.314482,0.225141,-0.81601,11.497033,8.865874,0.013061486,0.051859,0.009461,Mixed,FALSE,FALSE,FALSE,FALSE
DNK_011_MZB_LO_87,Denmark,56.39746309,9.642860037,1292788,1995,2018,20,24,0.629905271,0.935964368,0.306059097,5.628388,1.192319,1.052634,16.510931,11.710545,-0.049221747,0.047282,0.013413,Mixed,FALSE,FALSE,FALSE,FALSE
DNK_011_MZB_LO_88,Denmark,56.3769608,10.10138095,1293109,2000,2018,16,19,0.456609466,0.801945179,0.345335713,1.639717,2.137994,2.66241,-5.191466,2.406025,-0.052633255,0.033163,0.006525,Mixed,FALSE,FALSE,FALSE,FALSE
DNK_011_MZB_LO_89,Denmark,56.39988627,10.02320063,1292788,2005,2018,11,14,0.244232808,0.561142408,0.316909601,1.588151,4.16778,2.655537,-1.635637,3.597078,-0.077297891,0.097235,0.045324,Mixed,FALSE,FALSE,FALSE,FALSE
DNK_011_MZB_LO_9,Denmark,57.40769728,9.964134308,1278855,1999,2018,19,20,0.393626916,0.436869477,0.043242561,2.833837,1.082205,2.943979,6.771673,5.106254,-0.034560193,0.051009,0.020763,Mixed,FALSE,FALSE,FALSE,FALSE
DNK_011_MZB_LO_90,Denmark,56.37771411,8.560817604,1291931,1992,2018,25,27,0.316948893,0.422311311,0.105362418,0.439495,0.946256,0.608303,-1.779679,1.302079,-0.020900165,0.017689,0.006443,Mixed,FALSE,FALSE,FALSE,FALSE
DNK_011_MZB_LO_91,Denmark,56.3246151,8.405613659,1291931,1992,2018,27,27,0.416300904,1.058687147,0.642386243,-0.316796,2.698318,6.323696,-9.304814,-0.399562,0.004017419,0.052067,0.016375,Mixed,FALSE,FALSE,FALSE,FALSE
DNK_011_MZB_LO_92,Denmark,56.20712127,9.046845391,1291931,1992,2019,26,28,0.314739235,0.459678634,0.144939399,-0.591604,-1.630322,-1.901027,4.724628,-1.396268,-0.030900759,0.029118,0.01197,Mixed,FALSE,FALSE,FALSE,FALSE
DNK_011_MZB_LO_93,Denmark,56.12112731,9.05024721,1291931,1993,2019,22,27,0.297696075,0.335817457,0.038121382,-0.602138,-1.955995,-2.032505,5.319431,-1.22768,0.005024168,0.00281,0.014006,Mixed,FALSE,FALSE,FALSE,FALSE
DNK_011_MZB_LO_94,Denmark,56.44290334,8.472639667,1291931,1993,2018,25,26,0.312073888,0.69624969,0.384175802,0.014622,1.196171,1.508209,-3.208857,1.394319,-0.046904571,0.031214,0.009879,Mixed,FALSE,FALSE,FALSE,FALSE
DNK_011_MZB_LO_95,Denmark,56.47271387,8.196118748,1291931,1993,2018,25,26,0.508139269,0.527560875,0.019421606,0.528155,1.532112,1.449802,-2.343114,1.616321,-0.023962819,0.009683,0.003705,Mixed,FALSE,FALSE,FALSE,FALSE
DNK_011_MZB_LO_96,Denmark,56.3588959,8.736779614,1291931,1993,2018,24,26,0.482448583,0.896867469,0.414418886,0.551724,-0.230861,-0.261061,3.599872,2.584701,-0.056838758,0.035327,0.008082,Mixed,FALSE,FALSE,FALSE,FALSE
DNK_011_MZB_LO_97,Denmark,56.31455267,8.845991642,1291931,2003,2018,15,16,0.887959614,0.978375527,0.090415913,-1.012055,-0.654466,-0.896202,-1.867967,-0.48621,0.030475605,0.035786,0.008655,Mixed,FALSE,FALSE,FALSE,FALSE
DNK_011_MZB_LO_98,Denmark,56.487497,8.137700946,1256651,1993,2018,25,26,0.464478453,0.441336594,-0.023141859,1.019308,2.879983,4.197755,-3.431139,2.116907,0.000237522,0.035399,0.009191,Mixed,FALSE,FALSE,FALSE,FALSE
DNK_011_MZB_LO_99,Denmark,56.29464596,8.511263082,1291931,1999,2018,20,20,0.505777279,0.707033892,0.201256614,1.202071,0.960413,0.258159,2.542044,3.018452,-0.073924695,0.03566,0.005497,Mixed,FALSE,FALSE,FALSE,FALSE
ENG_044_MZB_LO_10,England,51.090344,-2.016884,1173229,2006,2019,14,14,1.083499762,1.052726367,-0.030773395,1.457181,0.83319,-0.667577,3.161785,2.716963,-0.086195466,0.016768,0.000978,Family,FALSE,FALSE,FALSE,FALSE
ENG_062_MZB_LO_1,England,53.98275874,-2.107701908,1174178,2002,2018,15,17,0.837901422,0.997089201,0.159187779,1.732861,1.443389,2.280779,0.372702,3.748263,-0.080871501,0.062313,0.01304,Family,FALSE,FALSE,FALSE,FALSE
ENG_062_MZB_LO_10,England,54.38377311,-1.978770327,1174178,2012,2023,7,12,1.068353095,1.034766128,-0.033586967,1.121163,4.766785,11.317069,-8.306932,2.814162,0.077377936,0.05918,0.013249,Family,FALSE,FALSE,FALSE,FALSE
ENG_062_MZB_LO_1005,England,51.59197014,-1.184509316,1172947,2002,2015,7,14,0.953893159,1.04021082,0.08631766,-2.843782,1.707157,3.290315,-13.48117,-5.600169,0.04792133,0.084314,0.014347,Family,FALSE,FALSE,FALSE,FALSE
ENG_062_MZB_LO_1007,England,51.2922516,-1.026337125,1172947,2007,2020,14,14,0.937141147,0.783348817,-0.15379233,-3.146694,-2.703031,-3.151998,-0.356068,-8.323303,-0.006626225,0.098746,0.023369,Family,FALSE,FALSE,FALSE,FALSE
ENG_062_MZB_LO_1009,England,51.11409074,-0.27056671,1172947,2003,2022,7,20,0.692686303,0.636666853,-0.05601945,0.484579,-0.722524,-1.242757,0.884782,0.045549,-0.06676519,0.045324,0.016171,Family,FALSE,FALSE,FALSE,FALSE
ENG_062_MZB_LO_101,England,54.34395621,-1.469007975,1174178,2002,2014,9,13,0.757176667,1.038774615,0.281597947,4.156407,3.485707,8.851943,1.477305,9.530736,-0.027126242,0.131366,0.043863,Family,FALSE,FALSE,FALSE,FALSE
ENG_062_MZB_LO_1011,England,51.46225728,-1.076774747,1172947,2003,2023,16,21,0.738942672,0.760674183,0.021731511,-0.893906,0.115393,0.698618,-4.03232,-2.022035,0.015170435,0.011837,0.000912,Family,FALSE,FALSE,FALSE,FALSE
ENG_062_MZB_LO_1018,England,51.86409474,-1.597616583,1172947,2003,2023,7,21,0.965842723,1.069050537,0.103207814,-0.113307,0.374009,-0.908945,-2.337526,-0.569743,-0.056535548,0.048605,0.010999,Family,FALSE,FALSE,FALSE,FALSE
ENG_062_MZB_LO_1019,England,51.63874531,-0.786856864,1172947,2003,2015,12,13,0.851258385,0.970291401,0.119033016,1.360273,-1.317864,-5.095488,12.670211,3.474734,-0.008413232,0.096317,0.031231,Family,FALSE,FALSE,FALSE,FALSE
ENG_062_MZB_LO_102,England,54.25730263,-1.422335487,1174178,2002,2014,9,13,0.802687821,0.956550145,0.153862324,0.974802,6.638996,11.073183,-16.909816,2.631207,-0.075086338,0.088964,0.006798,Family,FALSE,FALSE,FALSE,FALSE
ENG_062_MZB_LO_1020,England,51.32048809,-1.029742837,1172947,2002,2014,9,13,1.014131935,1.083624372,0.069492437,2.032797,0.590545,1.502311,8.640365,3.303791,0.0371099,0.096045,0.013362,Family,FALSE,FALSE,FALSE,FALSE
ENG_062_MZB_LO_103,England,54.42696859,-1.462480077,1174178,2002,2014,10,13,0.779723364,1.031875216,0.252151852,3.755323,1.645133,-7.698022,8.593565,9.392052,-0.069170437,0.105649,0.036665,Family,FALSE,FALSE,FALSE,FALSE
ENG_062_MZB_LO_1038,England,51.43031258,-1.537266498,1172947,2003,2013,7,11,0.901325468,0.993791892,0.092466424,-4.410309,0.263589,-0.588176,-19.200589,-7.26725,0.153128824,0.064519,0.023584,Family,FALSE,FALSE,FALSE,FALSE
ENG_062_MZB_LO_1042,England,51.67082589,-1.864651414,1172947,2003,2012,8,10,0.886662706,1.097882577,0.21121987,6.77081,2.009624,-0.381529,30.058013,19.570757,-0.112953122,0.121698,0.047028,Family,FALSE,FALSE,FALSE,FALSE
ENG_062_MZB_LO_1044,England,51.64285334,-0.752409239,1172947,2002,2021,10,20,0.837521026,0.893841473,0.056320447,0.438525,0.553769,1.622165,0.957289,0.461548,-0.060934102,0.0292,0.001095,Family,FALSE,FALSE,FALSE,FALSE
ENG_062_MZB_LO_1047,England,51.15272893,-0.964907807,1172947,2002,2024,9,23,0.793666113,0.97754325,0.183877137,0.422711,-0.053506,-1.219198,2.038535,0.87323,-0.010860047,0.012425,0.007469,Family,FALSE,FALSE,FALSE,FALSE
ENG_062_MZB_LO_105,England,54.31310127,-1.954765777,1174178,2013,2024,7,12,1.02223385,0.933391828,-0.088842022,3.096742,5.066733,7.405663,-6.116596,5.099624,-0.007942871,0.072301,0.015212,Family,FALSE,FALSE,FALSE,FALSE
ENG_062_MZB_LO_1054,England,51.42301627,-1.350513468,1172947,2002,2022,11,21,1.010629552,1.060451738,0.049822186,-1.494197,-1.349711,-0.401961,-0.442453,-2.835488,0.027710873,0.027165,0.007039,Family,FALSE,FALSE,FALSE,FALSE
ENG_062_MZB_LO_1055,England,51.62333547,-0.733399167,1172947,2002,2019,14,18,0.875576978,0.996414166,0.120837188,0.486588,-1.646826,0.517626,-0.702933,1.35227,0.002857264,0.031803,0.00342,Family,FALSE,FALSE,FALSE,FALSE
ENG_062_MZB_LO_1057,England,51.51380266,-0.607128053,1172947,2002,2019,14,18,0.559352124,0.593372547,0.034020424,3.929152,3.081096,0.247253,-1.870666,8.813376,-0.036457667,0.020942,0.024498,Family,FALSE,FALSE,FALSE,FALSE
ENG_062_MZB_LO_1058,England,51.25664473,-0.966859432,1172947,2004,2024,20,21,0.987364715,1.030209374,0.04284466,-1.422644,-1.700402,-2.730114,0.931445,-2.745609,-0.067222204,0.040115,0.014525,Family,FALSE,FALSE,FALSE,FALSE
ENG_062_MZB_LO_1065,England,51.12379783,-0.846521614,1172947,2002,2023,12,22,0.929332196,0.967012658,0.037680462,-1.031758,-0.800826,-2.151881,-0.861139,-1.672205,-0.005285805,0.040778,0.009516,Family,FALSE,FALSE,FALSE,FALSE
ENG_062_MZB_LO_1069,England,51.21236491,-0.383078195,1172947,2004,2021,17,18,0.970244433,0.975576109,0.005331676,1.047195,1.736599,3.883468,-3.029569,1.609241,-0.051094556,0.040786,0.009117,Family,FALSE,FALSE,FALSE,FALSE
ENG_062_MZB_LO_1073,England,51.6517766,-1.975169739,1172947,2002,2023,21,22,0.892552428,0.972408696,0.079856268,-0.260698,0.323272,0.804234,-4.417351,-1.151414,0.022951332,0.000282,0.002997,Family,FALSE,FALSE,FALSE,FALSE
ENG_062_MZB_LO_1075,England,51.40013099,-0.413300535,1172947,2002,2015,9,14,1.016354481,1.009607644,-0.006746837,-2.239886,-2.308675,-3.793502,-1.563149,-4.009685,0.045275949,0.09517,0.019691,Family,FALSE,FALSE,FALSE,FALSE
ENG_062_MZB_LO_1077,England,51.39730359,-0.313244994,1172947,2002,2014,7,13,1.072060239,1.059346758,-0.012713481,-2.066862,-2.861098,-4.941532,-1.828905,-4.303424,-0.003907585,0.083473,0.019399,Family,FALSE,FALSE,FALSE,FALSE
ENG_062_MZB_LO_1080,England,51.83047993,-0.845302429,1172947,2003,2022,18,20,0.80799853,0.760062636,-0.047935894,-1.405372,-2.266435,-3.638911,0.002986,-3.342809,0.036978634,0.050851,0.002242,Family,FALSE,FALSE,FALSE,FALSE
ENG_062_MZB_LO_1088,England,51.20479587,-0.18979845,1172947,2002,2024,9,23,0.964868924,1.037471391,0.072602467,-0.709006,-1.453719,-1.536633,2.904115,-1.600838,0.053869007,0.048456,0.003957,Family,FALSE,FALSE,FALSE,FALSE
ENG_062_MZB_LO_1090,England,51.58397917,-1.825233126,1172947,2002,2014,8,13,0.744362671,0.816290167,0.071927496,-1.211706,0.88787,2.463846,-2.055198,-2.202266,-0.020168902,0.040695,0.006987,Family,FALSE,FALSE,FALSE,FALSE
ENG_062_MZB_LO_1091,England,51.56269625,-1.807902682,1172947,2002,2024,7,23,0.788574639,0.960298738,0.171724098,0.281883,1.11815,-0.48878,-4.522536,-0.663629,-0.065081613,0.041524,0.002522,Family,FALSE,FALSE,FALSE,FALSE
ENG_062_MZB_LO_1092,England,51.4250221,-1.721277791,1172947,2003,2024,15,22,0.964482533,1.058776442,0.094293908,1.229646,0.850148,1.754165,-0.720185,2.559666,-0.010066033,0.000225,0.005116,Family,FALSE,FALSE,FALSE,FALSE
ENG_062_MZB_LO_1093,England,51.46543614,-0.87636621,1172947,2002,2014,10,13,1.025543225,1.023566273,-0.001976952,0.013167,-2.284411,-4.205338,5.620039,-0.124479,-0.034081533,0.068369,0.015348,Family,FALSE,FALSE,FALSE,FALSE
ENG_062_MZB_LO_1100,England,51.17539035,-0.185298468,1172947,2003,2023,11,21,0.842473168,0.740499111,-0.101974057,-4.976244,-3.306056,-5.047388,-8.321047,-2.569248,0.03067901,0.085123,0.023571,Family,FALSE,FALSE,FALSE,FALSE
ENG_062_MZB_LO_1101,England,51.23906463,-0.311731423,1172947,2002,2016,9,15,1.003683263,1.002683833,-0.00099943,-2.760157,-0.871847,1.445986,-8.042136,-5.54256,-0.033393715,0.069477,0.009801,Family,FALSE,FALSE,FALSE,FALSE
ENG_062_MZB_LO_1103,England,51.38010208,-0.377679497,1172947,2002,2019,14,18,0.986467271,0.963582583,-0.022884687,-0.333004,-0.908659,-3.58031,0.643775,-0.780708,0.025897048,0.050751,0.003072,Family,FALSE,FALSE,FALSE,FALSE
ENG_062_MZB_LO_1105,England,51.24898931,-0.321513081,1172947,2002,2020,18,19,1.02737736,1.068080901,0.04070354,-0.74266,0.345509,-1.407152,-6.692402,-1.587008,-0.054001284,0.013905,0.006274,Family,FALSE,FALSE,FALSE,FALSE
ENG_062_MZB_LO_1106,England,51.14313905,-0.199143489,1172947,2002,2014,9,13,0.805296878,0.793386782,-0.011910096,-8.027203,-6.484293,-9.571694,-7.801036,-16.60009,0.093612257,0.112123,0.032076,Family,FALSE,FALSE,FALSE,FALSE
ENG_062_MZB_LO_111,England,53.46762123,-1.637213973,1174178,2002,2023,20,22,0.917103171,1.000106596,0.083003425,3.183466,2.704565,4.623116,1.155109,6.143883,-0.074468342,0.017633,0.001329,Family,FALSE,FALSE,FALSE,FALSE
ENG_062_MZB_LO_1111,England,51.29260006,-1.016391207,1172947,2002,2023,22,22,1.036885743,1.086493694,0.049607951,-0.284121,-1.114832,-1.605355,4.492885,-0.680538,4.84E-05,0.029442,0.009048,Family,FALSE,FALSE,FALSE,FALSE
ENG_062_MZB_LO_1118,England,51.46996075,-1.441025047,1172947,2002,2020,14,19,0.967352885,0.966996576,-0.000356309,0.748484,0.586203,0.309279,0.90223,1.500476,-0.017377121,0.000915,0.002045,Family,FALSE,FALSE,FALSE,FALSE
ENG_062_MZB_LO_112,England,53.79831926,-1.629376343,1174178,2002,2021,7,20,0.813487894,0.964602103,0.151114208,1.870804,1.478493,0.861273,-0.159877,4.482659,-0.062617732,0.065114,0.014767,Family,FALSE,FALSE,FALSE,FALSE
ENG_062_MZB_LO_1120,England,51.41708748,-1.760368623,1172947,2002,2019,16,18,1.012960525,1.008798336,-0.004162189,-0.152099,0.729377,2.94323,-4.270372,-0.868335,-0.081344598,0.029756,0.003502,Family,FALSE,FALSE,FALSE,FALSE
ENG_062_MZB_LO_1125,England,51.81667563,0.292310466,1172947,2002,2015,8,14,0.802475995,0.960180521,0.157704526,1.767968,1.420801,1.145768,5.971591,0.734329,-0.20015274,0.080587,0.013834,Family,FALSE,FALSE,FALSE,FALSE
ENG_062_MZB_LO_1126,England,51.40435488,-0.293432209,1172947,2002,2022,10,21,0.683531681,0.72269675,0.039165069,1.211729,1.132751,0.885724,5.804315,1.82345,-0.006635959,0.05351,0.011141,Family,FALSE,FALSE,FALSE,FALSE
ENG_062_MZB_LO_1128,England,51.31636574,-0.897231733,1172947,2002,2014,9,13,0.937718927,0.957522837,0.01980391,-2.213546,-3.636559,-1.228688,7.162917,-4.312887,0.057713395,0.093377,0.022834,Family,FALSE,FALSE,FALSE,FALSE
ENG_062_MZB_LO_1129,England,51.16632577,-0.174926229,1172947,2002,2016,9,15,0.738020444,0.797002954,0.05898251,-0.994171,0.430168,-2.045241,-5.128366,-2.652585,0.000915571,0.037313,0.00663,Family,FALSE,FALSE,FALSE,FALSE
ENG_062_MZB_LO_1130,England,51.14795377,-0.161782257,1172947,2002,2016,9,15,0.726745573,0.642392193,-0.08435338,-4.248379,-2.577949,-0.252196,-0.046265,-8.398509,0.076725939,0.084898,0.018366,Family,FALSE,FALSE,FALSE,FALSE
ENG_062_MZB_LO_1132,England,51.59167014,-1.356384455,1172947,2003,2024,7,22,0.969306904,1.000925808,0.031618903,0.03992,0.388765,-0.317739,-3.366388,0.204325,0.024062892,0.001851,0.001172,Family,FALSE,FALSE,FALSE,FALSE
ENG_062_MZB_LO_114,England,54.05769442,-1.960235714,1174178,2002,2017,7,16,0.7909266,0.919669017,0.128742418,2.515778,3.38536,7.911155,0.070737,5.958123,-0.093395274,0.090546,0.021219,Family,FALSE,FALSE,FALSE,FALSE
ENG_062_MZB_LO_1141,England,51.9456855,-1.748749124,1172947,2002,2012,10,11,0.882297656,0.885108732,0.002811075,-1.310848,-1.728882,-1.84516,0.076443,-3.047806,0.001808843,0.041669,0.011764,Family,FALSE,FALSE,FALSE,FALSE
ENG_062_MZB_LO_1148,England,51.12238862,-0.491206746,1172947,2002,2023,22,22,0.86831329,0.921729509,0.053416219,-0.689085,-0.636061,-1.315777,-0.525662,-0.554764,-0.016104779,0.036736,0.011706,Family,FALSE,FALSE,FALSE,FALSE
ENG_062_MZB_LO_115,England,53.74194173,-2.013351826,1174178,2002,2020,11,19,0.904968369,0.913744504,0.008776135,0.866436,-0.540417,-1.032707,3.116908,1.903262,-0.000713454,0.036047,0.003715,Family,FALSE,FALSE,FALSE,FALSE
ENG_062_MZB_LO_1152,England,51.64019746,-1.665162609,1172947,2002,2022,7,21,1.018564873,1.006437065,-0.012127807,-1.091567,-0.471155,0.237002,-1.795428,-3.876287,-0.002290912,0.060446,0.00957,Family,FALSE,FALSE,FALSE,FALSE
ENG_062_MZB_LO_1156,England,52.05436687,-1.31745801,1172947,2003,2020,16,18,0.652522258,0.733485551,0.080963293,0.126277,1.394718,1.984132,-7.371131,-0.465115,-0.002117079,0.02078,0.010163,Family,FALSE,FALSE,FALSE,FALSE
ENG_062_MZB_LO_116,England,54.00617575,-0.337591477,1170587,2002,2017,9,16,0.821160978,0.940979314,0.119818336,2.096721,1.474173,2.52785,6.155755,4.129418,-0.024296012,0.009158,0.003036,Family,FALSE,FALSE,FALSE,FALSE
ENG_062_MZB_LO_1160,England,52.07052424,-1.331713779,1172947,2003,2019,16,17,0.754382371,0.786858784,0.032476413,-2.563874,-2.841804,-5.045154,-0.507697,-4.361508,0.072045815,0.084668,0.011237,Family,FALSE,FALSE,FALSE,FALSE
ENG_062_MZB_LO_1168,England,51.35000983,-0.824626309,1172947,2002,2014,7,13,0.766212977,0.894713093,0.128500115,-0.574216,0.523793,2.706738,-0.157723,-2.574937,0.023963566,0.02977,0.009573,Family,FALSE,FALSE,FALSE,FALSE
ENG_062_MZB_LO_117,England,53.81306799,-1.966326145,1174178,2002,2015,10,14,0.856399584,0.938371728,0.081972144,3.89326,2.657544,3.148672,4.658809,7.745493,-0.054565949,0.065379,0.020627,Family,FALSE,FALSE,FALSE,FALSE
ENG_062_MZB_LO_1172,England,50.66519877,-1.233613806,1173452,2004,2018,12,15,0.908647774,0.899143405,-0.009504369,-1.059293,-0.272402,-0.028593,-1.832701,-2.383654,-0.026471663,0.067882,0.012443,Family,FALSE,FALSE,FALSE,FALSE
ENG_062_MZB_LO_1173,England,50.89159306,0.361144352,1167606,2002,2013,9,12,0.728120068,0.79265781,0.064537742,-0.344265,1.182586,0.161592,-10.862788,0.016582,-0.019776064,0.00223,0.01899,Family,FALSE,FALSE,FALSE,FALSE
ENG_062_MZB_LO_1175,England,51.08828001,0.32579284,1172862,2003,2021,7,19,1.001478237,0.858585042,-0.142893195,-2.78446,-2.224699,-4.397213,-5.481898,-5.601649,0.045281473,0.079574,0.023785,Family,FALSE,FALSE,FALSE,FALSE
ENG_062_MZB_LO_1176,England,51.15189585,1.269624808,1155715,2002,2014,11,13,1.056025765,1.038770404,-0.017255361,6.782568,7.625886,4.126034,0.708412,16.762929,-0.096435264,0.088602,0.031366,Family,FALSE,FALSE,FALSE,FALSE
ENG_062_MZB_LO_1179,England,50.75733032,-1.630205619,1170195,2002,2019,7,18,0.949451807,0.997542958,0.048091152,-0.01351,1.288294,2.997384,-7.158101,0.128875,-0.032557118,0.06162,0.013094,Family,FALSE,FALSE,FALSE,FALSE
ENG_062_MZB_LO_118,England,54.20928457,-1.746438149,1174178,2002,2021,18,20,0.99451529,0.924580744,-0.069934546,-0.386147,-0.094535,-0.291808,-1.128343,-0.554549,0.047393036,0.011858,0.000514,Family,FALSE,FALSE,FALSE,FALSE
ENG_062_MZB_LO_1183,England,50.69810007,-1.303166586,1173454,2002,2023,19,22,0.849532863,1.016811886,0.167279024,0.789802,1.372654,1.184668,-2.754364,2.0448,-0.043039034,0.040636,0.004837,Family,FALSE,FALSE,FALSE,FALSE
ENG_062_MZB_LO_1184,England,50.9943598,0.001866568,1172941,2002,2015,7,14,1.075070192,1.095577403,0.02050721,-3.868581,-0.337865,4.005352,-7.699754,-9.167382,0.033016758,0.012452,0.004125,Family,FALSE,FALSE,FALSE,FALSE
ENG_062_MZB_LO_1186,England,51.01283658,-0.498868285,1173457,2002,2018,10,17,0.770757186,0.779928015,0.009170829,-1.548341,0.72373,1.366517,-7.279616,-2.450996,-0.023449206,0.042895,0.007363,Family,FALSE,FALSE,FALSE,FALSE
ENG_062_MZB_LO_1192,England,50.9192579,0.286194341,1173742,2004,2022,10,19,0.965254528,0.993668578,0.028414051,-0.415478,0.19906,-0.504129,-5.641133,-1.24574,-0.00312241,0.053712,0.006441,Family,FALSE,FALSE,FALSE,FALSE
ENG_062_MZB_LO_1195,England,51.00662091,-1.330623409,1174094,2002,2023,18,22,1.05322896,1.066496115,0.013267155,-0.82971,0.583876,0.642627,-4.374934,-1.80898,-0.048198341,0.042587,0.007103,Family,FALSE,FALSE,FALSE,FALSE
ENG_062_MZB_LO_1198,England,50.86022897,-1.452925329,1173744,2002,2022,7,21,0.920300022,0.704141243,-0.216158779,-5.668883,-2.439349,-3.689246,-8.72873,-12.025576,-0.029829571,0.069968,0.019709,Family,FALSE,FALSE,FALSE,FALSE
ENG_062_MZB_LO_1200,England,50.86916239,-1.618806161,1174086,2003,2023,12,21,0.998482464,1.050929552,0.052447088,-1.042199,0.430682,0.719505,-7.470565,-2.026516,-0.018848197,0.004897,0.000383,Family,FALSE,FALSE,FALSE,FALSE
ENG_062_MZB_LO_1201,England,50.84018909,-1.455857773,1173744,2002,2022,9,21,0.863768132,0.815739281,-0.048028851,-2.403883,-1.139383,-1.751776,-6.433395,-5.12259,0.034053762,0.004914,0.010455,Family,FALSE,FALSE,FALSE,FALSE
ENG_062_MZB_LO_1206,England,51.19225082,0.298250769,1172862,2003,2014,8,12,0.712996495,0.701876841,-0.011119655,-5.895935,-4.879468,-1.636494,1.145061,-11.577773,0.043526871,0.043326,0.020922,Family,FALSE,FALSE,FALSE,FALSE
ENG_062_MZB_LO_1208,England,51.1389156,0.875616117,1170721,2002,2014,9,13,0.955031593,1.031095587,0.076063995,0.773932,2.023391,2.936759,-7.005318,0.435907,-0.009401476,0.103589,0.027471,Family,FALSE,FALSE,FALSE,FALSE
ENG_062_MZB_LO_1210,England,51.1371892,1.295565466,1155715,2002,2021,17,20,0.993855362,1.079317357,0.085461995,-0.030505,1.791877,5.112321,-3.585284,-0.611638,-0.062089937,0.050214,0.01621,Family,FALSE,FALSE,FALSE,FALSE
ENG_062_MZB_LO_1214,England,51.0414067,0.591509132,1170109,2002,2014,10,13,0.950702497,0.980864342,0.030161845,-0.188114,1.434056,2.524836,-3.485336,2.448987,-0.047518585,0.017577,0.002534,Family,FALSE,FALSE,FALSE,FALSE
ENG_062_MZB_LO_1216,England,51.10467401,0.971641435,1170721,2002,2014,11,13,0.934263694,0.99693065,0.062666956,2.391641,1.906511,-0.850149,2.453928,5.157338,-0.02739021,0.05721,0.00256,Family,FALSE,FALSE,FALSE,FALSE
ENG_062_MZB_LO_1217,England,51.2395451,1.352845993,1170721,2002,2014,7,13,0.760691686,0.817406267,0.056714581,2.244628,2.7443,-0.039757,-2.77358,4.972414,-0.047904569,0.071344,0.009289,Family,FALSE,FALSE,FALSE,FALSE
ENG_062_MZB_LO_1218,England,51.16954957,0.923932648,1170721,2002,2013,8,12,1.038075672,1.034272121,-0.003803551,0.515146,0.760356,-3.873215,-5.253249,0.504324,-0.06012516,0.11007,0.015863,Family,FALSE,FALSE,FALSE,FALSE
ENG_062_MZB_LO_1221,England,51.00220477,0.261905449,1170109,2002,2015,10,14,1.001032818,0.974944117,-0.026088701,-1.801612,-2.547027,-3.368006,1.478422,-2.182142,0.036958175,0.095321,0.025223,Family,FALSE,FALSE,FALSE,FALSE
ENG_062_MZB_LO_1222,England,51.18607305,0.477544194,1172862,2002,2013,9,12,0.884001684,0.967577031,0.083575347,-2.797579,-0.273103,-3.888112,-7.349891,-6.113636,-0.071413814,0.107707,0.01249,Family,FALSE,FALSE,FALSE,FALSE
ENG_062_MZB_LO_1223,England,50.98859803,0.480263843,1170109,2002,2017,8,16,1.079802803,1.042633485,-0.037169318,0.302747,0.097814,0.097237,-1.008169,0.775075,0.009502013,0.019003,0.007118,Family,FALSE,FALSE,FALSE,FALSE
ENG_062_MZB_LO_1224,England,50.84849973,-1.251494984,1159336,2003,2018,12,16,0.796052104,0.74244112,-0.053610984,-3.327613,-2.736783,-3.055486,-1.278644,-6.828934,0.037799184,0.077981,0.004167,Family,FALSE,FALSE,FALSE,FALSE
ENG_062_MZB_LO_1227,England,50.9688883,-1.33700478,1174094,2002,2023,21,22,0.98454312,1.083329469,0.098786349,-1.722475,-0.98025,-1.921313,-3.29249,-3.370122,-0.025469204,0.034903,0.009702,Family,FALSE,FALSE,FALSE,FALSE
ENG_062_MZB_LO_1228,England,51.03996859,-0.095735342,1172941,2003,2023,9,21,0.920753406,0.884383842,-0.036369564,0.803969,1.69928,1.690356,-1.99754,1.683147,-0.061549701,0.041051,0.014074,Family,FALSE,FALSE,FALSE,FALSE
ENG_062_MZB_LO_1229,England,50.88707118,0.247635338,1173742,2003,2016,7,14,0.972787608,1.039972186,0.067184578,-0.536187,2.339707,6.836324,-11.587948,-0.852024,-0.067668342,0.066104,0.02447,Family,FALSE,FALSE,FALSE,FALSE
ENG_062_MZB_LO_123,England,54.00405265,-2.147606962,1174178,2003,2024,7,22,0.803369349,1.004614756,0.201245407,1.638286,-0.797625,-2.820349,6.869394,2.612403,-0.097516902,0.069046,0.015119,Family,FALSE,FALSE,FALSE,FALSE
ENG_062_MZB_LO_1233,England,51.22935651,0.001735194,1172862,2002,2014,7,13,0.711243153,0.813007599,0.101764445,3.319859,2.163594,-0.091336,4.999004,6.793603,0.013796598,0.040307,0.028517,Family,FALSE,FALSE,FALSE,FALSE
ENG_062_MZB_LO_1234,England,51.16581187,0.453141384,1172862,2002,2015,8,14,1.055428623,1.037669282,-0.017759341,1.445969,1.665903,-0.450799,-5.574054,3.250267,-0.018220204,0.140775,0.027664,Family,FALSE,FALSE,FALSE,FALSE
ENG_062_MZB_LO_1238,England,50.93078039,0.525718651,1170109,2003,2013,8,11,0.995380784,0.882620655,-0.112760128,-6.260705,-4.229568,-8.693248,-11.905048,-11.082329,0.168717338,0.191509,0.037241,Family,FALSE,FALSE,FALSE,FALSE
ENG_062_MZB_LO_1240,England,50.95190107,0.480302643,1170109,2002,2014,7,13,0.949623638,1.022170463,0.072546826,-0.307511,-0.12839,0.402361,-0.086334,-0.371999,0.038911406,0.063527,0.006775,Family,FALSE,FALSE,FALSE,FALSE
ENG_062_MZB_LO_1241,England,50.95949799,0.569857724,1170109,2002,2013,9,12,1.038945716,1.014616633,-0.024329082,-2.208558,0.771621,-0.337387,-10.461783,-3.831953,0.042477146,0.036477,0.006508,Family,FALSE,FALSE,FALSE,FALSE
ENG_062_MZB_LO_1242,England,50.93143999,0.524331128,1170109,2002,2014,8,13,0.873010625,0.92791569,0.054905064,1.414646,0.183413,-2.403763,6.51811,2.400239,-0.017309611,0.024527,0.005157,Family,FALSE,FALSE,FALSE,FALSE
ENG_062_MZB_LO_1244,England,51.20052325,0.137045887,1172862,2002,2011,9,10,0.688797395,0.868299085,0.17950169,-0.867932,-2.391136,-1.355118,7.46036,-1.066126,0.050134727,0.147016,0.019232,Family,FALSE,FALSE,FALSE,FALSE
ENG_062_MZB_LO_1245,England,51.19271515,0.404918348,1172862,2002,2015,7,14,0.524627657,0.58378801,0.059160354,2.061273,3.00652,1.966472,-13.144198,4.861295,0.032665864,0.132014,0.031461,Family,FALSE,FALSE,FALSE,FALSE
ENG_062_MZB_LO_1250,England,51.08644379,0.40671136,1172862,2002,2021,12,20,0.987342903,1.019013594,0.031670691,1.302595,0.237138,-1.286209,4.775204,2.570772,-0.064018123,0.055249,0.010966,Family,FALSE,FALSE,FALSE,FALSE
ENG_062_MZB_LO_1251,England,51.23734185,-0.045049929,1172862,2002,2012,10,11,0.977361359,0.986227617,0.008866258,2.240464,3.459716,2.808167,-4.728051,5.528939,0.074343832,0.073182,0.00555,Family,FALSE,FALSE,FALSE,FALSE
ENG_062_MZB_LO_1252,England,50.88214308,-1.065728738,1172800,2002,2014,13,13,0.848110335,0.933682471,0.085572136,-3.001972,-1.895057,-3.693526,-4.797941,-5.457848,-0.015600538,0.054462,0.009895,Family,FALSE,FALSE,FALSE,FALSE
ENG_062_MZB_LO_1257,England,51.12993502,0.151222698,1172862,2003,2021,16,19,1.024104252,1.081087861,0.056983608,-0.602313,0.195081,0.029077,-2.977157,-1.541915,-0.046887593,0.061795,0.013278,Family,FALSE,FALSE,FALSE,FALSE
ENG_062_MZB_LO_1258,England,50.8614447,0.210122491,1173742,2002,2016,11,15,0.882255867,1.089992448,0.207736581,1.68105,3.288875,8.172015,1.159899,3.399767,-0.162399995,0.111542,0.036766,Family,FALSE,FALSE,FALSE,FALSE
ENG_062_MZB_LO_1264,England,50.91146648,0.275285177,1173742,2003,2023,9,21,0.976786367,0.984063117,0.00727675,-0.408593,1.288948,3.12949,-3.83292,-0.868456,-0.036840027,0.036543,0.004628,Family,FALSE,FALSE,FALSE,FALSE
ENG_062_MZB_LO_1267,England,50.96791833,0.048585434,1172941,2002,2015,7,14,0.969934545,1.060131543,0.090196998,2.752187,2.510602,2.883376,4.088782,5.482277,-0.091993893,0.049306,0.000884,Family,FALSE,FALSE,FALSE,FALSE
ENG_062_MZB_LO_127,England,53.38295167,-1.60664709,1174178,2002,2023,17,22,0.879124508,0.952418138,0.07329363,3.219277,0.923305,1.822207,5.994628,5.982558,-0.052336934,0.04663,0.009003,Family,FALSE,FALSE,FALSE,FALSE
ENG_062_MZB_LO_1271,England,50.94357469,-0.48373487,1173457,2002,2023,7,22,0.976892058,1.031786697,0.054894639,-0.96772,-0.264855,-0.17506,-3.611681,-2.396501,-0.046730614,0.058353,0.003078,Family,FALSE,FALSE,FALSE,FALSE
ENG_062_MZB_LO_1285,England,50.98322998,-0.669376127,1173457,2003,2018,7,16,1.011277391,1.069867562,0.058590171,-2.642343,-1.556974,-4.088938,-11.609359,-3.817499,0.020167178,0.060009,0.018537,Family,FALSE,FALSE,FALSE,FALSE
ENG_062_MZB_LO_1287,England,51.0414253,-0.8939563,1173457,2002,2023,19,22,0.959349911,1.001291824,0.041941914,0.564063,-0.467683,-1.043512,1.699289,1.428051,-0.088149927,0.017702,0.002303,Family,FALSE,FALSE,FALSE,FALSE
ENG_062_MZB_LO_1288,England,51.0028015,-0.660977298,1173457,2004,2023,16,20,1.079646694,1.092282459,0.012635765,0.377959,0.152591,0.11969,0.699981,0.826964,-0.015492796,0.023336,0.004929,Family,FALSE,FALSE,FALSE,FALSE
ENG_062_MZB_LO_1291,England,51.03639201,-0.110858502,1172941,2003,2024,14,22,0.917683462,1.018512151,0.100828689,1.699637,2.249453,4.838426,-2.343546,3.144456,-0.07961507,0.009779,0.001098,Family,FALSE,FALSE,FALSE,FALSE
ENG_062_MZB_LO_1292,England,50.9749929,-0.174660009,1174093,2002,2017,8,16,0.701767907,0.701848271,8.04E-05,-1.591157,-0.840876,-0.320626,-7.298289,-4.0174,-0.068415852,0.069189,0.00655,Family,FALSE,FALSE,FALSE,FALSE
ENG_062_MZB_LO_1294,England,50.99721433,-0.512825813,1173457,2003,2018,7,16,0.895872831,1.035791556,0.139918724,0.116963,0.868437,0.991274,-1.366623,0.460953,-0.107969137,0.071116,0.014457,Family,FALSE,FALSE,FALSE,FALSE
ENG_062_MZB_LO_1295,England,51.0665791,-0.375101546,1173457,2004,2017,7,14,0.619270564,0.807594555,0.188323991,0.800614,2.879491,3.624267,-14.501215,1.743628,-0.010894086,0.092325,0.019276,Family,FALSE,FALSE,FALSE,FALSE
ENG_062_MZB_LO_1296,England,50.94162436,-0.271992302,1174093,2004,2022,7,19,0.894467953,0.908026463,0.01355851,-0.442463,2.692008,2.73393,-12.835219,-1.780832,-0.084498765,0.060571,0.011075,Family,FALSE,FALSE,FALSE,FALSE
ENG_062_MZB_LO_1297,England,51.08280365,-0.458213879,1173457,2003,2018,13,16,0.898834231,0.951281465,0.052447234,2.09932,1.322125,-0.111931,-0.128785,3.24102,-0.104635012,0.013605,0.015704,Family,FALSE,FALSE,FALSE,FALSE
ENG_062_MZB_LO_13,England,53.66221605,-1.905079255,1174178,2002,2015,11,14,0.898393828,0.898307305,-8.65E-05,0.222571,1.559866,3.380149,-4.384122,0.849216,-0.004646177,0.049328,0.001741,Family,FALSE,FALSE,FALSE,FALSE
ENG_062_MZB_LO_130,England,53.9946544,-1.74548366,1174178,2002,2016,12,15,0.863868576,0.981526557,0.117657981,0.999851,0.426978,2.29621,5.492224,2.614026,-0.035723006,0.030489,0.005496,Family,FALSE,FALSE,FALSE,FALSE
ENG_062_MZB_LO_1300,England,50.94325874,-0.242892313,1174093,2002,2018,7,17,0.898016478,0.977221169,0.079204691,4.355596,1.514535,1.279167,10.053978,9.379986,-0.071996116,0.087855,0.019177,Family,FALSE,FALSE,FALSE,FALSE
ENG_062_MZB_LO_1303,England,50.87490877,-1.118320319,1172800,2002,2019,14,18,0.999515147,0.937046441,-0.062468707,-2.921382,-2.017965,-3.311883,-4.669124,-5.869018,0.06598671,0.071872,0.016008,Family,FALSE,FALSE,FALSE,FALSE
ENG_062_MZB_LO_1304,England,50.87774393,0.500131626,1168615,2003,2019,13,17,0.984529224,0.985101991,0.000572767,-2.198411,1.769158,2.325887,-10.292293,-4.489091,-0.041437621,0.07548,0.005693,Family,FALSE,FALSE,FALSE,FALSE
ENG_062_MZB_LO_1306,England,50.93334989,-1.140697077,1171493,2003,2015,8,13,1.04682358,1.059892774,0.013069194,-2.317335,-2.451791,-8.835653,1.295481,-5.119413,0.014456174,0.049623,0.003993,Family,FALSE,FALSE,FALSE,FALSE
ENG_062_MZB_LO_1310,England,50.82518326,0.174614277,1173742,2004,2015,7,12,0.915279526,0.858103741,-0.057175785,0.283808,3.954586,7.108112,-8.743713,-1.760218,-0.072324014,0.001881,0.014629,Family,FALSE,FALSE,FALSE,FALSE
ENG_062_MZB_LO_1315,England,50.96626632,0.080985381,1172941,2002,2022,7,21,0.928964317,0.991946192,0.062981875,-0.06571,-0.303443,-0.500279,-0.448032,-0.47162,-0.07488537,0.070275,0.011022,Family,FALSE,FALSE,FALSE,FALSE
ENG_062_MZB_LO_1317,England,50.92699815,0.022738754,1172941,2002,2014,7,13,0.847606027,0.842435786,-0.005170242,-2.267452,-1.002395,-1.397721,-4.023901,-3.846823,0.026576194,0.129005,0.005728,Family,FALSE,FALSE,FALSE,FALSE
ENG_062_MZB_LO_1318,England,50.79086421,-0.659648533,1173457,2003,2022,7,20,0.869088824,0.804301194,-0.06478763,-6.676401,-5.319512,-6.121654,-1.97921,-12.116372,0.060927343,0.07801,0.017331,Family,FALSE,FALSE,FALSE,FALSE
ENG_062_MZB_LO_1319,England,51.01401562,-0.038203778,1172941,2002,2023,8,22,1.008005229,1.053382037,0.045376807,0.648539,0.749813,1.502545,0.452113,2.100566,-0.022955165,0.058173,0.013484,Family,FALSE,FALSE,FALSE,FALSE
ENG_062_MZB_LO_1324,England,51.04065202,-1.321860271,1174094,2002,2023,14,22,1.007104561,1.074496416,0.067391855,-1.833897,-1.279639,-2.015919,-2.948359,-3.9566,-0.009237525,0.036843,0.004049,Family,FALSE,FALSE,FALSE,FALSE
ENG_062_MZB_LO_1328,England,51.09287392,-1.230704265,1174094,2002,2024,8,23,1.046404146,1.079415776,0.033011629,-0.534994,0.862164,3.071162,-5.201309,-1.000564,0.008698756,0.024104,0.007161,Family,FALSE,FALSE,FALSE,FALSE
ENG_062_MZB_LO_133,England,53.89961473,-1.978950101,1174178,2002,2018,7,17,0.927846427,0.879771916,-0.048074511,0.545701,0.042288,1.070852,0.508342,1.510935,0.013812428,0.079916,0.010699,Family,FALSE,FALSE,FALSE,FALSE
ENG_062_MZB_LO_1331,England,51.31318597,1.216024015,1170721,2003,2022,8,20,0.901553602,0.888153525,-0.013400077,0.734338,-0.969376,-6.511489,2.950147,0.461951,0.039536596,0.043247,0.0022,Family,FALSE,FALSE,FALSE,FALSE
ENG_062_MZB_LO_1332,England,51.27560825,1.215261698,1170721,2002,2015,9,14,0.671969241,0.864347589,0.192378348,4.316263,2.915435,2.692464,9.235974,7.165284,-0.122140516,0.064994,0.006611,Family,FALSE,FALSE,FALSE,FALSE
ENG_062_MZB_LO_1337,England,50.77368143,-1.484000848,1167357,2002,2023,11,22,0.942697478,0.966642507,0.023945029,-0.287924,1.584943,6.003104,-3.304869,-1.203138,-0.052487154,0.032102,0.004741,Family,FALSE,FALSE,FALSE,FALSE
ENG_062_MZB_LO_1339,England,50.81983725,-1.579457934,1174086,2003,2023,7,21,0.91422399,0.909147789,-0.005076201,-2.187755,0.631356,1.23493,-8.78241,-5.184502,-0.003332487,0.045496,0.010884,Family,FALSE,FALSE,FALSE,FALSE
ENG_062_MZB_LO_134,England,53.95988704,-1.424195427,1174178,2002,2024,7,23,0.867247191,0.897852879,0.030605688,-1.000903,-1.570597,-1.933387,4.077804,-1.40353,-0.025794783,0.012666,0.009204,Family,FALSE,FALSE,FALSE,FALSE
ENG_062_MZB_LO_1340,England,50.82455242,-1.616897167,1174086,2002,2023,10,22,0.974716239,1.085306452,0.110590213,-2.719624,-0.355169,-0.548668,-6.808546,-4.613875,0.040541946,0.019572,0.002772,Family,FALSE,FALSE,FALSE,FALSE
ENG_062_MZB_LO_1341,England,50.81043364,-1.385521222,1170072,2004,2022,8,19,1.02774673,1.086677409,0.058930679,-1.30396,-0.79681,-1.010009,1.265108,-2.799815,-0.026035419,0.044336,0.000616,Family,FALSE,FALSE,FALSE,FALSE
ENG_062_MZB_LO_1342,England,50.76285236,-1.587483457,1173068,2004,2019,13,16,0.921323764,0.995951122,0.074627358,-2.265201,-0.706585,0.202686,-2.687689,-4.405152,-0.050040416,0.062926,0.017128,Family,FALSE,FALSE,FALSE,FALSE
ENG_062_MZB_LO_1343,England,50.86307713,-1.528484708,1173744,2002,2022,7,21,0.966992915,1.017781906,0.05078899,1.797001,1.242398,1.131688,0.50259,4.257312,-0.016638261,0.035409,0.003129,Family,FALSE,FALSE,FALSE,FALSE
ENG_062_MZB_LO_1344,England,50.83342811,-1.471840674,1173744,2002,2019,10,18,1.073853413,0.932945682,-0.140907731,-2.50267,-2.757221,-4.764538,-3.487885,-4.63536,0.093354869,0.084948,0.021685,Family,FALSE,FALSE,FALSE,FALSE
ENG_062_MZB_LO_1345,England,50.85828575,-1.460477805,1173744,2002,2022,7,21,0.945078964,0.711504172,-0.233574792,-2.667201,-0.215418,4.643628,-7.416565,-5.348533,0.02829725,0.0806,0.013327,Family,FALSE,FALSE,FALSE,FALSE
ENG_062_MZB_LO_1346,England,50.90745202,-1.538846268,1173747,2002,2023,9,22,0.883461452,0.819928427,-0.063533025,-1.708204,-1.087504,-1.826835,-3.63171,-3.303558,0.017684042,0.030148,0.005038,Family,FALSE,FALSE,FALSE,FALSE
ENG_062_MZB_LO_1347,England,50.68963958,-1.2886114,1173454,2002,2023,7,22,0.870820481,0.974678451,0.10385797,-0.366606,-0.702241,-1.700342,-0.556965,-0.882644,-0.047412267,0.027876,0.01154,Family,FALSE,FALSE,FALSE,FALSE
ENG_062_MZB_LO_1348,England,50.6179519,-1.362305737,1141599,2002,2023,16,22,0.784989154,0.784391613,-0.000597541,-0.201296,-0.016915,-5.032906,-1.647714,-0.444805,-0.051559551,0.005405,0.008381,Family,FALSE,FALSE,FALSE,FALSE
ENG_062_MZB_LO_1349,England,50.94090145,-1.230938482,1172944,2008,2023,8,16,0.998428025,0.9646008,-0.033827225,-1.920445,0.907115,2.702055,-8.52492,-3.720684,-0.034890703,0.05002,0.00653,Family,FALSE,FALSE,FALSE,FALSE
ENG_062_MZB_LO_135,England,54.21643131,-1.715096295,1174178,2002,2017,12,16,0.927102871,0.978698175,0.051595304,-0.394532,-0.305286,-0.26693,-0.557899,-0.445526,-0.060532359,0.030917,0.007667,Family,FALSE,FALSE,FALSE,FALSE
ENG_062_MZB_LO_1355,England,51.1219898,0.326628376,1172862,2002,2013,9,12,0.941655797,0.936187698,-0.005468099,3.56779,1.874229,-0.942321,0.974968,6.598861,-0.046530769,0.10813,0.022036,Family,FALSE,FALSE,FALSE,FALSE
ENG_062_MZB_LO_1359,England,51.18504633,0.93043797,1170721,2002,2012,9,11,1.066278217,1.002069031,-0.064209187,2.200339,3.378246,18.781793,-0.165988,4.570841,-0.010280554,0.039611,0.001071,Family,FALSE,FALSE,FALSE,FALSE
ENG_062_MZB_LO_136,England,54.22472931,-1.654301534,1174178,2002,2019,9,18,0.982729722,1.058991987,0.076262264,-0.504136,-0.239945,-2.01933,-1.184642,-1.350872,-0.084555167,0.02407,0.003826,Family,FALSE,FALSE,FALSE,FALSE
ENG_062_MZB_LO_1360,England,51.14534747,1.274124087,1155715,2002,2014,10,13,1.062449868,1.064520484,0.002070616,-0.03607,-0.972336,0.497923,4.092951,0.291308,0.038299154,0.031865,0.015563,Family,FALSE,FALSE,FALSE,FALSE
ENG_062_MZB_LO_1369,England,51.11620195,0.183735067,1172862,2003,2018,9,16,0.889819195,0.832549989,-0.057269206,-2.459371,-1.318314,0.10545,-3.189074,-3.932136,-0.022232409,0.0548,0.012888,Family,FALSE,FALSE,FALSE,FALSE
ENG_062_MZB_LO_1374,England,51.32635661,0.448494456,1172862,2002,2012,7,11,0.848335365,0.929866911,0.081531546,2.270206,1.942383,-2.99872,-2.730153,5.555034,-0.053196821,0.09083,0.00782,Family,FALSE,FALSE,FALSE,FALSE
ENG_062_MZB_LO_1376,England,51.22367618,0.727780161,1170721,2002,2011,9,10,0.774331307,0.912357207,0.1380259,3.17244,4.413375,11.257853,1.262504,5.758429,-0.049658085,0.063917,0.013854,Family,FALSE,FALSE,FALSE,FALSE
ENG_062_MZB_LO_1377,England,51.10105412,0.137169012,1172862,2002,2013,8,12,0.99361525,1.017121677,0.023506427,-0.722028,1.504869,2.940316,-10.421547,-1.014495,-0.073231739,0.093436,0.006612,Family,FALSE,FALSE,FALSE,FALSE
ENG_062_MZB_LO_138,England,54.26046528,-1.354729897,1174178,2002,2019,14,18,1.025086885,1.087180151,0.062093266,0.28318,0.433778,2.65158,0.9803,0.914942,-0.001269435,0.033127,0.013735,Family,FALSE,FALSE,FALSE,FALSE
ENG_062_MZB_LO_1381,England,51.16431859,0.276105945,1172862,2002,2019,8,18,0.62156606,0.67332251,0.05175645,2.26046,2.37601,-0.321587,-8.858342,3.593061,0.006281391,0.06016,0.00134,Family,FALSE,FALSE,FALSE,FALSE
ENG_062_MZB_LO_1384,England,51.12739402,1.314308616,1155715,2002,2014,11,13,0.909792668,1.015458895,0.105666227,3.358929,-0.274543,-3.957873,11.653933,6.001118,-0.071065493,0.087361,0.007928,Family,FALSE,FALSE,FALSE,FALSE
ENG_062_MZB_LO_1386,England,51.24941086,1.338127493,1170721,2002,2013,9,12,0.795918252,0.751394826,-0.044523426,2.056997,-0.465419,-2.849634,4.115002,4.31439,-0.188024303,0.113161,0.026983,Family,FALSE,FALSE,FALSE,FALSE
ENG_062_MZB_LO_139,England,53.98412731,-1.591239297,1174178,2002,2018,7,17,0.944786405,0.941006863,-0.003779542,-1.326415,-3.108311,-5.467687,7.21106,-2.79483,-0.043185504,0.00697,0.008723,Family,FALSE,FALSE,FALSE,FALSE
ENG_062_MZB_LO_1392,England,50.9382956,0.560574338,1170109,2002,2014,10,13,0.977734838,0.974100477,-0.00363436,-2.140402,-1.062814,-3.955268,-9.792499,-3.888023,0.028234537,0.052838,0.014424,Family,FALSE,FALSE,FALSE,FALSE
ENG_062_MZB_LO_1397,England,51.21237117,0.006296351,1172862,2003,2014,9,12,1.008561547,1.010556209,0.001994662,2.330556,3.245246,3.566614,-6.472748,3.639984,-0.147778204,0.078725,0.01021,Family,FALSE,FALSE,FALSE,FALSE
ENG_062_MZB_LO_1398,England,51.07238988,0.617795711,1170109,2002,2021,20,20,1.052080346,1.026353298,-0.025727048,0.662937,1.395998,2.290583,-2.211688,1.399562,-0.015147852,0.039566,0.002841,Family,FALSE,FALSE,FALSE,FALSE
ENG_062_MZB_LO_1400,England,51.14998937,0.904334303,1170721,2002,2014,11,13,0.832882065,1.073449648,0.240567583,4.031439,4.240079,3.383441,-3.556975,7.175526,-0.051218918,0.053915,0.003166,Family,FALSE,FALSE,FALSE,FALSE
ENG_062_MZB_LO_1403,England,51.23807622,0.668886035,1172862,2002,2021,10,20,1.070597277,1.02362193,-0.046975346,0.486764,1.156453,1.14157,-3.735091,1.221369,-0.000656005,0.008321,0.003557,Family,FALSE,FALSE,FALSE,FALSE
ENG_062_MZB_LO_1406,England,51.17077479,0.670004451,1172862,2003,2020,13,18,0.724877691,0.825087721,0.10021003,5.118229,3.040793,5.575012,10.461744,13.127257,-0.022731606,0.038558,0.025134,Family,FALSE,FALSE,FALSE,FALSE
ENG_062_MZB_LO_1412,England,51.1917732,0.791450107,1170721,2002,2017,10,16,0.881123724,0.971329468,0.090205744,1.482464,2.405206,2.750439,-4.228294,2.023265,-0.004543878,0.03911,0.012728,Family,FALSE,FALSE,FALSE,FALSE
ENG_062_MZB_LO_1415,England,50.84010313,0.3094531,1171670,2002,2017,7,16,0.843787602,0.97295881,0.129171208,0.748883,2.742428,4.412347,-8.839503,1.751585,0.087340323,0.00597,0.000798,Family,FALSE,FALSE,FALSE,FALSE
ENG_062_MZB_LO_1416,England,51.42136841,0.123742976,1172947,2002,2015,14,14,0.971212633,1.053397889,0.082185257,0.323256,0.0289,-1.396242,2.91559,0.897058,-0.00378402,0.016302,0.010486,Family,FALSE,FALSE,FALSE,FALSE
ENG_062_MZB_LO_1419,England,51.2787688,0.126968425,1172947,2002,2022,13,21,0.867411767,0.992835592,0.125423824,2.127615,1.762083,-1.152818,1.286978,3.868143,-0.050468477,0.031859,0.00613,Family,FALSE,FALSE,FALSE,FALSE
ENG_062_MZB_LO_1421,England,51.44737433,0.147545039,1172947,2002,2024,13,23,0.771107685,0.927601455,0.15649377,2.511313,1.88037,4.040247,2.421172,4.879369,0.009353341,0.043105,0.009872,Family,FALSE,FALSE,FALSE,FALSE
ENG_062_MZB_LO_1424,England,50.99600587,0.631237153,1170109,2002,2017,7,16,0.601164446,0.682096367,0.08093192,2.724807,2.69283,0.915254,2.619375,5.416542,-0.055613381,0.07637,0.027478,Family,FALSE,FALSE,FALSE,FALSE
ENG_062_MZB_LO_1427,England,50.86425603,-1.078164821,1172800,2002,2014,13,13,0.771034685,0.865821717,0.094787032,2.032512,2.617357,6.924498,-4.138236,3.802642,-0.046150887,0.022405,0.020545,Family,FALSE,FALSE,FALSE,FALSE
ENG_062_MZB_LO_1430,England,51.10364979,0.444390535,1172862,2002,2015,10,14,0.919023601,0.97766433,0.058640729,1.637572,2.809144,1.634107,-4.905987,3.014029,-0.097704465,0.07289,0.00892,Family,FALSE,FALSE,FALSE,FALSE
ENG_062_MZB_LO_1434,England,51.19416152,0.088431794,1172862,2002,2017,7,16,0.9475378,1.062234091,0.11469629,-2.395258,-1.185688,-2.068528,-5.877528,-6.25913,0.009543496,0.061194,0.013546,Family,FALSE,FALSE,FALSE,FALSE
ENG_062_MZB_LO_1435,England,51.0984198,0.022355788,1172862,2004,2021,12,18,0.875575895,1.054955504,0.17937961,0.727861,0.70705,-1.020398,3.492044,1.724395,-0.060559674,0.059604,0.009755,Family,FALSE,FALSE,FALSE,FALSE
ENG_062_MZB_LO_1437,England,51.26829008,0.076466746,1172947,2002,2022,13,21,1.016761737,1.078218755,0.061457018,-3.025351,-3.79692,-10.998654,-0.890155,-5.825863,0.049417406,0.08813,0.026091,Family,FALSE,FALSE,FALSE,FALSE
ENG_062_MZB_LO_144,England,53.48482686,-1.222297736,1174178,2002,2016,7,15,0.776130221,0.804682521,0.0285523,0.975352,2.25439,2.510669,-5.343736,2.718284,-0.038600506,0.044966,0.014277,Family,FALSE,FALSE,FALSE,FALSE
ENG_062_MZB_LO_1441,England,52.05059946,-2.712172012,1173759,2003,2024,15,22,0.935055132,0.915183722,-0.01987141,-0.510383,-0.529091,-1.369698,2.316621,-2.091581,-0.001785784,0.003363,0.00049,Family,FALSE,FALSE,FALSE,FALSE
ENG_062_MZB_LO_1442,England,52.07732294,-2.858703642,1173759,2002,2024,7,23,1.043105189,0.924108026,-0.118997162,2.176837,2.304181,3.639057,-2.830088,4.429361,0.025715748,0.063336,0.012845,Family,FALSE,FALSE,FALSE,FALSE
ENG_062_MZB_LO_1446,England,52.04528864,-2.962128844,1173759,2004,2023,17,20,0.964436764,0.956110198,-0.008326566,-0.105228,0.397394,1.109275,-5.657132,-0.429,-0.049129689,0.045399,0.001665,Family,FALSE,FALSE,FALSE,FALSE
ENG_062_MZB_LO_1449,England,51.95315541,-2.979742173,1173759,2004,2023,8,20,0.979395356,0.99061988,0.011224525,-0.208293,0.80569,0.775176,-5.258138,0.678552,-0.024164279,0.049024,0.004208,Family,FALSE,FALSE,FALSE,FALSE
ENG_062_MZB_LO_145,England,53.52831513,-1.144731698,1174178,2002,2016,9,15,0.688932189,0.729900316,0.040968127,3.060104,2.044834,3.200444,2.020796,4.851735,-0.021121292,0.027603,0.007491,Family,FALSE,FALSE,FALSE,FALSE
ENG_062_MZB_LO_1452,England,52.03480948,-2.62885663,1173759,2004,2024,7,21,1.058830983,1.063774295,0.004943311,0.921916,-0.680006,-0.091625,6.776144,1.422,-0.050932623,0.035343,0.005974,Family,FALSE,FALSE,FALSE,FALSE
ENG_062_MZB_LO_1454,England,52.04939986,-2.635915069,1173759,2004,2023,7,20,1.091853649,1.099783698,0.007930049,-0.802975,-0.986521,-4.55323,-1.225778,-1.754806,-0.03960922,0.092321,0.024891,Family,FALSE,FALSE,FALSE,FALSE
ENG_062_MZB_LO_146,England,53.42236999,-1.371614276,1174178,2004,2023,7,20,0.494144796,0.611682871,0.117538075,2.49504,-0.285163,-5.270139,10.580394,5.743329,0.006757904,0.018977,0.008257,Family,FALSE,FALSE,FALSE,FALSE
ENG_062_MZB_LO_1468,England,52.05053757,-2.698521411,1173759,2004,2022,13,19,0.59244255,0.784410327,0.191967778,0.736529,1.520802,0.866642,-7.123788,0.36738,-0.09293692,0.041401,0.002375,Family,FALSE,FALSE,FALSE,FALSE
ENG_062_MZB_LO_1469,England,52.0690546,-2.743189487,1173759,2003,2022,9,20,0.754791858,0.917255365,0.162463506,1.008865,1.790814,2.426711,-7.84227,3.172633,0.029565103,0.074364,0.013271,Family,FALSE,FALSE,FALSE,FALSE
ENG_062_MZB_LO_1470,England,52.11840481,-2.983725481,1173759,2002,2024,7,23,0.874912021,0.657810728,-0.217101293,-0.349881,-0.918933,0.861356,1.516628,-1.234539,-0.017916527,0.063844,0.014195,Family,FALSE,FALSE,FALSE,FALSE
ENG_062_MZB_LO_1472,England,51.96060746,-2.658395115,1173759,2002,2024,8,23,1.032297597,0.977624964,-0.054672633,-1.024716,-0.173094,-0.062237,-1.461537,-2.406986,0.002830949,0.062675,0.009386,Family,FALSE,FALSE,FALSE,FALSE
ENG_062_MZB_LO_1477,England,52.27286245,-2.736628209,1173759,2004,2022,9,19,0.761320626,0.939367926,0.1780473,2.094843,2.522427,6.009944,-1.882078,4.094551,-0.037903476,0.09174,0.017254,Family,FALSE,FALSE,FALSE,FALSE
ENG_062_MZB_LO_1479,England,53.12863361,-2.864872404,1173098,2002,2023,13,22,0.822055806,0.727931571,-0.094124236,-1.371208,0.118261,-1.375601,-5.512208,-3.644392,-0.011268431,0.031915,0.008702,Family,FALSE,FALSE,FALSE,FALSE
ENG_062_MZB_LO_148,England,53.98784701,-1.693566164,1174178,2013,2023,9,11,0.783863177,0.936920723,0.153057546,2.617688,7.626172,25.558373,-10.691593,6.377429,-0.244997353,0.149483,0.04747,Family,FALSE,FALSE,FALSE,FALSE
ENG_062_MZB_LO_1481,England,50.77863184,-0.75618244,1173069,2002,2022,9,21,0.830073847,0.938039947,0.1079661,-1.799265,-0.081494,-3.52391,-10.925402,-3.845711,0.080354702,0.040121,0.018325,Family,FALSE,FALSE,FALSE,FALSE
ENG_062_MZB_LO_1483,England,52.87406707,-1.261337359,1174178,2010,2023,13,14,1.008704068,0.960309239,-0.04839483,-2.099228,1.225174,1.35738,-12.947682,-3.445139,0.148885164,0.072879,0.025711,Family,FALSE,FALSE,FALSE,FALSE
ENG_062_MZB_LO_1484,England,53.36018428,-1.703651909,1174178,2002,2024,21,23,0.974240514,0.914814542,-0.059425973,-0.753342,0.405599,0.563476,-4.954257,-1.377041,0.031624425,0.035324,0.008962,Family,FALSE,FALSE,FALSE,FALSE
ENG_062_MZB_LO_1485,England,52.75715584,-1.806629816,1174178,2003,2020,13,18,0.896191161,0.917077356,0.020886195,-2.32418,-2.46232,-2.995895,0.028525,-4.261295,-0.024981834,0.088524,0.010937,Family,FALSE,FALSE,FALSE,FALSE
ENG_062_MZB_LO_1486,England,52.75730176,-1.777023776,1174178,2004,2019,14,16,1.001950015,0.988174481,-0.013775534,0.704066,1.240333,0.27908,-3.676729,1.249801,-0.018842612,0.045791,0.003786,Family,FALSE,FALSE,FALSE,FALSE
ENG_062_MZB_LO_1488,England,53.24916429,-1.847318626,1174178,2002,2023,8,22,0.781260112,0.998446585,0.217186473,2.444881,1.921658,2.118988,2.461428,5.458977,-0.060805933,0.064819,0.014134,Family,FALSE,FALSE,FALSE,FALSE
ENG_062_MZB_LO_1489,England,52.81451652,-2.897077313,1173087,2003,2020,12,18,0.995312895,0.906619543,-0.088693352,-1.6466,0.051551,0.613864,-8.986203,-3.656218,0.048349334,0.055077,0.00633,Family,FALSE,FALSE,FALSE,FALSE
ENG_062_MZB_LO_149,England,54.14332893,-2.107995841,1174178,2002,2022,8,21,1.032470792,1.095561283,0.063090491,-0.704749,-0.761469,-0.786404,-0.648687,-0.636517,0.064620655,0.035852,0.008402,Family,FALSE,FALSE,FALSE,FALSE
ENG_062_MZB_LO_1493,England,53.05978888,-1.911787768,1174178,2003,2023,17,21,0.901838386,0.918797893,0.016959507,-2.12644,-1.140489,-2.087998,-5.434601,-4.132522,-0.023619896,0.005425,0.00973,Family,FALSE,FALSE,FALSE,FALSE
ENG_062_MZB_LO_1494,England,52.95910327,-1.944728556,1174178,2003,2021,19,19,0.998217585,0.97791364,-0.020303945,-0.01335,-0.333966,0.169342,1.18894,0.117368,-0.031602614,0.011071,0.002662,Family,FALSE,FALSE,FALSE,FALSE
ENG_062_MZB_LO_1495,England,53.10156736,-0.799405368,1174178,2002,2016,13,15,0.863792386,0.848100655,-0.01569173,-1.579021,-2.402963,-5.079594,2.794638,-3.127825,-0.110696114,0.075985,0.009269,Family,FALSE,FALSE,FALSE,FALSE
ENG_062_MZB_LO_1497,England,52.87758494,-1.330176883,1174178,2003,2024,18,22,0.843904846,0.903881365,0.05997652,0.959693,0.122388,-0.68784,-2.994419,1.863143,-0.002626617,0.015721,0.002766,Family,FALSE,FALSE,FALSE,FALSE
ENG_062_MZB_LO_1499,England,52.28547696,-1.512220401,1173087,2002,2023,9,22,0.794573877,0.795698883,0.001125006,0.626352,-0.652056,-1.032338,5.644325,1.10509,-0.04670621,0.029844,0.002238,Family,FALSE,FALSE,FALSE,FALSE
ENG_062_MZB_LO_1500,England,52.8471074,-1.563318301,1174178,2002,2024,21,23,0.769783515,0.803774187,0.033990672,-1.178225,0.19466,1.076904,-7.366643,-2.292792,-0.016833512,0.06136,0.005447,Family,FALSE,FALSE,FALSE,FALSE
ENG_062_MZB_LO_1501,England,52.5736582,-1.133189888,1174178,2002,2014,7,13,0.7861054,0.873351094,0.087245694,0.566235,-1.906917,-2.763068,11.630953,1.858412,-0.035570029,0.109795,0.015208,Family,FALSE,FALSE,FALSE,FALSE
ENG_062_MZB_LO_1503,England,52.8115175,-2.377767799,1173087,2003,2020,17,18,1.023634896,1.031064918,0.007430022,-1.041995,0.466622,2.644386,-6.074178,-1.710969,0.013198249,0.041221,0.008494,Family,FALSE,FALSE,FALSE,FALSE
ENG_062_MZB_LO_1504,England,53.2252349,-1.008655693,1174178,2004,2024,15,21,1.02806245,0.982968516,-0.045093934,2.523908,1.329113,2.903079,5.848509,5.08503,-0.044162693,0.01883,0.006235,Family,FALSE,FALSE,FALSE,FALSE
ENG_062_MZB_LO_1507,England,53.16312443,-1.173271737,1174178,2002,2014,7,13,0.681943934,0.808449065,0.126505131,3.608016,3.760179,1.668326,-3.709885,7.427281,-0.131076933,0.071582,0.020803,Family,FALSE,FALSE,FALSE,FALSE
ENG_062_MZB_LO_151,England,54.1698774,-2.170009476,1174178,2002,2022,7,21,0.897826867,1.03404998,0.136223113,0.35301,0.29428,-0.024449,0.43831,0.808615,-0.074293035,0.048045,0.015823,Family,FALSE,FALSE,FALSE,FALSE
ENG_062_MZB_LO_1511,England,52.56928175,-1.180165239,1174178,2003,2018,7,16,0.719021096,0.853601193,0.134580097,-0.013517,-0.924931,-6.25211,-1.067784,0.316324,-0.015056076,0.080771,0.016466,Family,FALSE,FALSE,FALSE,FALSE
ENG_062_MZB_LO_1515,England,53.0544481,-1.329605229,1174178,2004,2024,9,21,0.784785222,0.857163602,0.07237838,0.584307,-0.034613,-1.499752,-0.752009,1.937551,-0.015934889,0.02991,0.009082,Family,FALSE,FALSE,FALSE,FALSE
ENG_062_MZB_LO_1516,England,53.10190614,-1.859038529,1174178,2002,2012,7,11,1.020203413,1.039978199,0.019774785,-0.381873,-1.994034,-3.673091,10.304126,-0.613374,-0.001280459,0.005085,0.003836,Family,FALSE,FALSE,FALSE,FALSE
ENG_062_MZB_LO_152,England,53.97178451,-1.891409181,1174178,2002,2023,20,22,1.031502319,1.082812092,0.051309774,1.971075,0.590381,-0.739139,3.151094,3.818919,0.003232241,0.024311,0.003706,Family,FALSE,FALSE,FALSE,FALSE
ENG_062_MZB_LO_1525,England,52.77153121,-2.5483073,1173087,2002,2017,8,16,1.011278768,1.052026085,0.040747316,-0.052323,-0.073934,0.302463,-2.553005,-0.121517,-0.065497786,0.032599,0.009131,Family,FALSE,FALSE,FALSE,FALSE
ENG_062_MZB_LO_1526,England,52.67724921,-2.050163896,1174178,2002,2015,7,14,0.597471577,0.868116937,0.27064536,2.961766,3.548828,9.726388,3.221154,4.799985,-0.134481684,0.091412,0.027938,Family,FALSE,FALSE,FALSE,FALSE
ENG_062_MZB_LO_1527,England,52.52081145,-1.752134062,1174178,2002,2018,12,17,0.631292941,0.731519594,0.100226653,1.790417,1.945827,2.30306,0.275872,3.087818,0.0133597,0.031872,0.001793,Family,FALSE,FALSE,FALSE,FALSE
ENG_062_MZB_LO_1528,England,53.04933003,-1.876231003,1174178,2002,2015,11,14,0.940534304,0.885173139,-0.055361166,-1.609671,-3.261243,-5.852478,4.456659,-4.784716,-0.035781138,0.0911,0.002669,Family,FALSE,FALSE,FALSE,FALSE
ENG_062_MZB_LO_1529,England,53.21097495,-1.150339839,1174178,2004,2023,8,20,0.965109487,0.978301462,0.013191975,0.587633,0.428713,0.334774,1.808926,1.332302,-0.031621243,0.05187,0.006483,Family,FALSE,FALSE,FALSE,FALSE
ENG_062_MZB_LO_153,England,53.90893165,-1.531070503,1174178,2002,2021,12,20,0.971607988,0.996697889,0.025089902,-0.536923,-0.20503,-1.036248,-3.65212,-1.65243,-0.048131855,0.012336,0.009376,Family,FALSE,FALSE,FALSE,FALSE
ENG_062_MZB_LO_1532,England,52.7610567,-1.684550018,1174178,2002,2014,8,13,0.805878779,0.89276552,0.086886741,-1.533312,-1.8201,1.761725,0.502708,-2.074466,0.126990666,0.096667,0.023671,Family,FALSE,FALSE,FALSE,FALSE
ENG_062_MZB_LO_1533,England,53.09502475,-2.040306681,1174178,2002,2021,19,20,0.858053611,0.899528728,0.041475118,0.339189,0.249818,0.923039,-1.733111,-0.204869,-0.080722506,0.009514,0.003834,Family,FALSE,FALSE,FALSE,FALSE
ENG_062_MZB_LO_1536,England,52.38367693,-1.272095281,1173087,2003,2018,9,16,0.837208212,0.928956847,0.091748635,0.418363,0.379629,-0.678628,-1.236796,1.558072,0.048520328,0.07144,0.013133,Family,FALSE,FALSE,FALSE,FALSE
ENG_062_MZB_LO_1537,England,51.9432187,-1.990489201,1173087,2002,2019,8,18,1.076005622,0.964007545,-0.111998077,0.721183,1.723256,3.358259,-3.483828,0.647895,0.031293404,0.069312,0.014133,Family,FALSE,FALSE,FALSE,FALSE
ENG_062_MZB_LO_1538,England,52.2367383,-2.007986912,1173087,2002,2015,7,14,0.938377421,1.08907868,0.150701259,1.310581,0.544831,-1.197292,3.161748,1.651143,-0.07073014,0.104317,0.014979,Family,FALSE,FALSE,FALSE,FALSE
ENG_062_MZB_LO_1540,England,52.28217703,-1.400557342,1173087,2003,2018,7,16,0.95728497,1.027847854,0.070562884,0.154582,1.365197,2.010114,-5.248163,-0.041619,-0.081858758,0.027529,0.003811,Family,FALSE,FALSE,FALSE,FALSE
ENG_062_MZB_LO_1549,England,52.4025362,-2.184253118,1173087,2002,2021,19,20,0.902602793,0.879007778,-0.023595016,-1.573627,-0.788095,-1.497555,-4.089565,-3.2405,0.036793664,0.058459,0.005794,Family,FALSE,FALSE,FALSE,FALSE
ENG_062_MZB_LO_1552,England,51.79076902,-2.502766783,1173087,2002,2020,14,19,0.800817391,0.865700966,0.064883575,1.15459,1.530792,4.699118,0.202482,2.375394,-0.028070341,0.002199,0.012444,Family,FALSE,FALSE,FALSE,FALSE
ENG_062_MZB_LO_1554,England,52.336554,-1.187301675,1173087,2002,2015,7,14,0.764202406,0.780626005,0.016423599,2.313362,1.907571,4.641385,5.476713,4.209323,-0.020694808,0.053021,0.007919,Family,FALSE,FALSE,FALSE,FALSE
ENG_062_MZB_LO_1556,England,53.39857125,-1.77671746,1174178,2003,2023,21,21,0.961991528,0.993781764,0.031790236,2.225739,-0.11654,-0.526431,4.392113,4.368904,-0.035755549,0.04429,0.012837,Family,FALSE,FALSE,FALSE,FALSE
ENG_062_MZB_LO_1558,England,52.91061955,-1.861712278,1174178,2004,2015,7,12,0.876965524,0.863922332,-0.013043191,-1.418839,-0.522954,-0.151897,-5.542446,-3.082245,0.036730394,0.021984,0.008018,Family,FALSE,FALSE,FALSE,FALSE
ENG_062_MZB_LO_1559,England,52.51813328,-1.459914081,1174178,2002,2014,7,13,0.654779682,0.835320436,0.180540755,2.007708,3.722855,5.739177,-9.349684,3.867036,-0.050541588,0.1089,0.035218,Family,FALSE,FALSE,FALSE,FALSE
ENG_062_MZB_LO_1561,England,52.74579448,-0.779127312,1174178,2002,2012,8,11,0.93918994,1.031871629,0.092681689,-3.043499,-1.906282,-0.478585,0.256534,-6.261013,-0.016145652,0.116216,0.018474,Family,FALSE,FALSE,FALSE,FALSE
ENG_062_MZB_LO_1568,England,52.51993254,-1.649181569,1174178,2002,2017,9,16,1.004077892,0.851815962,-0.15226193,-0.566771,-1.768309,-2.748902,-0.632262,-3.717477,-0.026761403,0.124063,0.02027,Family,FALSE,FALSE,FALSE,FALSE
ENG_062_MZB_LO_1570,England,52.81565883,-1.432779568,1174178,2003,2024,13,22,0.716138604,0.824452985,0.108314381,-0.526017,1.895201,2.833265,-11.949515,-1.891183,0.013658881,0.053052,0.011328,Family,FALSE,FALSE,FALSE,FALSE
ENG_062_MZB_LO_1575,England,52.7411786,-0.765717013,1174178,2002,2018,10,17,0.971777451,0.931870657,-0.039906794,-3.285716,-0.427485,0.590017,-10.00188,-7.707797,-0.021422359,0.068425,0.007094,Family,FALSE,FALSE,FALSE,FALSE
ENG_062_MZB_LO_1577,England,53.02400708,-1.415981675,1174178,2002,2016,7,15,0.613149372,0.54545511,-0.067694261,-1.367518,-1.482711,-5.159451,-0.468804,-2.464002,0.065954927,0.071525,0.017538,Family,FALSE,FALSE,FALSE,FALSE
ENG_062_MZB_LO_158,England,53.54031269,-1.330743375,1174178,2002,2016,7,15,0.623298606,0.553091531,-0.070207075,-2.230334,0.276897,3.264971,-5.287519,-3.583964,0.088632214,0.062109,0.012145,Family,FALSE,FALSE,FALSE,FALSE
ENG_062_MZB_LO_1582,England,52.75981621,-1.475988008,1174178,2002,2023,9,22,0.730286904,0.739084351,0.008797447,1.172693,1.062061,1.817662,-0.687275,2.035702,-0.012619573,0.002583,0.004253,Family,FALSE,FALSE,FALSE,FALSE
ENG_062_MZB_LO_1585,England,52.95939456,-1.290746496,1174178,2003,2015,8,13,0.736780879,0.758843248,0.022062369,4.751585,5.066343,6.288095,4.582136,7.921498,-0.083221491,0.102263,0.006086,Family,FALSE,FALSE,FALSE,FALSE
ENG_062_MZB_LO_1586,England,52.420521,-1.857435694,1174178,2002,2018,7,17,0.662889159,0.701416792,0.038527633,-2.212732,-0.661318,-0.636514,-6.077414,-4.133807,0.012050342,0.070748,0.007566,Family,FALSE,FALSE,FALSE,FALSE
ENG_062_MZB_LO_1589,England,52.96413458,-2.199219854,1174178,2003,2015,10,13,0.782964285,0.828057605,0.04509332,-1.343114,-1.390337,-3.816227,-1.529931,-4.07547,-0.04973967,0.070435,0.003143,Family,FALSE,FALSE,FALSE,FALSE
ENG_062_MZB_LO_1590,England,52.96644379,-2.205126483,1174178,2002,2015,7,14,0.755000295,0.690996546,-0.06400375,-3.045159,-2.695876,-2.053393,-2.079177,-6.525482,0.04331868,0.076785,0.01699,Family,FALSE,FALSE,FALSE,FALSE
ENG_062_MZB_LO_1595,England,52.90261719,-1.254043227,1174178,2003,2015,8,13,0.849077109,0.899211256,0.050134147,-1.120272,-3.502701,-8.837575,0.594325,-3.097839,-0.114013209,0.151984,0.024857,Family,FALSE,FALSE,FALSE,FALSE
ENG_062_MZB_LO_1596,England,52.93669277,-2.186356991,1174178,2002,2015,8,14,0.699837136,0.593639115,-0.106198021,-1.117927,-2.404634,-4.28078,0.438284,-3.735833,-0.077579766,0.036313,0.015919,Family,FALSE,FALSE,FALSE,FALSE
ENG_062_MZB_LO_1597,England,53.10689271,-1.418908447,1174178,2002,2015,9,14,0.788469109,0.775807046,-0.012662062,-0.135769,4.053068,5.698093,-13.729197,-0.299403,-0.071988282,0.087199,0.016101,Family,FALSE,FALSE,FALSE,FALSE
ENG_062_MZB_LO_1598,England,52.67254731,-2.31973169,1173087,2003,2021,18,19,0.796099685,1.019958581,0.223858896,0.098493,-0.29912,2.404584,3.967257,0.997533,-0.121600484,0.090346,0.017334,Family,FALSE,FALSE,FALSE,FALSE
ENG_062_MZB_LO_1599,England,52.50004208,-1.594423717,1174178,2002,2013,10,12,0.784726543,0.654175469,-0.130551073,-1.450213,-4.221033,-6.968114,13.94397,-4.379114,0.109174156,0.102358,0.024452,Family,FALSE,FALSE,FALSE,FALSE
ENG_062_MZB_LO_16,England,53.83446321,-1.771601282,1174178,2002,2023,8,22,0.583923603,0.70017257,0.116248967,4.100383,2.269347,3.702283,7.803102,9.727508,-0.016947765,0.059868,0.025102,Family,FALSE,FALSE,FALSE,FALSE
ENG_062_MZB_LO_1605,England,52.84872324,-2.678968043,1173087,2003,2020,15,18,0.960740674,0.815264572,-0.145476103,-2.223401,1.855559,2.23763,-12.152836,-4.474175,0.048261958,0.069965,0.017333,Family,FALSE,FALSE,FALSE,FALSE
ENG_062_MZB_LO_1609,England,52.3132501,-2.58902106,1173087,2002,2023,20,22,1.077503217,1.070715895,-0.006787322,1.371468,1.42722,2.393767,0.299616,2.729742,0.010106546,0.023343,0.002344,Family,FALSE,FALSE,FALSE,FALSE
ENG_062_MZB_LO_161,England,53.92942167,-1.792496643,1174178,2002,2021,11,20,0.963817453,1.035959075,0.072141623,1.283872,0.600099,-0.523753,1.376259,2.043776,-0.016610168,0.007618,0.00405,Family,FALSE,FALSE,FALSE,FALSE
ENG_062_MZB_LO_1610,England,52.38166441,-1.701682487,1174178,2003,2014,7,12,0.87706368,1.078103831,0.201040151,1.613034,-0.009882,-2.420343,9.448182,3.539633,-0.142604117,0.096317,0.017491,Family,FALSE,FALSE,FALSE,FALSE
ENG_062_MZB_LO_1613,England,52.70006677,-1.085229627,1174178,2002,2023,7,22,0.781263603,0.878857819,0.097594217,-0.336124,0.543595,1.340353,-3.559832,-0.392314,0.004935212,0.039555,0.004912,Family,FALSE,FALSE,FALSE,FALSE
ENG_062_MZB_LO_1614,England,52.39894109,-2.243232895,1173087,2003,2021,19,19,0.761303727,0.830794579,0.069490852,-1.526881,0.048687,-1.147638,-5.173623,-2.60285,0.011584609,0.067467,0.018725,Family,FALSE,FALSE,FALSE,FALSE
ENG_062_MZB_LO_1615,England,53.14837348,-1.421758318,1174178,2002,2021,7,20,0.726012663,0.553065562,-0.172947102,-0.948689,-1.649694,-4.58703,5.087445,-1.386534,0.007348226,0.083052,0.025886,Family,FALSE,FALSE,FALSE,FALSE
ENG_062_MZB_LO_1616,England,52.70817709,-1.554742726,1174178,2002,2023,15,22,0.858608995,0.923448683,0.064839688,0.640338,0.675151,0.441049,-0.383702,1.202298,-0.032662613,0.050408,0.009883,Family,FALSE,FALSE,FALSE,FALSE
ENG_062_MZB_LO_1624,England,52.9042325,-2.161625921,1174178,2003,2015,7,13,0.656177902,0.763527853,0.107349951,2.829385,-0.646322,-7.885854,14.297911,5.769545,-0.012140569,0.117102,0.038856,Family,FALSE,FALSE,FALSE,FALSE
ENG_062_MZB_LO_1625,England,52.89846202,-2.147303658,1174178,2002,2019,18,18,0.98070298,0.935477658,-0.045225322,-1.021143,-0.913434,-2.081887,-4.304243,-1.551434,0.012047744,0.045567,0.00176,Family,FALSE,FALSE,FALSE,FALSE
ENG_062_MZB_LO_163,England,53.52603473,-1.615974581,1174178,2002,2017,8,16,0.670161962,0.778623353,0.108461391,2.251894,2.585586,6.721278,4.838702,2.974335,-0.038263188,0.069784,0.017293,Family,FALSE,FALSE,FALSE,FALSE
ENG_062_MZB_LO_1631,England,52.7469032,-0.775051848,1174178,2002,2016,7,15,1.042606172,0.998793661,-0.043812511,-6.461577,-4.161456,-6.611795,-11.163466,-14.490015,-0.057373764,0.108118,0.015688,Family,FALSE,FALSE,FALSE,FALSE
ENG_062_MZB_LO_1633,England,52.92104769,-1.468783751,1174178,2002,2023,8,22,0.722708785,0.925425964,0.20271718,0.190319,0.806612,1.517624,-2.382153,0.768749,0.04960449,0.070677,0.011154,Family,FALSE,FALSE,FALSE,FALSE
ENG_062_MZB_LO_1634,England,52.94025978,-1.280910407,1174178,2003,2023,19,21,0.922176883,0.944870779,0.022693897,-1.293599,-2.425298,-6.846126,1.987964,-2.86831,-0.006010406,0.061667,0.011847,Family,FALSE,FALSE,FALSE,FALSE
ENG_062_MZB_LO_1635,England,52.66758501,-2.13148356,1174178,2004,2015,8,12,0.734999151,0.910852965,0.175853814,-0.772818,-3.31233,-8.751074,8.454159,-2.184177,-0.060146484,0.030711,0.023825,Family,FALSE,FALSE,FALSE,FALSE
ENG_062_MZB_LO_1636,England,52.79084852,-1.198596013,1174178,2002,2016,11,15,0.870035033,0.960444836,0.090409803,-3.079373,-1.264745,-2.385105,-9.315246,-6.035649,0.059871651,0.057754,0.00026,Family,FALSE,FALSE,FALSE,FALSE
ENG_062_MZB_LO_1638,England,52.80342816,-2.079577848,1174178,2003,2015,7,13,0.86092461,0.776492473,-0.084432136,-2.123823,-1.482963,-5.215821,-9.345286,-3.760548,0.065188076,0.047234,0.020649,Family,FALSE,FALSE,FALSE,FALSE
ENG_062_MZB_LO_1640,England,52.79192053,-2.093184946,1174178,2002,2014,8,13,0.845551153,0.83394841,-0.011602743,2.078035,-1.13295,-3.844769,4.875461,3.618554,-0.016407581,0.056374,0.001802,Family,FALSE,FALSE,FALSE,FALSE
ENG_062_MZB_LO_1646,England,52.2574687,-1.876005764,1173087,2002,2018,7,17,0.858857094,0.803833966,-0.055023129,-0.128629,-2.407652,-2.789809,4.380066,0.202511,-0.078731957,0.039339,0.007821,Family,FALSE,FALSE,FALSE,FALSE
ENG_062_MZB_LO_1648,England,53.09530681,-1.4321909,1174178,2002,2022,9,21,0.88547581,0.897938283,0.012462474,0.537775,-0.707587,-2.416424,1.28678,1.85595,-0.015498158,0.047232,0.000552,Family,FALSE,FALSE,FALSE,FALSE
ENG_062_MZB_LO_1649,England,52.55506982,-1.236875599,1174178,2002,2020,8,19,0.878581031,0.963499708,0.084918677,-2.041574,-1.075325,-1.174047,-2.325098,-4.339414,0.055773864,0.00491,0.003357,Family,FALSE,FALSE,FALSE,FALSE
ENG_062_MZB_LO_1650,England,52.58122213,-1.186938414,1174178,2002,2014,8,13,0.817373137,0.820578177,0.00320504,0.466608,1.305024,3.37581,-2.089079,1.475282,-0.017298164,0.048916,0.003785,Family,FALSE,FALSE,FALSE,FALSE
ENG_062_MZB_LO_1652,England,53.54317194,-0.687228251,1174178,2003,2015,8,13,0.815134705,0.860541646,0.045406941,1.447974,-2.704029,-6.40633,21.598377,3.077624,-0.021614857,0.074703,0.021191,Family,FALSE,FALSE,FALSE,FALSE
ENG_062_MZB_LO_1658,England,53.31960582,-1.167791182,1174178,2004,2023,17,20,0.893725906,0.928836982,0.035111076,0.07778,0.507182,1.734536,-0.526146,0.539437,-0.036695053,0.033594,0.008927,Family,FALSE,FALSE,FALSE,FALSE
ENG_062_MZB_LO_1660,England,52.64233446,-1.832849098,1174178,2003,2021,18,19,0.621682217,0.736743039,0.115060822,-1.688373,-0.138583,-0.345062,-3.357821,-4.05856,-0.007078342,0.014497,0.012339,Family,FALSE,FALSE,FALSE,FALSE
ENG_062_MZB_LO_1664,England,53.00422,-1.311427017,1174178,2003,2023,11,21,0.781363066,0.790466385,0.00910332,0.559357,1.207365,1.589265,-4.537108,0.981498,-0.014046127,0.032717,0.009468,Family,FALSE,FALSE,FALSE,FALSE
ENG_062_MZB_LO_1666,England,53.03113469,-1.044753085,1174178,2002,2016,7,15,0.639783636,0.645718681,0.005935045,2.80844,1.524542,2.505547,11.147686,5.842094,-0.010318463,0.067343,0.023609,Family,FALSE,FALSE,FALSE,FALSE
ENG_062_MZB_LO_1667,England,52.52151978,-1.290573326,1174178,2004,2024,8,21,0.955695499,1.013825467,0.058129968,-0.127935,1.013708,3.240643,-5.039097,1.084067,-0.016463879,0.041928,0.005896,Family,FALSE,FALSE,FALSE,FALSE
ENG_062_MZB_LO_167,England,54.05651707,-2.151535284,1174178,2002,2023,20,22,0.998849391,0.986925081,-0.01192431,0.812537,0.189327,-0.025053,2.467113,1.643471,-0.027837534,0.011228,0.003601,Family,FALSE,FALSE,FALSE,FALSE
ENG_062_MZB_LO_1674,England,53.48591873,-0.652282875,1174178,2002,2024,19,23,1.026510747,0.997770818,-0.028739929,-0.551317,-0.790157,-1.710076,-0.217808,-0.796453,0.02008937,0.055557,0.016855,Family,FALSE,FALSE,FALSE,FALSE
ENG_062_MZB_LO_1675,England,52.87569506,-1.301678378,1174178,2002,2024,22,23,0.888699659,0.938151839,0.04945218,-0.154133,0.013938,-0.686322,-3.311291,0.075754,-0.010857278,0.068523,0.001645,Family,FALSE,FALSE,FALSE,FALSE
ENG_062_MZB_LO_1678,England,52.33271613,-2.068379722,1173087,2002,2021,19,20,0.751848063,0.799028864,0.0471808,-0.506107,-2.315597,-3.988174,4.256101,-0.756314,-0.022313975,0.058965,0.02066,Family,FALSE,FALSE,FALSE,FALSE
ENG_062_MZB_LO_168,England,53.98555969,-2.089805839,1174178,2002,2016,13,15,0.965678649,1.001380404,0.035701755,2.237532,1.709615,1.761016,2.015459,4.571502,-0.028615794,0.017448,0.001616,Family,FALSE,FALSE,FALSE,FALSE
ENG_062_MZB_LO_1683,England,53.06402424,-0.903419002,1174178,2002,2011,7,10,0.682226062,0.822021623,0.139795561,0.468366,6.89516,9.051124,-0.553445,2.028378,-0.201554995,0.248844,0.081329,Family,FALSE,FALSE,FALSE,FALSE
ENG_062_MZB_LO_1686,England,52.70626432,-1.137316074,1174178,2003,2024,8,22,1.014445038,1.046475048,0.03203001,-2.244043,-0.910512,-1.058269,-6.669328,-4.447837,0.052937656,0.065009,0.006064,Family,FALSE,FALSE,FALSE,FALSE
ENG_062_MZB_LO_1688,England,53.15200912,-1.041729859,1174178,2002,2023,22,22,0.617490961,0.708848776,0.091357815,0.392371,0.065789,-1.561466,0.085004,0.766877,-0.01984268,0.076044,0.01792,Family,FALSE,FALSE,FALSE,FALSE
ENG_062_MZB_LO_169,England,53.94487003,-2.113712848,1174178,2004,2019,7,16,0.789680949,0.843111293,0.053430344,2.49833,0.96436,-0.171158,8.715994,3.913236,-0.063425903,0.038164,0.016946,Family,FALSE,FALSE,FALSE,FALSE
ENG_062_MZB_LO_1696,England,52.59373648,-1.526612297,1174178,2003,2015,7,13,0.956911512,0.973568141,0.01665663,-0.507661,0.404659,2.721642,-2.163861,-2.357178,-0.069176963,0.091586,0.023356,Family,FALSE,FALSE,FALSE,FALSE
ENG_062_MZB_LO_1697,England,52.90666269,-1.435207882,1174178,2002,2022,18,21,0.800775083,0.773916584,-0.026858499,-2.877824,-2.061362,-2.573285,-2.695654,-5.896372,0.046173248,0.012759,0.014165,Family,FALSE,FALSE,FALSE,FALSE
ENG_062_MZB_LO_1698,England,53.12040985,-1.118445071,1174178,2002,2024,23,23,0.673953437,0.696054337,0.0221009,-0.203633,-0.008744,1.361193,0.183977,-0.497003,-0.074867608,0.055675,0.014011,Family,FALSE,FALSE,FALSE,FALSE
ENG_062_MZB_LO_1699,England,53.32775089,-1.032124156,1174178,2002,2023,9,22,0.950865508,0.96294415,0.012078641,-0.550332,-0.017751,0.200644,-1.283113,-0.545927,-0.033290635,0.033289,0.004135,Family,FALSE,FALSE,FALSE,FALSE
ENG_062_MZB_LO_1700,England,52.94959328,-1.050508962,1174178,2002,2024,7,23,0.86963519,0.999038345,0.129403155,1.932681,1.204031,-0.501418,3.253569,4.123189,-0.072036137,0.036125,0.000711,Family,FALSE,FALSE,FALSE,FALSE
ENG_062_MZB_LO_1701,England,52.8649251,-2.309144975,1174178,2004,2016,10,13,0.828554467,0.872284764,0.043730297,-2.688321,4.474941,13.727171,-20.338353,-4.542381,0.027282427,0.060527,0.01107,Family,FALSE,FALSE,FALSE,FALSE
ENG_062_MZB_LO_1702,England,53.12457084,-1.809726606,1174178,2002,2012,9,11,1.018499714,0.930799671,-0.087700043,-0.514925,-2.097106,-3.355273,10.39937,-0.963654,0.140638428,0.124403,0.01673,Family,FALSE,FALSE,FALSE,FALSE
ENG_062_MZB_LO_1703,England,52.97977822,-2.203357929,1174178,2004,2018,9,15,0.738359265,0.860125913,0.121766648,2.887927,0.174216,2.047719,10.132177,5.54604,0.021743175,0.061956,0.016061,Family,FALSE,FALSE,FALSE,FALSE
ENG_062_MZB_LO_1704,England,52.48460487,-1.737891454,1174178,2002,2014,7,13,0.651512985,0.703735762,0.052222777,1.72555,-0.315912,-2.695511,16.849751,2.474623,-0.143484521,0.079787,0.024126,Family,FALSE,FALSE,FALSE,FALSE
ENG_062_MZB_LO_1706,England,52.02504117,-2.202237631,1173087,2002,2017,7,16,0.852995517,0.830685757,-0.022309761,-2.106672,-2.039687,-2.5458,0.065543,-3.716717,0.046379766,0.084176,0.019802,Family,FALSE,FALSE,FALSE,FALSE
ENG_062_MZB_LO_1708,England,53.07126106,-1.341418786,1174178,2003,2024,11,22,0.753902908,0.811167601,0.057264693,1.573927,1.661543,1.064765,-2.474637,2.587166,-0.010149957,0.038202,0.010956,Family,FALSE,FALSE,FALSE,FALSE
ENG_062_MZB_LO_1710,England,52.42492764,-2.937205031,1173087,2005,2017,8,13,0.8343773,0.768496948,-0.065880352,-0.420061,0.35164,-0.183492,2.521016,-0.883339,0.011051457,0.087286,0.014069,Family,FALSE,FALSE,FALSE,FALSE
ENG_062_MZB_LO_1711,England,52.99785527,-1.524655266,1174178,2002,2023,19,22,0.969440556,0.931804035,-0.037636522,-0.59741,-0.298748,-1.901375,-3.966511,-0.851261,0.024761918,0.036947,0.007296,Family,FALSE,FALSE,FALSE,FALSE
ENG_062_MZB_LO_1713,England,52.17007607,-2.241938317,1173087,2002,2022,8,21,0.978608534,1.008002029,0.029393494,0.153701,-0.101308,-1.272295,-0.261122,-0.16301,-0.056654387,0.007565,0.000965,Family,FALSE,FALSE,FALSE,FALSE
ENG_062_MZB_LO_1715,England,52.79953667,-2.56490004,1173087,2005,2023,7,19,0.947995624,0.920702371,-0.027293254,1.034085,2.955074,7.390261,-3.808292,1.644436,0.100231441,0.073191,0.023033,Family,FALSE,FALSE,FALSE,FALSE
ENG_062_MZB_LO_1716,England,53.08433193,-1.323841406,1174178,2003,2023,10,21,0.699046098,0.75133432,0.052288222,2.184858,0.151576,-2.098891,2.430322,4.373956,0.063176704,0.069629,0.022329,Family,FALSE,FALSE,FALSE,FALSE
ENG_062_MZB_LO_1721,England,52.7215712,-2.128359956,1174178,2013,2023,8,11,0.723558797,0.775665879,0.052107082,-0.366524,-1.933149,-5.305853,6.309054,0.965979,0.040904967,0.078727,0.022189,Family,FALSE,FALSE,FALSE,FALSE
ENG_062_MZB_LO_1722,England,53.11128204,-1.369864348,1174178,2003,2020,11,18,0.832398744,0.785792156,-0.046606588,-3.039202,-2.224193,-3.483964,-4.98812,-6.431818,-0.004269823,0.102044,0.018301,Family,FALSE,FALSE,FALSE,FALSE
ENG_062_MZB_LO_1724,England,53.05482325,-1.060775553,1174178,2002,2016,7,15,0.662355558,0.771532721,0.109177163,-0.529944,-1.871047,-3.493517,11.425044,-0.407013,0.020541433,0.07586,0.017211,Family,FALSE,FALSE,FALSE,FALSE
ENG_062_MZB_LO_1726,England,53.48160285,-0.797148981,1174178,2002,2015,8,14,0.920229136,0.870565062,-0.049664074,-1.207531,-1.429405,-2.152073,1.417053,-4.838611,-0.069776375,0.00113,0.006953,Family,FALSE,FALSE,FALSE,FALSE
ENG_062_MZB_LO_1729,England,52.10468258,-1.916359595,1173087,2002,2019,8,18,0.792784225,0.627790855,-0.164993369,0.34235,-3.008836,-6.739361,16.219104,1.303371,-0.040066499,0.062789,0.014852,Family,FALSE,FALSE,FALSE,FALSE
ENG_062_MZB_LO_1733,England,52.68350095,-1.228607107,1174178,2002,2024,23,23,0.961834185,0.95460238,-0.007231805,-0.195867,0.661966,1.257448,-1.32225,-0.210592,0.012092026,0.038406,0.011374,Family,FALSE,FALSE,FALSE,FALSE
ENG_062_MZB_LO_1734,England,53.27475068,-1.028761259,1174178,2003,2015,9,13,0.759653628,0.789587789,0.029934161,1.797023,1.740906,0.52707,-1.318845,3.04379,-0.035927233,0.03474,0.000296,Family,FALSE,FALSE,FALSE,FALSE
ENG_062_MZB_LO_1735,England,52.83076278,-1.928903748,1174178,2002,2023,19,22,0.990852161,0.961562738,-0.029289423,0.499496,1.10491,1.830421,-1.974909,0.649735,0.015172385,0.027423,0.009539,Family,FALSE,FALSE,FALSE,FALSE
ENG_062_MZB_LO_1736,England,52.54143542,-1.961173152,1174178,2002,2016,7,15,0.591369961,0.733855023,0.142485061,1.083814,0.998409,-0.021766,6.524817,2.710996,0.010088836,0.091393,0.028983,Family,FALSE,FALSE,FALSE,FALSE
ENG_062_MZB_LO_1737,England,53.07781831,-1.194535265,1174178,2002,2024,19,23,0.779110492,0.756811022,-0.02229947,-0.025649,-0.370066,-0.812767,-0.598714,-0.29438,0.020756564,0.02195,0.001919,Family,FALSE,FALSE,FALSE,FALSE
ENG_062_MZB_LO_1740,England,52.84268824,-0.973719576,1174178,2002,2015,8,14,0.794170044,0.809843233,0.015673189,1.337167,-0.236366,-2.974877,5.514133,2.33786,-0.037180549,0.050258,0.002909,Family,FALSE,FALSE,FALSE,FALSE
ENG_062_MZB_LO_1741,England,53.22808526,-1.207029793,1174178,2002,2024,23,23,0.896372693,0.877169843,-0.019202851,-0.499474,0.136876,-0.578978,-4.082687,-1.143457,0.020736534,0.021314,0.007822,Family,FALSE,FALSE,FALSE,FALSE
ENG_062_MZB_LO_1742,England,52.57085932,-1.20319739,1174178,2002,2023,8,22,0.889101455,1.001639672,0.112538216,-1.754056,-0.326091,1.133375,-8.150639,-2.905642,0.062298599,0.014764,0.004151,Family,FALSE,FALSE,FALSE,FALSE
ENG_062_MZB_LO_1744,England,52.25262763,-1.359806628,1173087,2003,2018,7,16,0.775156474,0.84546144,0.070304966,2.79135,1.329987,1.6083,9.713805,4.447916,-0.013542031,0.023014,0.003407,Family,FALSE,FALSE,FALSE,FALSE
ENG_062_MZB_LO_1746,England,52.73235447,-2.842594189,1173087,2002,2011,8,10,0.891373412,0.950627958,0.059254546,3.891374,-4.51149,-9.776274,41.326429,5.917778,-0.129842662,0.059042,0.003602,Family,FALSE,FALSE,FALSE,FALSE
ENG_062_MZB_LO_1748,England,53.45731215,-0.849871021,1174178,2004,2024,19,21,0.934178449,0.940285417,0.006106967,-1.54086,-0.398347,-1.742488,-6.124353,-2.624006,0.021358299,0.054051,0.003077,Family,FALSE,FALSE,FALSE,FALSE
ENG_062_MZB_LO_1749,England,52.38685259,-2.410845934,1173087,2003,2023,10,21,0.948912987,0.959320861,0.010407874,-0.959427,-0.317102,-1.07101,-3.3331,-1.598362,0.020094702,0.017285,0.004697,Family,FALSE,FALSE,FALSE,FALSE
ENG_062_MZB_LO_1750,England,53.01409509,-1.327993995,1174178,2002,2024,14,23,0.7363628,0.738168798,0.001805998,-0.421962,1.293037,0.462123,-6.667775,-0.499479,0.002923871,0.047178,0.005112,Family,FALSE,FALSE,FALSE,FALSE
ENG_062_MZB_LO_1751,England,53.04811805,-2.152544505,1174178,2002,2018,7,17,0.644518754,0.612453943,-0.032064811,-0.445538,-0.520044,-2.21105,-0.105389,0.092058,-0.028586169,0.044635,0.010307,Family,FALSE,FALSE,FALSE,FALSE
ENG_062_MZB_LO_1753,England,52.34164971,-2.262836758,1173087,2003,2018,7,16,0.809727191,0.923425547,0.113698356,2.170648,1.524587,2.627081,1.118584,2.905236,-0.134681848,0.102266,0.030141,Family,FALSE,FALSE,FALSE,FALSE
ENG_062_MZB_LO_1754,England,53.25615412,-1.79135378,1174178,2004,2024,11,21,0.876791421,1.035367848,0.158576427,1.114461,1.418126,3.549511,-1.815997,2.199591,-0.03262641,0.049553,0.01495,Family,FALSE,FALSE,FALSE,FALSE
ENG_062_MZB_LO_1756,England,52.79158302,-2.03821182,1174178,2004,2015,7,12,0.723520143,0.768757036,0.045236893,-0.90853,-3.599999,-5.11974,9.194376,-2.48806,-0.103848559,0.009457,0.002881,Family,FALSE,FALSE,FALSE,FALSE
ENG_062_MZB_LO_1757,England,53.13975205,-2.00249812,1174178,2003,2023,20,21,0.9313479,0.979195786,0.047847886,2.065743,0.717076,0.877622,1.830573,4.069622,-0.009749179,0.018449,0.007161,Family,FALSE,FALSE,FALSE,FALSE
ENG_062_MZB_LO_1760,England,52.70081399,-1.477406475,1174178,2003,2023,11,21,0.858062773,1.034836291,0.176773518,-0.550133,-1.138983,-1.902958,3.244107,-0.190807,0.007791745,0.081318,0.017276,Family,FALSE,FALSE,FALSE,FALSE
ENG_062_MZB_LO_1761,England,53.00936085,-1.765938499,1174178,2002,2017,11,16,1.068029013,1.000009038,-0.068019975,0.636629,0.787976,-0.099784,-3.032627,0.060081,-0.008907091,0.074015,0.017934,Family,FALSE,FALSE,FALSE,FALSE
ENG_062_MZB_LO_1763,England,52.70105629,-1.517670977,1174178,2002,2023,10,22,0.854453956,1.010574742,0.156120786,-0.099462,-0.861267,-3.089676,1.003421,-0.202646,0.000118773,0.052164,0.006191,Family,FALSE,FALSE,FALSE,FALSE
ENG_062_MZB_LO_1764,England,52.10945409,-2.386167545,1173087,2002,2016,7,15,1.006556732,1.006773048,0.000216317,-0.641324,0.198459,-0.863808,-5.740549,-2.035059,-0.00957139,0.052299,0.011102,Family,FALSE,FALSE,FALSE,FALSE
ENG_062_MZB_LO_1765,England,53.12432733,-1.558335283,1174178,2002,2024,19,23,1.018935787,1.08339927,0.064463483,0.088302,0.925281,1.165236,-2.607813,0.109307,-0.037196803,0.016322,0.000565,Family,FALSE,FALSE,FALSE,FALSE
ENG_062_MZB_LO_1766,England,53.39832525,-0.964755826,1174178,2002,2013,9,12,0.940041638,0.977713997,0.03767236,-0.710662,0.443786,0.755348,-6.995084,-1.77673,-0.04476071,0.060424,0.01604,Family,FALSE,FALSE,FALSE,FALSE
ENG_062_MZB_LO_1767,England,52.31628024,-1.40640513,1173087,2003,2018,7,16,1.034430588,0.816611397,-0.217819191,-0.851559,-0.338331,0.010154,-5.383275,-2.033774,-0.03811833,0.112287,0.023689,Family,FALSE,FALSE,FALSE,FALSE
ENG_062_MZB_LO_1769,England,52.9375233,-1.508145731,1174178,2002,2023,9,22,1.042287536,1.003978952,-0.038308584,-5.709128,-2.935728,-5.763473,-9.074079,-10.864014,0.114910648,0.080274,0.022361,Family,FALSE,FALSE,FALSE,FALSE
ENG_062_MZB_LO_177,England,53.83804829,-1.949682004,1174178,2002,2013,9,12,0.945509375,0.938772075,-0.0067373,-0.823062,-0.526317,1.90778,-0.933127,-2.534429,-0.022694953,0.086891,0.012346,Family,FALSE,FALSE,FALSE,FALSE
ENG_062_MZB_LO_1770,England,52.93996271,-1.506764048,1174178,2003,2023,8,21,0.992026646,0.990127144,-0.001899502,-1.934833,-1.241016,-1.333372,-0.430255,-4.061188,0.021823075,0.03844,0.0023,Family,FALSE,FALSE,FALSE,FALSE
ENG_062_MZB_LO_1773,England,53.42066857,-1.21594342,1174178,2003,2023,7,21,0.649436093,0.948673219,0.299237125,-0.025908,0.364006,0.862925,-1.3002,0.161258,-0.069626451,0.071032,0.022959,Family,FALSE,FALSE,FALSE,FALSE
ENG_062_MZB_LO_1777,England,51.79113153,-2.487155425,1173087,2002,2020,15,19,0.874986684,0.953191372,0.078204688,1.225103,1.630257,4.435229,2.828902,2.26532,-0.078706229,0.001865,0.001982,Family,FALSE,FALSE,FALSE,FALSE
ENG_062_MZB_LO_1780,England,52.66289622,-2.143593684,1174178,2003,2018,10,16,0.834500816,0.926912046,0.09241123,-0.813095,0.607931,0.824454,-3.515014,-0.946092,-0.094283768,0.098552,0.01244,Family,FALSE,FALSE,FALSE,FALSE
ENG_062_MZB_LO_1781,England,53.25023261,-0.950674941,1174178,2004,2024,11,21,0.82770312,0.870820992,0.043117872,-1.081634,-0.047167,-0.039104,-5.266064,-2.879779,-0.01934845,0.04299,0.001506,Family,FALSE,FALSE,FALSE,FALSE
ENG_062_MZB_LO_1783,England,52.73687388,-2.567985619,1173087,2002,2023,20,22,0.961425301,1.008408306,0.046983005,-0.013125,0.980196,2.038592,-3.201823,0.52749,-0.004857971,0.045887,0.009394,Family,FALSE,FALSE,FALSE,FALSE
ENG_062_MZB_LO_1785,England,53.18200663,-1.205739606,1174178,2002,2024,18,23,0.900279904,0.906691318,0.006411414,1.246233,1.159325,0.729599,1.490879,1.858444,-0.035851762,0.058676,0.003601,Family,FALSE,FALSE,FALSE,FALSE
ENG_062_MZB_LO_1786,England,52.79822586,-3.125066149,1173087,2002,2024,21,23,0.967342334,0.984323836,0.016981501,1.769219,1.166388,2.833579,2.167939,3.750829,-0.006797209,0.010529,0.001171,Family,FALSE,FALSE,FALSE,FALSE
ENG_062_MZB_LO_1790,England,52.35914394,-2.878677114,1173087,2002,2024,21,23,0.868593077,0.987018418,0.11842534,2.03092,0.341973,0.932692,5.20922,3.870458,-0.050330716,0.008993,0.018891,Family,FALSE,FALSE,FALSE,FALSE
ENG_062_MZB_LO_1792,England,53.62009208,-0.78438776,1174178,2002,2022,8,21,0.88350814,0.871772018,-0.011736123,-0.170863,-0.482316,-1.130386,1.980242,0.187019,0.010644803,0.004424,0.002284,Family,FALSE,FALSE,FALSE,FALSE
ENG_062_MZB_LO_1798,England,52.94265658,-1.130870467,1174178,2002,2023,16,22,0.839936134,0.911245455,0.071309321,0.282878,-1.610925,-1.801306,2.582052,-0.463669,0.011819316,0.052112,0.011342,Family,FALSE,FALSE,FALSE,FALSE
ENG_062_MZB_LO_1799,England,52.60284608,-1.123046131,1174178,2002,2015,8,14,0.72656444,0.76682267,0.040258229,1.660434,1.772586,1.496861,-1.538472,2.719266,-0.03407846,0.028791,0.006344,Family,FALSE,FALSE,FALSE,FALSE
ENG_062_MZB_LO_18,England,53.73811329,-2.008256723,1174178,2002,2020,9,19,0.823088756,0.942281065,0.11919231,1.805317,1.8265,3.588798,4.45992,2.906103,-0.030925419,0.050001,0.023387,Family,FALSE,FALSE,FALSE,FALSE
ENG_062_MZB_LO_1800,England,52.20120204,-2.392143764,1173087,2002,2023,18,22,1.042322025,0.999393299,-0.042928726,0.847996,0.958664,1.093618,-2.186359,2.198037,0.062129296,0.010402,0.002388,Family,FALSE,FALSE,FALSE,FALSE
ENG_062_MZB_LO_1803,England,52.94757186,-1.570358746,1174178,2003,2023,12,21,0.642030039,0.678903249,0.03687321,0.554704,1.068554,2.396298,0.404686,1.116074,-0.021326492,0.018358,0.004225,Family,FALSE,FALSE,FALSE,FALSE
ENG_062_MZB_LO_1804,England,53.10836471,-0.992551266,1174178,2002,2024,20,23,0.899341453,0.840308256,-0.059033198,-0.531748,-0.76429,-3.132803,2.15406,-0.831206,0.011977779,0.001474,0.002085,Family,FALSE,FALSE,FALSE,FALSE
ENG_062_MZB_LO_1805,England,52.55788037,-1.681477503,1174178,2003,2014,7,12,0.734810336,0.721528458,-0.013281878,4.852621,2.337397,3.598239,12.241388,11.270794,-0.124655744,0.11756,0.016854,Family,FALSE,FALSE,FALSE,FALSE
ENG_062_MZB_LO_1806,England,52.41876443,-1.547659765,1173087,2003,2021,18,19,0.671163033,0.820055345,0.148892312,2.840528,1.937368,6.650821,1.380768,5.68086,-0.089953515,0.08657,0.035482,Family,FALSE,FALSE,FALSE,FALSE
ENG_062_MZB_LO_1809,England,52.56547221,-1.101144691,1174178,2003,2023,18,21,0.918439382,0.965282953,0.046843571,-0.493281,-0.031951,-0.809154,-3.382657,-1.071595,0.038683569,0.048589,0.003711,Family,FALSE,FALSE,FALSE,FALSE
ENG_062_MZB_LO_181,England,53.68950725,-2.102267329,1174178,2002,2023,8,22,0.911218674,1.009885224,0.098666549,0.806463,1.138755,3.570121,-1.027396,2.378359,0.020981746,0.046069,0.015091,Family,FALSE,FALSE,FALSE,FALSE
ENG_062_MZB_LO_1813,England,52.96778877,-1.546157328,1174178,2002,2024,19,23,0.949040504,0.978085685,0.029045181,-0.634859,-0.45491,-1.210499,-2.793943,-1.443299,0.030927952,0.029914,0.00372,Family,FALSE,FALSE,FALSE,FALSE
ENG_062_MZB_LO_1815,England,53.05809769,-1.339246952,1174178,2002,2023,10,22,0.700139359,0.7172775,0.017138141,0.78997,2.121861,-0.706681,-5.881743,1.352025,-0.007493516,0.006095,0.006495,Family,FALSE,FALSE,FALSE,FALSE
ENG_062_MZB_LO_1816,England,52.36819923,-2.897582751,1173087,2002,2019,14,18,0.83005012,1.031314582,0.201264462,0.286216,-0.503599,-0.70645,5.636527,0.156841,-0.096922868,0.049939,0.003653,Family,FALSE,FALSE,FALSE,FALSE
ENG_062_MZB_LO_1817,England,52.42496433,-1.099044775,1173087,2012,2021,10,10,0.902520502,0.862933769,-0.039586733,3.783644,1.639323,3.279597,7.527156,8.119291,-0.051255821,0.116294,0.004109,Family,FALSE,FALSE,FALSE,FALSE
ENG_062_MZB_LO_1818,England,52.79249287,-1.444217042,1174178,2004,2022,9,19,0.736805765,0.730408619,-0.006397146,-2.135017,0.041124,-0.318312,-6.473535,-4.243351,0.017553905,0.019767,0.003147,Family,FALSE,FALSE,FALSE,FALSE
ENG_062_MZB_LO_1819,England,52.79090661,-1.441419644,1174178,2002,2024,15,23,0.800406204,0.844676817,0.044270613,0.850781,1.807248,1.739638,-3.685263,1.422063,-0.019571702,0.00401,0.012262,Family,FALSE,FALSE,FALSE,FALSE
ENG_062_MZB_LO_1820,England,52.74925508,-1.309283894,1174178,2002,2023,14,22,1.016638308,0.966230511,-0.050407798,-0.099764,0.030676,-0.869216,-1.706795,-0.159944,0.031557096,0.007998,0.001268,Family,FALSE,FALSE,FALSE,FALSE
ENG_062_MZB_LO_1821,England,53.15918135,-1.118533959,1174178,2010,2024,15,15,0.67658672,0.603647438,-0.072939282,0.338201,-1.343947,-2.670292,8.028938,-0.532424,0.026052721,0.101817,0.017254,Family,FALSE,FALSE,FALSE,FALSE
ENG_062_MZB_LO_1823,England,53.05459188,-1.799202511,1174178,2002,2023,21,22,1.020299149,0.994599823,-0.025699326,1.178522,0.328858,0.173096,-0.416092,2.280615,0.00544659,0.013989,0.001454,Family,FALSE,FALSE,FALSE,FALSE
ENG_062_MZB_LO_1824,England,52.97863103,-1.298161203,1174178,2003,2015,7,13,0.766779727,0.811668003,0.044888277,1.279796,0.912527,-0.705303,-0.204168,0.533235,-0.038007366,0.135066,0.021332,Family,FALSE,FALSE,FALSE,FALSE
ENG_062_MZB_LO_1825,England,52.57134986,-1.242332945,1174178,2003,2020,7,18,0.854370359,0.98058338,0.126213021,-2.567092,-0.57411,0.740582,-9.896757,-5.219946,0.037522021,0.073843,0.015159,Family,FALSE,FALSE,FALSE,FALSE
ENG_062_MZB_LO_1826,England,52.31291662,-1.454710864,1173087,2004,2023,19,20,1.002181501,1.057362394,0.055180893,-0.117596,-1.141839,-1.272867,3.388497,-0.216947,-0.031406986,0.015958,0.002204,Family,FALSE,FALSE,FALSE,FALSE
ENG_062_MZB_LO_1827,England,53.13071377,-1.842968228,1174178,2002,2012,8,11,0.985818651,0.952431174,-0.033387478,1.395404,-1.59655,-5.429662,1.1172,4.082313,0.003677759,0.001854,0.019015,Family,FALSE,FALSE,FALSE,FALSE
ENG_062_MZB_LO_183,England,53.77847891,-2.06460906,1174178,2002,2018,10,17,0.986410561,0.988993307,0.002582746,2.874492,-0.171651,-1.207897,8.961694,5.975169,0.006152425,0.003971,0.001373,Family,FALSE,FALSE,FALSE,FALSE
ENG_062_MZB_LO_1830,England,53.3468258,-1.737797145,1174178,2002,2024,22,23,0.933865775,0.999831542,0.065965767,1.498086,1.078279,0.467532,0.01761,3.257592,-0.022147311,0.040059,0.012993,Family,FALSE,FALSE,FALSE,FALSE
ENG_062_MZB_LO_1832,England,53.0462989,-1.643305205,1174178,2010,2021,12,12,0.973403906,0.938227363,-0.035176542,-1.229847,-0.050808,-0.099605,-6.538794,-3.121757,-0.008210212,0.037429,0.006021,Family,FALSE,FALSE,FALSE,FALSE
ENG_062_MZB_LO_1833,England,53.57944679,-0.820550038,1174178,2002,2024,19,23,0.992405958,0.989972908,-0.00243305,0.089093,-0.281946,-1.05828,-1.153984,1.164263,0.04196225,0.032459,0.000824,Family,FALSE,FALSE,FALSE,FALSE
ENG_062_MZB_LO_1835,England,53.5854358,-0.819884872,1174178,2002,2024,17,23,1.018725397,0.926730967,-0.091994431,-1.722599,-1.102447,-1.88431,-4.99958,-4.249902,-0.032683091,0.070518,0.016512,Family,FALSE,FALSE,FALSE,FALSE
ENG_062_MZB_LO_1837,England,52.8723825,-1.643053267,1174178,2003,2019,15,17,1.059501274,0.997023479,-0.062477794,-0.924299,-0.299948,-0.57861,-11.862795,-1.942758,-0.015690677,0.002321,0.00604,Family,FALSE,FALSE,FALSE,FALSE
ENG_062_MZB_LO_1839,England,52.94606085,-1.183678386,1174178,2002,2023,19,22,0.881337872,0.940859055,0.059521183,0.034378,0.167395,-0.214355,-2.965084,-0.422571,-0.076578747,0.025536,0.00514,Family,FALSE,FALSE,FALSE,FALSE
ENG_062_MZB_LO_184,England,53.77926133,-2.063714957,1174178,2002,2018,10,17,0.989925642,0.9619216,-0.028004042,1.186436,-0.110103,-0.531526,4.903628,3.38994,0.074827888,0.05024,0.007241,Family,FALSE,FALSE,FALSE,FALSE
ENG_062_MZB_LO_1843,England,53.13296878,-1.217689095,1174178,2002,2014,7,13,0.585958651,0.618312697,0.032354046,1.939123,0.911775,-3.261355,1.348964,2.65841,-0.003935655,0.034698,0.008038,Family,FALSE,FALSE,FALSE,FALSE
ENG_062_MZB_LO_1848,England,53.24820963,-0.980713513,1174178,2003,2024,13,22,0.89806607,0.954282247,0.056216176,-0.91281,-1.445825,-2.875003,1.744158,-1.504556,-0.018543279,0.079169,0.013659,Family,FALSE,FALSE,FALSE,FALSE
ENG_062_MZB_LO_185,England,53.7597912,-2.018105441,1174178,2002,2023,18,22,0.927137371,0.971540265,0.044402894,1.038636,0.318342,1.576019,4.46211,2.585298,-0.036406932,0.005649,0.007296,Family,FALSE,FALSE,FALSE,FALSE
ENG_062_MZB_LO_1852,England,53.05509282,-0.8274782,1174178,2002,2016,8,15,0.842018998,0.825905996,-0.016113002,-1.919991,-0.956827,-2.249824,-5.304103,-3.720159,-0.033081767,0.028028,0.004839,Family,FALSE,FALSE,FALSE,FALSE
ENG_062_MZB_LO_1853,England,53.32193743,-1.650367691,1174178,2002,2024,22,23,1.049187196,1.068230532,0.019043336,-1.45933,-0.692314,-1.544117,-4.392136,-2.877554,-0.011929504,0.057624,0.003901,Family,FALSE,FALSE,FALSE,FALSE
ENG_062_MZB_LO_1855,England,53.13522203,-1.820860248,1174178,2002,2012,8,11,0.994738323,0.966978008,-0.027760315,2.411755,1.444239,-0.871569,2.263414,5.764383,0.047229423,0.115571,0.003156,Family,FALSE,FALSE,FALSE,FALSE
ENG_062_MZB_LO_1856,England,52.25515907,-2.201014603,1173087,2002,2023,18,22,1.008801802,1.032512032,0.02371023,-0.253742,-1.389396,-3.95042,4.0891,0.009745,-0.01422659,0.039614,0.012054,Family,FALSE,FALSE,FALSE,FALSE
ENG_062_MZB_LO_1857,England,53.07085887,-1.577806619,1174178,2002,2024,7,23,0.662371672,0.84181404,0.179442368,3.061115,4.017123,3.058724,-4.412977,5.748728,-0.086682736,0.059756,0.015424,Family,FALSE,FALSE,FALSE,FALSE
ENG_062_MZB_LO_1859,England,52.7685495,-1.839483125,1174178,2002,2023,20,22,0.923967155,0.959773424,0.035806269,0.559217,1.019334,0.835555,-6.923945,1.281848,-0.020204769,0.005094,8.40E-05,Family,FALSE,FALSE,FALSE,FALSE
ENG_062_MZB_LO_186,England,53.75800242,-2.019287679,1174178,2012,2023,11,12,0.97586444,0.940831987,-0.035032453,-0.92176,-4.530872,-7.754756,11.879177,-2.18955,0.041591833,0.027302,0.011718,Family,FALSE,FALSE,FALSE,FALSE
ENG_062_MZB_LO_1860,England,52.74822033,-1.865378623,1174178,2002,2018,10,17,0.874490156,0.854834526,-0.01965563,-1.583441,-1.126702,0.013289,-2.468882,-3.038991,-0.044033322,0.061904,0.009131,Family,FALSE,FALSE,FALSE,FALSE
ENG_062_MZB_LO_1863,England,52.85908635,-2.18691415,1174178,2002,2021,17,20,1.00328018,1.038901883,0.035621703,-2.522627,-1.049434,-1.522756,-7.382748,-5.235732,-0.019226561,0.005944,0.001295,Family,FALSE,FALSE,FALSE,FALSE
ENG_062_MZB_LO_1865,England,52.98669759,-0.987860444,1174178,2002,2016,13,15,0.825925829,0.880417583,0.054491755,-2.609771,-1.824441,-5.636585,-3.657543,-5.549699,0.020232319,0.080795,0.016698,Family,FALSE,FALSE,FALSE,FALSE
ENG_062_MZB_LO_1867,England,52.80510918,-2.010870095,1174178,2002,2015,9,14,0.774511505,0.936710553,0.162199048,2.983487,1.538195,11.733617,-0.179571,4.235786,-0.115271568,0.037452,0.031963,Family,FALSE,FALSE,FALSE,FALSE
ENG_062_MZB_LO_187,England,53.70501024,-2.003447311,1174178,2002,2023,20,22,0.921438913,0.968708554,0.047269642,0.407551,0.317202,0.164429,0.876903,1.133166,-0.057829461,0.055084,0.013421,Family,FALSE,FALSE,FALSE,FALSE
ENG_062_MZB_LO_188,England,53.66560413,-1.94880905,1174178,2012,2023,11,12,0.924419175,0.890668707,-0.033750468,-0.294335,-0.115281,-2.149514,-0.989396,0.240708,0.027627969,0.014236,0.002537,Family,FALSE,FALSE,FALSE,FALSE
ENG_062_MZB_LO_189,England,53.68990663,-1.849943699,1174178,2002,2017,7,16,0.741137354,0.834373887,0.093236533,1.899336,3.471369,3.656773,-9.197367,4.763099,-0.090031836,0.088133,0.018811,Family,FALSE,FALSE,FALSE,FALSE
ENG_062_MZB_LO_19,England,53.73508028,-2.15657202,1174178,2002,2019,7,18,0.85502204,0.939001072,0.083979031,2.195566,0.98821,1.475164,5.76998,4.489641,-0.00805686,0.064929,0.01644,Family,FALSE,FALSE,FALSE,FALSE
ENG_062_MZB_LO_190,England,53.60045671,-1.929196959,1174178,2002,2014,7,13,0.64771748,0.79393842,0.146220941,2.348205,5.126535,6.382778,-8.809296,3.65422,-0.109366551,0.118642,0.026966,Family,FALSE,FALSE,FALSE,FALSE
ENG_062_MZB_LO_191,England,53.61607496,-1.855192169,1174178,2002,2021,10,20,0.763173485,0.933951421,0.170777937,3.438538,3.437906,4.232325,2.3564,5.925547,-0.022637086,0.068356,0.014572,Family,FALSE,FALSE,FALSE,FALSE
ENG_062_MZB_LO_195,England,53.66826657,-1.592194803,1174178,2005,2015,7,11,0.507607305,0.735871584,0.228264279,4.664022,3.504609,3.718619,4.52068,8.543526,-0.018371589,0.101998,0.034658,Family,FALSE,FALSE,FALSE,FALSE
ENG_062_MZB_LO_197,England,53.51476672,-1.590062833,1174178,2002,2017,11,16,0.764739273,0.871433955,0.106694682,2.091315,2.70842,5.667832,-1.345117,3.801838,-0.068598935,0.084939,0.01062,Family,FALSE,FALSE,FALSE,FALSE
ENG_062_MZB_LO_198,England,53.50184254,-1.703179883,1174178,2002,2023,18,22,0.864959878,0.995411267,0.130451389,3.519075,1.471744,2.881668,5.098218,6.859327,-0.054697366,0.028898,0.015451,Family,FALSE,FALSE,FALSE,FALSE
ENG_062_MZB_LO_199,England,53.40168982,-1.552089242,1174178,2002,2023,18,22,0.779208578,0.863148498,0.08393992,1.304396,1.412774,2.193715,0.740055,2.642605,0.011341689,0.011907,0.000273,Family,FALSE,FALSE,FALSE,FALSE
ENG_062_MZB_LO_2,England,53.82829658,-1.663919798,1174178,2002,2020,9,19,0.618125534,0.835412215,0.217286681,2.867749,2.386027,1.101993,-1.735239,5.698992,-0.047687645,0.058155,0.018606,Family,FALSE,FALSE,FALSE,FALSE
ENG_062_MZB_LO_208,England,53.16468886,-1.315026376,1174178,2002,2023,14,22,0.96742663,0.857717753,-0.109708876,-1.291426,-1.562834,-3.835345,1.950015,-3.138335,0.021800738,0.042218,0.010936,Family,FALSE,FALSE,FALSE,FALSE
ENG_062_MZB_LO_214,England,53.66343075,-1.356187328,1174178,2002,2013,7,12,0.623204603,0.759266727,0.136062125,3.916749,3.846722,3.640205,9.605577,7.106596,0.050142725,0.068719,0.030124,Family,FALSE,FALSE,FALSE,FALSE
ENG_062_MZB_LO_216,England,53.76527012,-1.460869036,1174178,2002,2016,8,15,0.555561381,0.679768102,0.124206721,1.332224,1.728919,3.094174,0.186862,2.443306,-0.02471315,0.089059,0.022064,Family,FALSE,FALSE,FALSE,FALSE
ENG_062_MZB_LO_217,England,53.84010342,-1.789016263,1174178,2004,2017,7,14,0.635266702,0.83168499,0.196418288,3.973359,3.116561,8.293581,5.051031,8.852581,-0.174958034,0.037757,0.005943,Family,FALSE,FALSE,FALSE,FALSE
ENG_062_MZB_LO_221,England,53.88712959,-1.262659026,1174178,2002,2021,10,20,0.960072771,0.990938633,0.030865862,-0.474108,0.536845,1.325373,-3.869763,-0.562096,-0.015980775,0.041359,0.005468,Family,FALSE,FALSE,FALSE,FALSE
ENG_062_MZB_LO_222,England,54.20271422,-0.527137744,1174178,2002,2022,18,21,1.030182186,1.041904452,0.011722266,2.414988,2.110882,4.258192,2.126277,4.904835,-0.03480303,0.031419,0.001816,Family,FALSE,FALSE,FALSE,FALSE
ENG_062_MZB_LO_225,England,53.90129184,-0.783701085,1174178,2002,2019,7,18,0.634443078,0.759696096,0.125253018,3.482004,4.009149,4.954521,-0.944009,6.769486,0.002101131,0.068109,0.021597,Family,FALSE,FALSE,FALSE,FALSE
ENG_062_MZB_LO_227,England,54.50487154,-1.947469847,1173529,2003,2022,12,20,0.93197523,0.909625433,-0.022349796,-4.146669,-1.451503,-2.44398,-9.126893,-7.855117,0.01805078,0.000576,0.001191,Family,FALSE,FALSE,FALSE,FALSE
ENG_062_MZB_LO_228,England,54.54507988,-1.932224325,1173529,2002,2021,9,20,1.047716525,1.000941127,-0.046775399,-2.933074,-1.813355,-1.015537,-4.048622,-5.531059,0.043389167,0.048906,0.014223,Family,FALSE,FALSE,FALSE,FALSE
ENG_062_MZB_LO_23,England,54.27857832,-1.779877517,1174178,2002,2017,7,16,0.966923516,1.037039332,0.070115816,1.883522,1.594082,2.435442,2.862268,3.762291,-0.044471594,0.080547,0.013794,Family,FALSE,FALSE,FALSE,FALSE
ENG_062_MZB_LO_233,England,54.47774156,-1.298462734,1173529,2002,2014,7,13,0.99097186,1.017661176,0.026689316,0.196911,1.035775,4.922115,-4.520137,2.022379,0.01044605,0.02275,0.001995,Family,FALSE,FALSE,FALSE,FALSE
ENG_062_MZB_LO_234,England,54.46239829,-1.199559818,1173529,2002,2014,9,13,0.708861011,0.807820463,0.098959452,1.616369,5.3382,11.97317,-15.015155,3.087769,-0.091421067,0.109494,0.048338,Family,FALSE,FALSE,FALSE,FALSE
ENG_062_MZB_LO_236,England,53.81592965,-1.950543369,1174178,2002,2014,10,13,0.858654461,0.884610791,0.02595633,1.328664,-0.490502,-1.606673,4.919932,2.821356,0.022235245,0.032908,0.010282,Family,FALSE,FALSE,FALSE,FALSE
ENG_062_MZB_LO_237,England,53.99930153,-2.090094725,1174178,2002,2019,15,18,0.86532054,1.066556434,0.201235894,3.133667,0.60958,0.970283,9.78265,6.508046,-0.13880585,0.021682,0.002027,Family,FALSE,FALSE,FALSE,FALSE
ENG_062_MZB_LO_238,England,53.87020765,-1.766768157,1174178,2002,2016,9,15,0.887088809,1.054434774,0.167345966,0.468956,0.947919,0.907374,-0.136864,0.52863,0.003543046,0.075801,0.018555,Family,FALSE,FALSE,FALSE,FALSE
ENG_062_MZB_LO_24,England,53.97212645,-1.390929293,1174178,2002,2018,9,17,0.767836516,0.987959585,0.220123069,1.460838,1.725973,2.762286,-3.292161,3.611264,-0.092760903,0.102145,0.034747,Family,FALSE,FALSE,FALSE,FALSE
ENG_062_MZB_LO_240,England,53.83135085,-1.572716042,1174178,2002,2016,7,15,0.837970941,0.913203879,0.075232939,-0.371672,2.24679,4.886772,-6.38953,-1.689633,-0.065722646,0.056056,0.012729,Family,FALSE,FALSE,FALSE,FALSE
ENG_062_MZB_LO_243,England,53.74565988,-1.422544909,1174178,2002,2016,7,15,0.706445601,0.839890735,0.133445134,-0.118148,3.285332,4.21484,-13.855688,-0.982998,-0.043528675,0.067497,0.012901,Family,FALSE,FALSE,FALSE,FALSE
ENG_062_MZB_LO_244,England,53.90328763,-1.941689874,1174178,2002,2021,10,20,0.827794767,0.874017615,0.046222848,0.149125,-0.187942,-1.847613,0.027684,-0.28254,-0.054360562,0.055884,0.014755,Family,FALSE,FALSE,FALSE,FALSE
ENG_062_MZB_LO_25,England,53.60463347,-1.552698848,1174178,2003,2018,7,16,0.639871497,0.62598157,-0.013889927,0.698444,0.341783,-0.274182,4.09192,2.880822,-0.030176856,0.005816,0.001207,Family,FALSE,FALSE,FALSE,FALSE
ENG_062_MZB_LO_251,England,53.71565302,-1.403151355,1174178,2002,2016,7,15,0.644998911,0.740913658,0.095914747,-3.042002,-0.867623,-2.228345,-7.495741,-4.695751,-0.026524741,0.009676,0.002681,Family,FALSE,FALSE,FALSE,FALSE
ENG_062_MZB_LO_253,England,53.56278224,-1.803408422,1174178,2002,2017,13,16,0.765336333,0.935860271,0.170523937,4.579154,2.154973,3.379776,8.156219,8.781147,-0.096876077,0.000683,0.001185,Family,FALSE,FALSE,FALSE,FALSE
ENG_062_MZB_LO_256,England,53.68245291,-2.089698631,1174178,2002,2023,9,22,0.813585935,0.890879099,0.077293164,1.899182,2.481462,4.992531,-0.188798,3.567487,-0.018872745,0.053684,0.015394,Family,FALSE,FALSE,FALSE,FALSE
ENG_062_MZB_LO_260,England,53.28834191,-1.337202401,1174178,2003,2018,8,16,0.785752566,0.829342735,0.043590169,3.989559,2.271116,2.483683,6.0518,7.929484,-0.060420739,0.020354,0.003491,Family,FALSE,FALSE,FALSE,FALSE
ENG_062_MZB_LO_261,England,53.16827911,-1.390017792,1174178,2002,2017,8,16,0.620743826,0.64346649,0.022722664,1.20224,1.026708,4.133633,-0.009487,1.095609,-0.027291128,0.085037,0.03197,Family,FALSE,FALSE,FALSE,FALSE
ENG_062_MZB_LO_263,England,53.99077591,-0.446977506,1170587,2002,2014,10,13,0.914292904,0.929884601,0.015591697,-1.200598,-2.472555,-10.067178,5.560813,-1.685532,0.031745565,0.017379,0.019329,Family,FALSE,FALSE,FALSE,FALSE
ENG_062_MZB_LO_265,England,53.78365627,-0.731189294,1174178,2002,2013,8,12,0.962482736,0.885294575,-0.077188161,1.657616,0.267951,0.741043,6.51077,2.645687,0.08339606,0.00972,0.012589,Family,FALSE,FALSE,FALSE,FALSE
ENG_062_MZB_LO_267,England,53.96885325,-0.338802305,1170587,2002,2015,7,14,0.836481388,0.883670811,0.047189423,5.005506,2.38004,5.575746,8.842357,10.625093,-0.064622002,0.096317,0.02328,Family,FALSE,FALSE,FALSE,FALSE
ENG_062_MZB_LO_269,England,53.96929706,-0.382539963,1170587,2002,2014,8,13,0.782833913,0.848728878,0.065894964,2.549469,1.443663,2.420464,9.492936,6.272252,0.045776943,0.057744,0.016826,Family,FALSE,FALSE,FALSE,FALSE
ENG_062_MZB_LO_272,England,54.31046659,-1.456174571,1174178,2002,2024,12,23,0.630359662,0.857529755,0.227170093,1.7022,2.719946,2.987606,-4.242133,3.369695,-0.041173577,0.030706,0.015642,Family,FALSE,FALSE,FALSE,FALSE
ENG_062_MZB_LO_273,England,53.67442664,-1.940200713,1174178,2002,2021,18,20,0.926892569,1.08959553,0.162702961,1.462236,-0.21661,-2.262788,6.086782,3.1771,-0.004677764,0.044804,0.00232,Family,FALSE,FALSE,FALSE,FALSE
ENG_062_MZB_LO_275,England,53.60168884,-1.930509588,1174178,2002,2014,10,13,0.886281235,0.966083624,0.079802389,-1.139422,0.783139,2.487519,-0.106803,-1.964231,-0.026269071,0.021031,0.013983,Family,FALSE,FALSE,FALSE,FALSE
ENG_062_MZB_LO_277,England,53.86660701,-1.815297398,1174178,2002,2023,10,22,0.858392391,0.851217763,-0.007174628,1.783337,1.242544,1.93512,2.566459,3.470884,-0.052427748,0.032401,0.004514,Family,FALSE,FALSE,FALSE,FALSE
ENG_062_MZB_LO_278,England,53.76592141,-1.905803619,1174178,2002,2021,19,20,0.845813691,0.9218808,0.076067109,-0.898627,-0.488612,-0.541051,-1.257591,-2.326948,0.044319337,0.054413,0.000531,Family,FALSE,FALSE,FALSE,FALSE
ENG_062_MZB_LO_279,England,53.7722782,-2.04243248,1174178,2002,2023,20,22,0.978135772,1.007592994,0.029457221,0.469908,0.042108,-0.19099,1.593478,1.350912,-0.012093654,0.007828,0.002447,Family,FALSE,FALSE,FALSE,FALSE
ENG_062_MZB_LO_280,England,53.38021277,-1.565827852,1174178,2002,2023,18,22,0.90646612,0.972140817,0.065674696,1.688011,0.220629,-0.285912,5.29484,3.27157,-0.050776975,0.036089,0.010573,Family,FALSE,FALSE,FALSE,FALSE
ENG_062_MZB_LO_282,England,53.55570828,-1.820558505,1174178,2002,2023,18,22,0.879077918,0.875672476,-0.003405442,1.212875,1.36863,3.082712,-1.118087,2.593161,-0.019554601,0.029471,0.004822,Family,FALSE,FALSE,FALSE,FALSE
ENG_062_MZB_LO_284,England,53.70110364,-2.038602715,1174178,2002,2023,20,22,0.915546862,1.005283079,0.089736216,0.536287,-0.312087,-0.997819,1.437158,1.693194,-0.005509459,0.017393,0.001781,Family,FALSE,FALSE,FALSE,FALSE
ENG_062_MZB_LO_285,England,53.70869342,-2.124508659,1174178,2002,2019,11,18,0.659043629,0.936606787,0.277563158,6.114348,2.50515,5.910765,9.162034,12.906945,-0.084923057,0.077083,0.009453,Family,FALSE,FALSE,FALSE,FALSE
ENG_062_MZB_LO_287,England,53.83253097,-1.991199045,1174178,2002,2023,20,22,0.947960755,0.903014547,-0.044946209,1.243718,1.105711,2.007196,-0.981297,2.819932,-0.035697201,0.049097,0.012506,Family,FALSE,FALSE,FALSE,FALSE
ENG_062_MZB_LO_288,England,53.70742167,-2.128716295,1174178,2002,2019,11,18,0.947503725,0.999959175,0.052455449,2.341073,1.458335,2.164515,3.048062,6.178681,-0.023023058,0.033668,0.002959,Family,FALSE,FALSE,FALSE,FALSE
ENG_062_MZB_LO_289,England,53.56502906,-1.782381548,1174178,2002,2018,10,17,0.788484081,0.944922128,0.156438047,2.098827,3.510664,7.234775,-4.673401,4.910494,0.007584296,0.076993,0.009133,Family,FALSE,FALSE,FALSE,FALSE
ENG_062_MZB_LO_29,England,54.20496264,-0.633308945,1174178,2002,2019,16,18,1.036022411,1.097004404,0.060981993,0.479908,-2.171304,-8.047861,8.01714,0.616638,-0.037492138,0.051076,0.009292,Family,FALSE,FALSE,FALSE,FALSE
ENG_062_MZB_LO_292,England,55.76654088,-2.07001323,1172284,2004,2023,8,20,0.900336338,0.840246077,-0.060090261,-0.57155,-1.065439,-3.03057,2.665132,-0.772595,-0.003033827,0.037587,0.005957,Family,FALSE,FALSE,FALSE,FALSE
ENG_062_MZB_LO_293,England,55.64988781,-2.117680683,1172284,2003,2023,15,21,0.965989109,1.028584606,0.062595497,-3.429593,-0.220793,0.228579,-12.313403,-6.845251,0.012065073,0.035571,0.001086,Family,FALSE,FALSE,FALSE,FALSE
ENG_062_MZB_LO_294,England,55.57079462,-2.00412091,1172284,2003,2023,17,21,1.070954279,1.052399394,-0.018554885,-1.463218,-0.376461,-0.304653,-4.082696,-2.928514,0.069694976,0.053988,0.00595,Family,FALSE,FALSE,FALSE,FALSE
ENG_062_MZB_LO_295,England,55.55008317,-1.904948634,1172284,2005,2023,16,19,1.091560393,1.093998409,0.002438016,-2.190082,0.646895,1.907822,-9.354031,-4.11739,0.015262158,0.034173,0.000372,Family,FALSE,FALSE,FALSE,FALSE
ENG_062_MZB_LO_296,England,55.47718243,-1.880412971,1172284,2003,2023,17,21,0.963015101,0.982232142,0.019217042,-0.528945,0.508666,0.862956,-5.100785,-1.257656,-0.004937329,0.038836,0.006775,Family,FALSE,FALSE,FALSE,FALSE
ENG_062_MZB_LO_297,England,55.56548056,-2.072966615,1172284,2004,2024,16,21,0.968237021,1.005398499,0.037161478,-3.004969,-1.776546,-2.020555,-4.768512,-5.768544,0.071569319,0.001034,0.000571,Family,FALSE,FALSE,FALSE,FALSE
ENG_062_MZB_LO_298,England,55.59417309,-2.22055556,1172284,2004,2023,17,20,1.007375102,0.938226174,-0.069148928,-0.764998,-0.137498,0.086583,-2.222506,-1.150237,0.039982586,0.051941,0.005884,Family,FALSE,FALSE,FALSE,FALSE
ENG_062_MZB_LO_299,England,55.54633161,-2.166340421,1172284,2003,2019,7,17,1.035519144,1.00818618,-0.027332964,-0.522873,0.23676,-2.969763,-5.584866,-1.156158,0.000899266,0.061332,0.017443,Family,FALSE,FALSE,FALSE,FALSE
ENG_062_MZB_LO_301,England,55.51695533,-2.005841945,1172284,2003,2023,16,21,1.02039307,0.984994994,-0.035398076,-1.92356,0.240401,1.629541,-7.558775,-3.74614,-0.016746269,0.042194,0.010501,Family,FALSE,FALSE,FALSE,FALSE
ENG_062_MZB_LO_306,England,55.40776069,-1.663016327,1172374,2004,2023,12,20,0.85746712,0.983405567,0.125938447,-1.585648,-0.366159,0.136275,-4.782866,-2.820093,-0.049338995,0.047481,0.007716,Family,FALSE,FALSE,FALSE,FALSE
ENG_062_MZB_LO_309,England,55.44592935,-1.771370932,1172374,2002,2019,7,18,0.948129447,1.029588425,0.081458978,-0.073826,2.174785,5.550419,-7.561757,-0.011611,-0.076429732,0.082544,0.015795,Family,FALSE,FALSE,FALSE,FALSE
ENG_062_MZB_LO_31,England,54.04377374,-1.940717086,1174178,2002,2023,20,22,0.923115141,0.914415022,-0.008700119,-0.266577,-0.810882,-2.164658,0.982291,-1.531227,0.007153403,0.052988,0.010285,Family,FALSE,FALSE,FALSE,FALSE
ENG_062_MZB_LO_310,England,55.33817806,-1.629458457,1172813,2002,2023,20,22,0.982153564,1.028965691,0.046812127,-2.180551,0.076563,0.005754,-8.444601,-4.772708,0.006158905,0.044942,0.007931,Family,FALSE,FALSE,FALSE,FALSE
ENG_062_MZB_LO_312,England,55.28911843,-1.842400995,1172813,2004,2023,10,20,1.002376378,1.085329827,0.082953449,-2.334977,-0.14699,1.902917,-7.88625,-5.50511,-0.019000318,0.032046,0.004942,Family,FALSE,FALSE,FALSE,FALSE
ENG_062_MZB_LO_314,England,55.34398145,-2.11948187,1172813,2002,2023,18,22,1.007292708,0.987700832,-0.019591875,-2.465395,-0.465266,-0.37139,-6.155425,-4.858455,0.028487841,0.04165,0.005401,Family,FALSE,FALSE,FALSE,FALSE
ENG_062_MZB_LO_315,England,55.35467972,-1.630803093,1172813,2004,2019,7,16,0.776718577,0.710174376,-0.066544201,-4.796924,-1.417992,-0.796193,-6.482218,-10.060616,0.016022777,0.060106,0.017742,Family,FALSE,FALSE,FALSE,FALSE
ENG_062_MZB_LO_318,England,55.31389385,-1.953630123,1172813,2003,2018,8,16,0.929667761,1.052649227,0.122981466,-0.535541,-0.687983,-1.140625,-1.208861,-0.694534,0.023677659,0.034878,0.005347,Family,FALSE,FALSE,FALSE,FALSE
ENG_062_MZB_LO_320,England,55.34783149,-2.124271455,1172813,2002,2019,7,18,0.968246504,0.980206626,0.011960123,-1.370821,0.351828,-0.065006,-7.917642,-2.2569,-0.044073912,0.003846,0.002311,Family,FALSE,FALSE,FALSE,FALSE
ENG_062_MZB_LO_322,England,55.22782477,-1.626474238,1158206,2002,2019,8,18,0.818678839,0.847094091,0.028415252,0.428298,0.427206,1.5029,-0.15536,1.981506,0.012202328,0.034887,0.006534,Family,FALSE,FALSE,FALSE,FALSE
ENG_062_MZB_LO_323,England,55.17231828,-1.623162186,1173540,2003,2017,8,15,0.982032939,1.020570255,0.038537317,-2.51093,-1.074149,-2.481073,-7.085438,-5.04556,0.056737992,0.053259,0.004092,Family,FALSE,FALSE,FALSE,FALSE
ENG_062_MZB_LO_324,England,55.15121631,-1.918386475,1173540,2003,2014,8,12,0.903681595,0.981919198,0.078237603,0.300019,-1.469904,-4.367494,4.83074,-0.76173,-0.161468176,0.080051,0.016237,Family,FALSE,FALSE,FALSE,FALSE
ENG_062_MZB_LO_326,England,55.16953076,-1.731256739,1173540,2002,2019,16,18,0.948975411,1.025568441,0.076593029,-3.034979,-2.108433,-4.093019,-3.813267,-6.007097,0.013404043,0.044353,0.007486,Family,FALSE,FALSE,FALSE,FALSE
ENG_062_MZB_LO_327,England,55.2383936,-1.946515303,1173540,2002,2022,7,21,1.069119132,1.01724028,-0.051878852,-0.917614,-0.276351,-0.482542,-1.65822,-1.448619,0.057518561,0.00865,0.001111,Family,FALSE,FALSE,FALSE,FALSE
ENG_062_MZB_LO_328,England,55.23659841,-1.951235157,1173540,2003,2022,8,20,1.020320441,1.002586685,-0.017733756,-1.273944,0.10958,1.051691,-4.403205,-2.479327,-0.005617086,0.010541,0.007009,Family,FALSE,FALSE,FALSE,FALSE
ENG_062_MZB_LO_33,England,53.51819083,-1.763301427,1174178,2002,2023,20,22,0.794044059,0.887137874,0.093093814,0.649244,0.028444,0.647811,3.165994,1.043463,-0.007898874,0.026091,0.003913,Family,FALSE,FALSE,FALSE,FALSE
ENG_062_MZB_LO_330,England,55.12621665,-1.583107771,1172393,2004,2023,8,20,0.998012397,1.037798223,0.039785826,-0.936586,-1.298559,-1.709186,3.391427,-1.207315,-0.000795546,0.051206,0.004752,Family,FALSE,FALSE,FALSE,FALSE
ENG_062_MZB_LO_331,England,55.11211062,-1.622240841,1172393,2004,2023,10,20,1.070867686,1.055730496,-0.01513719,-3.309644,-1.48952,-2.35026,-7.922199,-6.596804,0.054565597,0.052786,0.01535,Family,FALSE,FALSE,FALSE,FALSE
ENG_062_MZB_LO_333,England,55.08981778,-1.757376017,1172393,2003,2017,10,15,0.946585447,1.092872614,0.146287167,-0.207586,1.299102,-0.284797,-8.247437,-0.598144,-0.029264097,0.080506,0.007699,Family,FALSE,FALSE,FALSE,FALSE
ENG_062_MZB_LO_336,England,55.08400603,-1.74090023,1172393,2002,2015,10,14,0.88896832,0.91654899,0.02758067,1.555393,-0.400398,-3.343551,6.578441,2.34474,-0.071824058,0.03382,0.000387,Family,FALSE,FALSE,FALSE,FALSE
ENG_062_MZB_LO_338,England,55.03861195,-1.857419108,1172393,2004,2019,7,16,0.939658736,1.054260891,0.114602155,-1.002687,-1.313079,-3.064913,-0.545446,-2.95632,-0.087863049,0.068091,0.009149,Family,FALSE,FALSE,FALSE,FALSE
ENG_062_MZB_LO_340,England,55.04960359,-1.917997266,1172393,2002,2019,8,18,0.757294625,0.87252437,0.115229745,0.000775,-1.099564,-1.455424,6.824113,0.688473,-0.023052253,0.046063,0.010553,Family,FALSE,FALSE,FALSE,FALSE
ENG_062_MZB_LO_341,England,55.07328193,-1.474249095,1157491,2002,2017,7,16,0.891816933,1.040821615,0.149004682,-0.310873,-0.292163,-1.519542,0.195348,-0.162322,0.006461301,0.052441,0.00333,Family,FALSE,FALSE,FALSE,FALSE
ENG_062_MZB_LO_343,England,54.97689397,-1.834421601,1173538,2002,2023,13,22,1.068704927,1.052282351,-0.016422576,-2.920305,-1.340281,-2.439152,-5.532142,-5.404353,0.097105331,0.033365,0.010791,Family,FALSE,FALSE,FALSE,FALSE
ENG_062_MZB_LO_345,England,54.9520708,-1.920427956,1173538,2002,2021,9,20,1.023152632,1.074728524,0.051575892,0.959193,0.031035,-0.598461,-2.478763,1.119241,-0.035615458,0.047647,0.008338,Family,FALSE,FALSE,FALSE,FALSE
ENG_062_MZB_LO_346,England,55.05410071,-2.151815428,1173538,2002,2023,7,22,1.063803328,0.954758934,-0.109044394,-3.735431,-1.109726,-0.742838,-8.295394,-7.006937,0.029370115,0.051018,0.008782,Family,FALSE,FALSE,FALSE,FALSE
ENG_062_MZB_LO_347,England,55.08725129,-2.21617325,1173538,2002,2014,7,13,0.991205336,1.017368418,0.026163082,-2.170329,-0.566551,0.376372,-5.013841,-4.200939,0.01935232,0.069583,0.011416,Family,FALSE,FALSE,FALSE,FALSE
ENG_062_MZB_LO_348,England,55.14064734,-2.256935066,1173538,2002,2023,9,22,0.990732172,1.037374054,0.046641882,-2.307661,-0.41198,0.156381,-6.919491,-3.714142,0.067519003,0.058672,0.010992,Family,FALSE,FALSE,FALSE,FALSE
ENG_062_MZB_LO_350,England,55.17741846,-2.436484464,1173538,2002,2023,10,22,0.92506584,0.788295891,-0.136769949,-1.799431,-0.472307,-1.691976,-4.80539,-3.482133,0.020870909,0.050747,0.012459,Family,FALSE,FALSE,FALSE,FALSE
ENG_062_MZB_LO_351,England,55.22901813,-2.580134673,1173538,2004,2023,8,20,0.877099554,1.053934803,0.176835249,-0.312868,-1.510891,-2.044285,4.066238,-0.375438,-0.091795811,0.029627,0.012014,Family,FALSE,FALSE,FALSE,FALSE
ENG_062_MZB_LO_353,England,54.98718307,-1.588126708,1173538,2002,2020,7,19,0.703924347,0.781950183,0.078025836,-0.019759,2.27728,1.447236,-6.064965,0.229357,-0.041328029,0.053656,0.022528,Family,FALSE,FALSE,FALSE,FALSE
ENG_062_MZB_LO_354,England,54.91521279,-1.609933998,1173538,2004,2017,10,14,0.562216351,0.678842375,0.116626023,4.398532,3.513288,2.632212,3.299587,10.406659,0.024362509,0.144243,0.0424,Family,FALSE,FALSE,FALSE,FALSE
ENG_062_MZB_LO_359,England,54.8529461,-1.940807417,1173538,2012,2023,8,12,1.007928038,0.904976886,-0.102951152,-2.419489,-0.265633,2.448465,-3.665948,-5.441634,0.029893018,0.103055,0.018838,Family,FALSE,FALSE,FALSE,FALSE
ENG_062_MZB_LO_360,England,54.85735141,-2.027502023,1173538,2003,2023,14,21,1.070155068,1.038591664,-0.031563403,-2.397029,-1.484705,-3.352247,-5.582737,-3.746143,0.028642412,0.055722,0.013643,Family,FALSE,FALSE,FALSE,FALSE
ENG_062_MZB_LO_365,England,54.98822776,-2.141315187,1173538,2004,2023,13,20,1.080785281,1.035014896,-0.045770385,-1.183466,-0.237767,-1.412585,-4.498859,-1.53586,0.018221947,0.068514,0.01085,Family,FALSE,FALSE,FALSE,FALSE
ENG_062_MZB_LO_367,England,54.80977965,-2.442979314,1173538,2004,2023,18,20,0.999107952,1.046867418,0.047759466,-2.025016,-1.492961,-3.754837,-2.497156,-4.249288,-0.019783764,0.004773,0.004958,Family,FALSE,FALSE,FALSE,FALSE
ENG_062_MZB_LO_369,England,54.9043375,-2.266716437,1173538,2002,2019,7,18,0.977730038,1.059059344,0.081329306,-0.213184,0.136406,1.679227,-1.00243,0.174374,-0.016625521,0.053167,0.016155,Family,FALSE,FALSE,FALSE,FALSE
ENG_062_MZB_LO_37,England,53.99692883,-0.447343566,1170587,2002,2019,18,18,1.03468443,1.015074409,-0.019610021,0.448889,1.426032,2.290939,-0.264465,0.536253,0.018387234,0.017324,0.002832,Family,FALSE,FALSE,FALSE,FALSE
ENG_062_MZB_LO_370,England,54.91858087,-2.328885971,1173538,2004,2018,7,15,1.034987222,1.084279909,0.049292687,-2.785087,-3.307643,-5.490067,-0.215623,-5.309808,0.001394437,0.090586,0.028699,Family,FALSE,FALSE,FALSE,FALSE
ENG_062_MZB_LO_374,England,54.81512667,-2.442960082,1173538,2002,2018,8,17,0.817620109,0.990977727,0.173357618,0.769689,0.823186,-0.616096,2.007116,1.563263,-0.12148424,0.128636,0.021169,Family,FALSE,FALSE,FALSE,FALSE
ENG_062_MZB_LO_376,England,55.05410263,-2.126598059,1173538,2002,2019,7,18,0.991213108,0.961512627,-0.029700481,-3.913017,-2.70293,-1.92172,-6.049179,-7.356419,0.022202314,0.072071,0.013549,Family,FALSE,FALSE,FALSE,FALSE
ENG_062_MZB_LO_378,England,55.1045982,-2.238052727,1173538,2003,2018,8,16,1.071964137,1.044238224,-0.027725914,-0.579348,0.8626,1.434254,-5.184403,-1.334183,-0.018591659,0.055218,0.00774,Family,FALSE,FALSE,FALSE,FALSE
ENG_062_MZB_LO_379,England,55.13519338,-2.214989543,1173538,2002,2023,20,22,1.001242764,1.001072838,-0.000169926,-1.296221,-0.146556,0.11221,-2.749381,-2.588826,-0.050996044,0.022527,0.002679,Family,FALSE,FALSE,FALSE,FALSE
ENG_062_MZB_LO_38,England,54.44655221,-0.979762735,1172391,2003,2013,8,11,0.844933871,0.964109604,0.119175733,-2.38531,0.536547,1.363785,-9.902874,-4.720282,0.045329125,0.11874,0.041256,Family,FALSE,FALSE,FALSE,FALSE
ENG_062_MZB_LO_380,England,55.22749274,-2.177629931,1173538,2002,2024,7,23,0.87682437,0.946117281,0.069292911,-3.437999,-2.665255,-3.663634,-2.724806,-6.630465,0.019055407,0.06903,0.015549,Family,FALSE,FALSE,FALSE,FALSE
ENG_062_MZB_LO_384,England,55.14206058,-2.255767542,1173538,2003,2017,7,15,1.002822996,1.093278213,0.090455217,-1.221375,-1.179672,-3.536206,2.812251,-1.565755,0.012799713,0.053318,0.011043,Family,FALSE,FALSE,FALSE,FALSE
ENG_062_MZB_LO_385,England,55.15873229,-2.342365601,1173538,2003,2019,8,17,1.029716876,0.928795103,-0.100921773,-4.174989,-2.852397,-5.07506,-4.443021,-7.390803,0.111178527,0.068345,0.007113,Family,FALSE,FALSE,FALSE,FALSE
ENG_062_MZB_LO_386,England,55.16299519,-2.337865917,1173538,2003,2019,8,17,0.997586031,1.053642431,0.0560564,-1.130538,-0.002388,-0.470041,-3.994099,-2.85729,-0.071903604,0.029734,0.003328,Family,FALSE,FALSE,FALSE,FALSE
ENG_062_MZB_LO_387,England,55.19591276,-2.580376038,1173538,2002,2020,7,19,0.973346022,0.977819474,0.004473452,-1.432696,-0.582861,-1.237808,-1.888536,-3.589094,-0.021543759,0.017995,0.0036,Family,FALSE,FALSE,FALSE,FALSE
ENG_062_MZB_LO_389,England,54.81886216,-1.540739274,1173291,2004,2023,13,20,0.934672602,1.004983314,0.070310711,-0.653618,0.992974,1.190242,-5.681027,-0.767574,0.017868788,0.027484,0.001449,Family,FALSE,FALSE,FALSE,FALSE
ENG_062_MZB_LO_390,England,54.73439334,-1.589633199,1173291,2004,2023,7,20,1.057608512,0.965985025,-0.091623487,0.773727,-0.407802,-2.470534,8.774187,2.333067,0.024906716,0.05085,0.012854,Family,FALSE,FALSE,FALSE,FALSE
ENG_062_MZB_LO_391,England,54.6711658,-1.772044235,1173291,2004,2023,8,20,1.017819272,1.099472104,0.081652832,0.173147,1.180868,1.192967,-3.871456,0.213649,-0.02402488,0.050754,0.007869,Family,FALSE,FALSE,FALSE,FALSE
ENG_062_MZB_LO_392,England,54.72661177,-1.885918059,1173291,2002,2023,12,22,1.012083976,1.081448448,0.069364472,-1.152875,-0.850197,-0.145549,0.863453,-3.399764,5.64E-05,0.037566,0.003962,Family,FALSE,FALSE,FALSE,FALSE
ENG_062_MZB_LO_4,England,54.43600384,-2.028848321,1174178,2013,2022,7,10,0.998949594,1.030200314,0.031250721,-1.488054,-0.542546,3.268851,-2.348844,-3.27212,0.015754868,0.035895,0.011733,Family,FALSE,FALSE,FALSE,FALSE
ENG_062_MZB_LO_40,England,53.45563037,-1.552155035,1174178,2003,2023,19,21,0.940002398,0.93752727,-0.002475129,0.372442,-1.131555,-1.899442,5.776058,0.479418,0.020463585,0.012989,5.30E-05,Family,FALSE,FALSE,FALSE,FALSE
ENG_062_MZB_LO_402,England,54.81068048,-1.74426667,1173291,2004,2014,8,11,1.014584791,0.971601265,-0.042983525,0.204474,-1.286189,-5.009953,2.590468,0.614029,0.028651915,0.024511,0.007849,Family,FALSE,FALSE,FALSE,FALSE
ENG_062_MZB_LO_408,England,54.62380317,-1.824578366,1173291,2002,2013,8,12,0.936229163,1.026057407,0.089828244,2.742866,2.643197,3.857316,7.919882,6.036682,-0.03586673,0.05789,0.021893,Family,FALSE,FALSE,FALSE,FALSE
ENG_062_MZB_LO_411,England,54.68262935,-1.830452314,1173291,2003,2023,13,21,0.961647417,0.983428146,0.02178073,-2.285271,-0.706697,-0.528654,-6.360319,-4.148283,0.002174823,0.009785,0.002388,Family,FALSE,FALSE,FALSE,FALSE
ENG_062_MZB_LO_413,England,54.73275573,-1.882934772,1173291,2003,2023,10,21,0.947595387,1.005189291,0.057593904,-1.317105,-1.09238,-1.674792,-1.694713,-2.663593,-0.039324439,0.039932,0.011094,Family,FALSE,FALSE,FALSE,FALSE
ENG_062_MZB_LO_415,England,54.75378452,-2.017720958,1173291,2003,2023,9,21,0.927645011,0.969830287,0.042185276,-1.34357,1.405361,1.792505,-7.38767,-3.017991,0.001227446,0.056069,0.008799,Family,FALSE,FALSE,FALSE,FALSE
ENG_062_MZB_LO_419,England,54.49647985,-1.467744871,1173529,2003,2019,13,17,1.020106642,1.033144326,0.013037684,-2.03028,0.391466,0.897707,-12.885713,-3.542429,-0.001252985,0.03317,0.009373,Family,FALSE,FALSE,FALSE,FALSE
ENG_062_MZB_LO_42,England,54.37967023,-2.076965207,1174178,2012,2023,7,12,1.074546351,1.037139782,-0.037406569,4.916069,5.858122,10.915844,-0.692036,9.289177,-0.075582234,0.019138,0.019985,Family,FALSE,FALSE,FALSE,FALSE
ENG_062_MZB_LO_421,England,54.48274633,-1.554123743,1173529,2004,2021,7,18,0.991046465,1.02491573,0.033869265,-4.094995,5.786453,10.434722,-23.089122,-7.860393,-0.006091536,0.106707,0.03849,Family,FALSE,FALSE,FALSE,FALSE
ENG_062_MZB_LO_422,England,54.51701617,-1.617980985,1173529,2002,2021,18,20,1.07898457,0.98664863,-0.09233594,-5.169797,-2.894074,-4.377862,-7.863561,-10.562533,0.080214447,0.067668,0.014971,Family,FALSE,FALSE,FALSE,FALSE
ENG_062_MZB_LO_423,England,54.54162664,-1.729982153,1173529,2002,2018,8,17,1.042277543,1.057006535,0.014728992,-5.175698,-4.674989,-6.352511,-1.905536,-10.268814,0.101421531,0.099087,0.018652,Family,FALSE,FALSE,FALSE,FALSE
ENG_062_MZB_LO_424,England,54.53103091,-1.901960342,1173529,2002,2015,8,14,0.946096635,1.08635853,0.140261895,-3.328152,0.075779,-0.059789,-11.413528,-7.456253,0.004524081,0.080099,0.007002,Family,FALSE,FALSE,FALSE,FALSE
ENG_062_MZB_LO_426,England,54.62166332,-2.083417978,1173529,2009,2023,9,15,0.938952491,0.93947866,0.000526169,-0.956658,-0.109544,-1.710712,-2.571047,-2.030105,-0.045922899,0.078576,0.02447,Family,FALSE,FALSE,FALSE,FALSE
ENG_062_MZB_LO_428,England,54.6498218,-2.173128561,1173529,2004,2021,9,18,0.958891419,0.992812839,0.033921421,-2.095687,-1.461112,-1.959962,-0.04361,-2.810623,0.043939504,0.022967,0.010542,Family,FALSE,FALSE,FALSE,FALSE
ENG_062_MZB_LO_429,England,54.66224632,-2.252072307,1173529,2002,2021,14,20,1.005788795,0.997568581,-0.008220214,-2.065109,-0.905941,-1.156208,-3.859051,-4.009063,-0.006759987,0.031921,0.003654,Family,FALSE,FALSE,FALSE,FALSE
ENG_062_MZB_LO_43,England,54.09060385,-0.218668547,1153659,2002,2018,10,17,0.786835851,0.729460832,-0.057375019,-0.884829,1.020409,0.646417,-9.704723,-1.932971,0.011810767,0.068631,0.022472,Family,FALSE,FALSE,FALSE,FALSE
ENG_062_MZB_LO_430,England,54.69926524,-2.372756048,1173529,2002,2019,12,18,0.997994941,1.068712026,0.070717086,-0.152101,-0.186736,-0.27838,2.057259,-0.93222,-0.090186055,0.017918,0.010457,Family,FALSE,FALSE,FALSE,FALSE
ENG_062_MZB_LO_431,England,54.6433176,-1.243134144,1170580,2002,2019,8,18,0.854575454,1.009181862,0.154606407,0.165426,4.506068,6.294307,-15.175354,1.386628,-0.029098917,0.074126,0.013008,Family,FALSE,FALSE,FALSE,FALSE
ENG_062_MZB_LO_434,England,54.62161133,-1.429705794,1173529,2003,2019,7,17,0.513593349,0.658845012,0.145251664,2.758701,5.41095,5.485346,0.291151,5.784529,-0.024834622,0.110124,0.04132,Family,FALSE,FALSE,FALSE,FALSE
ENG_062_MZB_LO_437,England,54.4870417,-1.556454169,1173529,2002,2015,8,14,0.638206807,0.849786467,0.21157966,0.187488,7.349519,11.783061,-13.742695,0.865264,-0.070278569,0.134673,0.042215,Family,FALSE,FALSE,FALSE,FALSE
ENG_062_MZB_LO_438,England,54.60379907,-1.554057245,1173529,2002,2019,10,18,0.704728116,0.816218617,0.111490501,-0.597975,2.818979,4.152222,-14.554365,-1.589139,-0.036507295,0.057248,0.016073,Family,FALSE,FALSE,FALSE,FALSE
ENG_062_MZB_LO_44,England,53.84217358,-1.844036711,1174178,2002,2013,9,12,0.79402972,0.854914546,0.060884825,4.245075,8.605945,12.936385,-7.517027,6.987902,-0.13371549,0.020449,0.020479,Family,FALSE,FALSE,FALSE,FALSE
ENG_062_MZB_LO_440,England,54.66987076,-1.416657508,1173529,2002,2019,7,18,0.579001935,0.691439943,0.112438008,3.591811,4.036052,5.960772,-0.152862,9.508398,0.015774407,0.072001,0.013925,Family,FALSE,FALSE,FALSE,FALSE
ENG_062_MZB_LO_445,England,54.57550028,-1.98786327,1173529,2003,2021,10,19,1.031631409,0.922401841,-0.109229568,-4.554833,-2.378142,-2.720874,-8.054481,-8.8094,0.122244261,0.077338,0.016247,Family,FALSE,FALSE,FALSE,FALSE
ENG_062_MZB_LO_446,England,54.6115198,-2.064988068,1173529,2002,2019,11,18,1.021917194,1.00204851,-0.019868684,-3.823198,-1.69129,-2.690437,-7.767759,-7.740592,0.072343173,0.036258,0.008501,Family,FALSE,FALSE,FALSE,FALSE
ENG_062_MZB_LO_447,England,54.64367296,-2.302238975,1173529,2012,2021,8,10,0.912116938,1.027492715,0.115375778,0.607383,0.081452,-1.209687,-0.400338,1.37185,0.026652408,0.02367,0.019719,Family,FALSE,FALSE,FALSE,FALSE
ENG_062_MZB_LO_449,England,54.67612494,-1.441348814,1173529,2003,2019,7,17,0.517515467,0.687129789,0.169614322,-0.845966,2.967566,8.002609,-12.591189,-0.897742,-0.032584733,0.051059,0.015849,Family,FALSE,FALSE,FALSE,FALSE
ENG_062_MZB_LO_45,England,53.26337216,-1.307185722,1174178,2003,2024,7,22,0.8890369,1.062394999,0.1733581,1.255853,0.375583,-3.090711,-0.006836,1.842344,-0.012629305,0.069283,0.017632,Family,FALSE,FALSE,FALSE,FALSE
ENG_062_MZB_LO_450,England,54.67647828,-1.461860468,1173529,2002,2016,8,15,0.509369752,0.633355768,0.123986016,3.17218,8.888251,9.793524,-17.838963,8.593908,0.025585346,0.06118,0.040574,Family,FALSE,FALSE,FALSE,FALSE
ENG_062_MZB_LO_455,England,55.22498643,-1.680798824,1158206,2003,2023,10,21,0.692284973,0.708696149,0.016411176,-0.038297,0.514003,0.657449,-1.793935,-0.432314,-0.050738322,0.020602,0.018186,Family,FALSE,FALSE,FALSE,FALSE
ENG_062_MZB_LO_46,England,54.19717377,-0.49771862,1174178,2002,2018,15,17,0.824465951,0.778290506,-0.046175445,0.039414,-0.547608,-3.00069,-0.453433,-0.068399,-0.000679811,0.012312,0.002175,Family,FALSE,FALSE,FALSE,FALSE
ENG_062_MZB_LO_460,England,55.67860622,-2.182247433,1172284,2004,2023,20,20,1.068739231,1.026354842,-0.042384389,-0.638985,0.546643,0.801941,-2.826943,-0.64634,0.010205516,0.034754,0.005719,Family,FALSE,FALSE,FALSE,FALSE
ENG_062_MZB_LO_463,England,50.75485747,-3.044044031,1172404,2002,2023,18,22,1.036134954,1.038407124,0.00227217,0.397402,0.589043,0.295992,-1.825862,0.664463,-0.000770727,0.025652,0.003314,Family,FALSE,FALSE,FALSE,FALSE
ENG_062_MZB_LO_471,England,51.19800411,-2.323106625,1173078,2002,2023,9,22,1.018227849,0.847006088,-0.171221761,-0.777275,-0.844757,-2.451777,0.152823,-2.129465,0.01229065,0.055964,0.00693,Family,FALSE,FALSE,FALSE,FALSE
ENG_062_MZB_LO_475,England,51.53992129,-2.445591927,1173078,2003,2021,7,19,0.935071843,1.012549272,0.077477428,0.37143,0.854207,-1.203376,-2.816294,-0.05549,-0.044029445,0.052382,0.006508,Family,FALSE,FALSE,FALSE,FALSE
ENG_062_MZB_LO_477,England,51.363728,-2.609464672,1173078,2002,2018,7,17,0.92171556,0.962693421,0.040977861,4.991534,2.425153,5.005236,10.227213,8.54839,-0.094207762,0.047306,0.016296,Family,FALSE,FALSE,FALSE,FALSE
ENG_062_MZB_LO_48,England,53.6384241,-1.785831871,1174178,2002,2018,8,17,0.579518615,0.804488767,0.224970153,5.483378,5.505204,5.987019,1.911789,11.653946,-0.115906665,0.087938,0.021772,Family,FALSE,FALSE,FALSE,FALSE
ENG_062_MZB_LO_488,England,51.62673063,-2.150174215,1173078,2002,2019,7,18,0.987055467,0.954369069,-0.032686399,1.205109,-2.141367,-3.905816,13.080786,2.337046,0.050181111,0.067603,0.008709,Family,FALSE,FALSE,FALSE,FALSE
ENG_062_MZB_LO_49,England,53.96825347,-1.882988565,1174178,2003,2017,7,15,0.976060437,1.001123414,0.025062977,2.549599,2.090321,1.478849,1.457196,5.189409,-0.056795255,0.036257,0.002894,Family,FALSE,FALSE,FALSE,FALSE
ENG_062_MZB_LO_491,England,51.28616664,-2.200566043,1173078,2002,2015,7,14,0.791462171,0.782504563,-0.008957608,1.219075,-2.245034,-3.587143,29.198732,1.220699,-0.049502005,0.073469,0.002809,Family,FALSE,FALSE,FALSE,FALSE
ENG_062_MZB_LO_494,England,51.42675477,-1.992752362,1173078,2007,2017,10,11,1.030180414,1.092874206,0.062693793,-1.481115,2.277259,5.559038,-9.273879,-3.372698,0.020547066,0.086735,0.01591,Family,FALSE,FALSE,FALSE,FALSE
ENG_062_MZB_LO_498,England,51.21180872,-2.677850907,1162852,2003,2023,20,21,1.030268139,0.974629623,-0.055638516,-1.216724,-0.376618,0.823699,-2.893193,-2.562573,0.036784912,0.040218,0.009024,Family,FALSE,FALSE,FALSE,FALSE
ENG_062_MZB_LO_5,England,54.0936579,-1.775580798,1174178,2013,2024,9,12,1.042976248,0.982898669,-0.060077579,-0.957601,1.153027,0.908272,-9.113428,-1.406179,-0.015175944,0.028334,0.002737,Family,FALSE,FALSE,FALSE,FALSE
ENG_062_MZB_LO_50,England,54.03581533,-1.225418767,1174178,2002,2018,7,17,0.991176491,1.02174913,0.030572639,-0.204926,-0.951997,0.530566,1.367191,-0.206335,0.035229615,0.070007,0.004394,Family,FALSE,FALSE,FALSE,FALSE
ENG_062_MZB_LO_501,England,51.16023098,-2.649022168,1174098,2003,2024,7,22,0.88097906,0.87642697,-0.00455209,-1.008054,1.968972,3.893051,-11.936801,-2.106028,-0.001753617,0.056375,0.019277,Family,FALSE,FALSE,FALSE,FALSE
ENG_062_MZB_LO_502,England,51.19772305,-2.608215666,1174098,2003,2023,11,21,0.943360094,1.026220255,0.082860161,1.686384,0.875381,-1.262563,0.344801,3.082173,-0.053327689,0.038708,0.014555,Family,FALSE,FALSE,FALSE,FALSE
ENG_062_MZB_LO_51,England,53.83597124,-0.288471081,1170054,2002,2015,7,14,0.764215635,0.798088929,0.033873294,0.888064,0.528947,2.635991,3.158452,1.488762,0.020401673,0.051621,0.01461,Family,FALSE,FALSE,FALSE,FALSE
ENG_062_MZB_LO_514,England,50.81734593,-1.885570666,1173229,2002,2021,14,20,0.925416109,0.869991463,-0.055424646,-0.089825,-0.370526,-0.371214,-0.30091,0.293945,0.013085826,0.060396,0.009725,Family,FALSE,FALSE,FALSE,FALSE
ENG_062_MZB_LO_515,England,51.07704744,-2.267633552,1173229,2002,2024,17,23,0.952059169,1.057567931,0.105508762,1.343989,1.002837,0.629291,1.496359,3.411495,-0.026491666,0.041116,0.011024,Family,FALSE,FALSE,FALSE,FALSE
ENG_062_MZB_LO_516,England,51.03390636,-2.266129808,1173229,2002,2023,11,22,0.748872136,0.871637239,0.122765103,0.159993,-0.001212,0.326941,0.182178,-0.322121,-0.031786273,0.057141,0.003688,Family,FALSE,FALSE,FALSE,FALSE
ENG_062_MZB_LO_518,England,50.87270933,-2.376662924,1173229,2002,2024,13,23,0.897219564,1.004932668,0.107713104,2.326805,0.034455,0.886415,5.502241,7.78966,0.001247741,0.021,0.002998,Family,FALSE,FALSE,FALSE,FALSE
ENG_062_MZB_LO_519,England,50.868944,-2.405367436,1173229,2002,2023,8,22,0.788765834,1.035763334,0.2469975,1.008981,-1.304688,-1.323679,8.644485,1.886084,-0.081094726,0.065797,0.015025,Family,FALSE,FALSE,FALSE,FALSE
ENG_062_MZB_LO_52,England,53.47850066,-1.565339436,1174178,2002,2015,7,14,0.595460688,0.699638449,0.104177761,4.138568,5.050627,6.62782,0.678972,9.462012,-0.070201941,0.112739,0.028566,Family,FALSE,FALSE,FALSE,FALSE
ENG_062_MZB_LO_520,England,50.92217031,-2.355963105,1173229,2002,2023,8,22,0.839981115,0.861785759,0.021804644,-0.028418,-0.327726,-1.139202,2.892552,0.358462,0.031634249,0.024672,0.003666,Family,FALSE,FALSE,FALSE,FALSE
ENG_062_MZB_LO_521,England,50.94039157,-2.336958988,1173229,2002,2014,7,13,0.959678096,0.97364378,0.013965685,-0.206838,-0.683846,-0.975211,1.680493,-0.161775,-0.071700158,0.013508,0.001977,Family,FALSE,FALSE,FALSE,FALSE
ENG_062_MZB_LO_522,England,50.7970757,-2.083217773,1173229,2003,2018,13,16,1.045768425,1.045561686,-0.000206738,1.719078,2.828911,3.656146,-10.166782,3.304106,-0.041841462,0.010484,0.004542,Family,FALSE,FALSE,FALSE,FALSE
ENG_062_MZB_LO_524,England,50.93604906,-2.263307982,1173229,2003,2013,7,11,1.012213623,0.92399921,-0.088214413,-2.290545,3.496228,10.301535,-8.926713,-3.169448,0.138735781,0.124427,0.03756,Family,FALSE,FALSE,FALSE,FALSE
ENG_062_MZB_LO_527,England,50.7752896,-1.90949887,1173229,2003,2023,13,21,1.051689247,1.050458514,-0.001230733,0.349605,-1.002736,-2.158953,7.935469,0.961768,-0.068279494,0.045626,0.009148,Family,FALSE,FALSE,FALSE,FALSE
ENG_062_MZB_LO_53,England,53.49989786,-1.670902807,1174178,2002,2018,10,17,0.823034407,0.807071222,-0.015963186,1.069978,-0.286976,-0.945027,1.410365,3.384356,0.007583741,0.021646,0.001642,Family,FALSE,FALSE,FALSE,FALSE
ENG_062_MZB_LO_530,England,50.95574961,-2.251943885,1173229,2002,2023,10,22,0.634975083,0.701143979,0.066168896,2.816509,2.749836,3.875094,-1.321119,4.349632,-0.010510957,0.043385,0.004304,Family,FALSE,FALSE,FALSE,FALSE
ENG_062_MZB_LO_532,England,50.7610332,-1.815129704,1173229,2003,2023,8,21,1.057238838,1.092321805,0.035082967,-0.839009,-0.195232,-0.101282,-2.835256,-1.980093,0.001436687,0.059452,0.007626,Family,FALSE,FALSE,FALSE,FALSE
ENG_062_MZB_LO_54,England,53.48773201,-1.6153106,1174178,2008,2023,11,16,0.798738373,0.828148373,0.02941,0.008589,1.651065,2.592921,-6.601302,1.436121,0.023958968,0.121243,0.031651,Family,FALSE,FALSE,FALSE,FALSE
ENG_062_MZB_LO_541,England,50.26703591,-4.917941313,1172856,2002,2022,10,21,0.959939935,0.938552422,-0.021387513,-0.235231,0.442008,-1.652603,-4.198813,-0.267012,0.007591621,0.043448,0.008462,Family,FALSE,FALSE,FALSE,FALSE
ENG_062_MZB_LO_544,England,50.21344184,-5.097753908,1173445,2002,2017,9,16,0.918371259,0.922657507,0.004286248,2.520559,4.26169,7.412868,-5.014766,2.644169,-0.001682024,0.121752,0.033149,Family,FALSE,FALSE,FALSE,FALSE
ENG_062_MZB_LO_546,England,50.53221096,-4.207774797,1173226,2002,2023,7,22,1.035883261,1.078738821,0.04285556,-1.580477,-0.423005,-2.109354,-4.920981,-3.265216,-0.009635674,0.023587,0.000489,Family,FALSE,FALSE,FALSE,FALSE
ENG_062_MZB_LO_547,England,50.64029417,-4.279313385,1173226,2002,2018,10,17,1.043439584,1.078623579,0.035183995,0.659784,-0.863105,-2.925358,3.194589,0.912456,-0.019091458,0.016648,0.013181,Family,FALSE,FALSE,FALSE,FALSE
ENG_062_MZB_LO_550,England,50.61106653,-4.450934112,1173226,2004,2023,7,20,0.98635698,0.992897868,0.006540888,-0.103488,1.027441,1.689678,-4.301086,-0.060498,-0.051140885,0.06013,0.011584,Family,FALSE,FALSE,FALSE,FALSE
ENG_062_MZB_LO_552,England,50.82220615,-4.415387169,1173226,2003,2023,8,21,0.952335542,0.936510241,-0.015825302,0.036537,-0.260467,-1.780292,1.175896,-0.327667,-0.058759932,0.026144,0.001436,Family,FALSE,FALSE,FALSE,FALSE
ENG_062_MZB_LO_553,England,50.66470288,-4.428946426,1173226,2003,2022,7,20,0.994032676,0.931780522,-0.062252154,-1.175533,-0.604462,-1.860629,-5.61051,-2.173035,0.02679632,0.015129,0.007386,Family,FALSE,FALSE,FALSE,FALSE
ENG_062_MZB_LO_556,England,50.65487739,-4.260211355,1173226,2002,2017,8,16,0.990651631,1.00729494,0.016643309,0.975683,1.341573,-1.277284,-2.764459,2.145807,-0.052536203,0.044636,0.006252,Family,FALSE,FALSE,FALSE,FALSE
ENG_062_MZB_LO_557,England,50.70679607,-4.367806459,1173226,2002,2022,7,21,0.976337444,1.010747767,0.034410324,-1.728195,-1.2359,-2.502272,-5.594009,-3.203728,0.00504741,0.005682,0.003604,Family,FALSE,FALSE,FALSE,FALSE
ENG_062_MZB_LO_559,England,50.72703454,-4.202608641,1173226,2002,2023,9,22,1.035952045,1.026994487,-0.008957557,0.587483,1.311675,1.154601,-4.691712,0.646416,-0.045602999,0.039464,0.008991,Family,FALSE,FALSE,FALSE,FALSE
ENG_062_MZB_LO_56,England,53.75626648,-0.630572021,1174178,2002,2021,18,20,0.843162637,1.076269425,0.233106789,2.652524,2.18913,4.655884,3.464447,5.384005,-0.122772009,0.046734,0.017242,Family,FALSE,FALSE,FALSE,FALSE
ENG_062_MZB_LO_560,England,50.65202523,-4.322890416,1173226,2003,2023,7,21,0.849701619,0.998994999,0.14929338,2.426128,2.487232,2.023911,-0.388443,4.80345,-0.063865979,0.056484,0.011138,Family,FALSE,FALSE,FALSE,FALSE
ENG_062_MZB_LO_564,England,50.59909433,-4.306999261,1173226,2004,2022,7,19,1.054157912,1.028063616,-0.026094296,-0.778172,-0.85561,-2.205119,-2.498346,-1.541519,0.018767405,0.015287,0.005275,Family,FALSE,FALSE,FALSE,FALSE
ENG_062_MZB_LO_57,England,54.43568867,-0.72699914,1172391,2002,2018,7,17,1.014368309,1.037917214,0.023548905,2.423939,0.189544,-0.269395,8.418778,5.413364,-0.017767888,0.063583,0.009191,Family,FALSE,FALSE,FALSE,FALSE
ENG_062_MZB_LO_571,England,50.76884185,-2.399040525,1174082,2002,2024,11,23,1.011587638,1.089461119,0.077873481,-0.533868,-0.518662,-1.873942,-0.138112,-0.778759,-0.03855305,0.061108,0.008423,Family,FALSE,FALSE,FALSE,FALSE
ENG_062_MZB_LO_576,England,50.68829106,-2.122916809,1174082,2003,2023,18,21,0.972342148,1.097571311,0.125229163,-0.657135,-0.283932,0.134307,0.747791,-1.562109,-0.035770856,0.043529,0.008899,Family,FALSE,FALSE,FALSE,FALSE
ENG_062_MZB_LO_58,England,53.97314291,-1.373580178,1174178,2003,2018,8,16,1.00002853,1.01920915,0.01918062,0.037259,0.489218,-0.322648,-4.042404,0.866023,-0.029868578,0.045162,0.004861,Family,FALSE,FALSE,FALSE,FALSE
ENG_062_MZB_LO_581,England,50.67958268,-2.155858153,1171403,2002,2024,19,23,1.021554715,1.086869467,0.065314752,-1.359902,-0.873995,-1.510584,-1.234127,-2.72662,-0.01481346,0.042977,0.010988,Family,FALSE,FALSE,FALSE,FALSE
ENG_062_MZB_LO_587,England,51.33517152,-1.769020843,1173229,2003,2023,8,21,0.949546695,1.00431866,0.054771964,1.678163,1.259272,-0.884211,2.124543,3.091049,-0.051565889,0.000562,0.000516,Family,FALSE,FALSE,FALSE,FALSE
ENG_062_MZB_LO_588,England,51.34724703,-1.76423645,1173229,2002,2014,10,13,1.060681853,1.00495262,-0.055729233,0.538687,2.817059,2.47927,-3.131499,2.179322,-0.081991825,0.047406,0.001768,Family,FALSE,FALSE,FALSE,FALSE
ENG_062_MZB_LO_589,England,51.19200866,-1.763467491,1173229,2002,2024,20,23,0.94975973,1.041762425,0.092002696,0.798652,-1.06454,-0.60787,4.696195,2.224585,-0.02641868,0.008265,0.001285,Family,FALSE,FALSE,FALSE,FALSE
ENG_062_MZB_LO_59,England,54.00024013,-1.265316917,1174178,2002,2018,7,17,0.814375821,0.834145463,0.019769643,0.384138,-0.227329,1.42727,3.671474,1.528242,0.019127762,6.00E-05,0.011127,Family,FALSE,FALSE,FALSE,FALSE
ENG_062_MZB_LO_590,England,51.30558104,-1.821745044,1173229,2002,2023,14,22,0.991348117,1.074945068,0.08359695,1.477457,0.598728,0.736596,3.35597,3.957406,-0.070091618,0.053489,0.01005,Family,FALSE,FALSE,FALSE,FALSE
ENG_062_MZB_LO_594,England,50.85930435,-1.783442669,1173229,2002,2015,7,14,0.909533704,0.834614257,-0.074919447,-1.11399,2.211846,5.349027,-4.260385,-1.491298,0.043552596,0.003845,0.019844,Family,FALSE,FALSE,FALSE,FALSE
ENG_062_MZB_LO_595,England,50.86433042,-1.787866952,1173229,2002,2018,11,17,1.050791531,1.008649377,-0.042142154,-1.042994,-1.458468,-3.3669,0.266609,-1.884668,-0.003110312,0.010068,0.00972,Family,FALSE,FALSE,FALSE,FALSE
ENG_062_MZB_LO_597,England,50.91857087,-1.786368644,1173229,2002,2017,7,16,1.078951433,1.059800836,-0.019150597,-1.472147,-1.858357,-2.957339,1.086316,-2.588944,0.075295247,0.041195,0.00668,Family,FALSE,FALSE,FALSE,FALSE
ENG_062_MZB_LO_598,England,51.0365053,-1.771577357,1173229,2002,2013,8,12,1.036702869,0.996428442,-0.040274427,-1.079558,-3.308227,-6.286441,11.067653,-1.948504,-0.100828965,0.101444,0.021611,Family,FALSE,FALSE,FALSE,FALSE
ENG_062_MZB_LO_60,England,54.18635109,-1.857046083,1174178,2002,2014,8,13,1.032370648,1.022659653,-0.009710995,0.735871,0.589006,2.929518,-0.392711,1.305024,0.026855774,0.02458,0.003778,Family,FALSE,FALSE,FALSE,FALSE
ENG_062_MZB_LO_606,England,51.02851313,-1.943773491,1173229,2003,2015,9,13,1.027405282,1.016797568,-0.010607714,-2.000671,-1.371152,1.09731,-5.622024,-3.381788,-0.004611517,0.045802,0.015367,Family,FALSE,FALSE,FALSE,FALSE
ENG_062_MZB_LO_61,England,54.08529739,-1.760400541,1174178,2002,2019,15,18,1.066313879,0.973394643,-0.092919236,0.780244,1.643734,0.678606,-5.346008,2.001133,0.008852332,0.05274,0.012099,Family,FALSE,FALSE,FALSE,FALSE
ENG_062_MZB_LO_611,England,51.07115012,-1.779656197,1173229,2002,2024,23,23,1.043919227,1.09688065,0.052961423,-0.084181,-0.333836,-0.348941,0.740341,-0.229928,-0.027660858,0.031603,0.001123,Family,FALSE,FALSE,FALSE,FALSE
ENG_062_MZB_LO_613,England,51.16797814,-2.188150694,1173229,2003,2019,14,17,0.936459384,0.951952692,0.015493308,0.722794,2.106476,3.85025,-5.901553,1.532416,-0.00666773,0.006443,0.009343,Family,FALSE,FALSE,FALSE,FALSE
ENG_062_MZB_LO_615,England,51.19319374,-2.175331128,1173229,2002,2014,7,13,1.041130062,1.046474781,0.00534472,-0.814374,-1.219329,-6.97713,1.813548,-2.114002,-0.04439534,0.072673,0.003635,Family,FALSE,FALSE,FALSE,FALSE
ENG_062_MZB_LO_617,England,51.18365817,-2.13005454,1173229,2002,2024,15,23,1.018866509,1.096856468,0.077989959,-0.637195,-2.068149,-3.524241,6.679136,-0.988412,0.033891132,0.058353,0.000362,Family,FALSE,FALSE,FALSE,FALSE
ENG_062_MZB_LO_618,England,51.14532564,-2.000413832,1173229,2002,2014,9,13,1.0843287,1.058954461,-0.025374239,-3.183715,-2.543381,-4.997662,-2.917366,-6.121762,-0.103746996,0.045648,0.017988,Family,FALSE,FALSE,FALSE,FALSE
ENG_062_MZB_LO_622,England,50.45957602,-3.71449439,1174078,2002,2017,12,16,0.869569041,1.061647895,0.192078855,1.991569,2.353819,5.244893,3.047176,3.396872,-0.097773073,0.04613,0.013734,Family,FALSE,FALSE,FALSE,FALSE
ENG_062_MZB_LO_625,England,50.54397321,-3.875634855,1174078,2002,2017,7,16,1.092317543,1.025867873,-0.066449671,-1.716391,1.392153,1.865873,-11.691932,-3.478156,0.000911255,0.014452,0.009406,Family,FALSE,FALSE,FALSE,FALSE
ENG_062_MZB_LO_626,England,50.5585719,-3.966576214,1174078,2004,2023,16,20,0.992305056,1.050350497,0.058045441,-0.682685,-0.468537,0.122697,-0.972681,-0.758411,0.015403436,0.026264,0.006884,Family,FALSE,FALSE,FALSE,FALSE
ENG_062_MZB_LO_627,England,50.54353916,-3.911158,1174078,2007,2023,8,17,1.099351321,1.007341765,-0.092009556,-0.121643,0.767486,1.199921,-5.421516,0.74282,0.032565627,0.034266,0.005604,Family,FALSE,FALSE,FALSE,FALSE
ENG_062_MZB_LO_633,England,50.31692729,-3.652466644,1162906,2002,2017,7,16,1.092367535,1.030123124,-0.062244412,-1.088497,-0.280993,-1.516127,-2.900378,-1.398257,0.046490942,0.017902,0.002864,Family,FALSE,FALSE,FALSE,FALSE
ENG_062_MZB_LO_634,England,50.41192959,-3.813834011,1174077,2002,2017,7,16,1.018844252,1.011339778,-0.007504473,-0.253054,0.830951,2.432948,-6.602973,0.43684,-0.023850004,0.067424,0.017913,Family,FALSE,FALSE,FALSE,FALSE
ENG_062_MZB_LO_637,England,50.68922518,-3.293453161,1171235,2004,2023,16,20,1.034647258,1.024323025,-0.010324233,0.421695,1.894315,2.415083,-4.690508,1.260165,-0.013038645,0.044585,0.009773,Family,FALSE,FALSE,FALSE,FALSE
ENG_062_MZB_LO_638,England,50.65951514,-3.304379746,1171235,2004,2023,17,20,1.035463873,1.015708814,-0.019755059,0.582267,0.575698,0.916742,0.444295,1.286507,-0.047327023,0.010993,0.005274,Family,FALSE,FALSE,FALSE,FALSE
ENG_062_MZB_LO_640,England,50.84991503,-2.8438755,1172404,2004,2024,9,21,0.92524225,0.976012969,0.050770719,0.982055,0.612574,0.431925,1.343668,2.246713,-0.036134415,0.036606,0.004127,Family,FALSE,FALSE,FALSE,FALSE
ENG_062_MZB_LO_646,England,50.92004238,-3.195700585,1173451,2007,2024,7,18,1.034539944,1.014388204,-0.02015174,-0.382725,0.386972,0.816607,-4.827301,-0.982218,0.034663499,0.025676,0.001395,Family,FALSE,FALSE,FALSE,FALSE
ENG_062_MZB_LO_652,England,50.75186527,-3.151715492,1172404,2013,2024,7,12,0.980285859,0.894639867,-0.085645993,0.825786,2.632252,2.055333,-18.590771,2.030013,-0.169759444,0.093163,0.022605,Family,FALSE,FALSE,FALSE,FALSE
ENG_062_MZB_LO_656,England,50.75231735,-3.11444286,1172404,2003,2024,10,22,1.065319892,1.026118761,-0.039201131,0.281537,1.456854,0.148942,-4.972931,0.40381,-0.056706414,0.045418,0.007296,Family,FALSE,FALSE,FALSE,FALSE
ENG_062_MZB_LO_657,England,50.89396635,-3.055399586,1172404,2003,2024,11,22,1.024252295,0.993703121,-0.030549173,1.086896,1.35467,-0.373412,-1.160786,1.883588,-0.024914925,0.037338,0.00467,Family,FALSE,FALSE,FALSE,FALSE
ENG_062_MZB_LO_659,England,50.80908088,-3.044542924,1172404,2007,2024,11,18,0.984905689,1.00468074,0.019775051,-2.328724,0.379558,-1.763377,-13.330934,-4.06186,0.018671321,0.07073,0.007601,Family,FALSE,FALSE,FALSE,FALSE
ENG_062_MZB_LO_66,England,53.15486125,-1.390581624,1174178,2002,2018,7,17,0.790388635,0.789538905,-0.00084973,1.85381,0.737686,3.460023,5.070302,4.125524,-0.002701536,0.02256,0.006909,Family,FALSE,FALSE,FALSE,FALSE
ENG_062_MZB_LO_663,England,50.78664593,-3.039219491,1172404,2002,2024,13,23,0.973205903,0.962673352,-0.010532551,-1.151383,0.449124,0.204965,-8.209651,-2.446092,0.005961465,0.033365,0.00081,Family,FALSE,FALSE,FALSE,FALSE
ENG_062_MZB_LO_666,England,51.14459468,-3.890588315,1173750,2009,2023,15,15,1.008229666,0.98308258,-0.025147086,-0.753908,1.443092,1.986365,-11.921105,-1.402505,0.026968489,0.058732,0.009832,Family,FALSE,FALSE,FALSE,FALSE
ENG_062_MZB_LO_669,England,50.63927817,-3.786081032,1172754,2004,2022,11,19,1.007494298,0.992077795,-0.015416503,-0.21042,0.739811,0.213629,-6.839616,-0.511748,0.039791185,0.039914,0.00806,Family,FALSE,FALSE,FALSE,FALSE
ENG_062_MZB_LO_670,England,50.6758927,-3.651169233,1172754,2013,2022,7,10,0.876757286,0.819494309,-0.057262977,-3.307221,-2.19459,-4.00566,-3.836858,-7.184314,0.142647783,0.048198,0.016028,Family,FALSE,FALSE,FALSE,FALSE
ENG_062_MZB_LO_672,England,50.52699742,-3.622685335,1172754,2003,2023,10,21,0.937691817,0.987637769,0.049945952,1.152941,2.255418,6.267205,-4.409386,2.436388,-0.026394367,0.022941,0.013184,Family,FALSE,FALSE,FALSE,FALSE
ENG_062_MZB_LO_674,England,50.55076762,-3.614325182,1172754,2002,2023,9,22,1.012409413,1.004893043,-0.00751637,-0.099016,0.281216,-0.464121,-2.061861,-0.585305,-0.011832772,0.020004,0.001206,Family,FALSE,FALSE,FALSE,FALSE
ENG_062_MZB_LO_675,England,50.67310952,-3.8654911,1172754,2002,2024,7,23,1.053985177,0.99877143,-0.055213748,0.116624,1.216782,1.992572,-6.744687,0.612611,0.0345783,0.037868,0.006052,Family,FALSE,FALSE,FALSE,FALSE
ENG_062_MZB_LO_677,England,50.6981751,-3.733233037,1172754,2004,2024,7,21,0.904536405,0.96060184,0.056065435,0.382803,0.891408,3.560865,-2.136137,0.935826,-0.032332683,0.051791,0.012231,Family,FALSE,FALSE,FALSE,FALSE
ENG_062_MZB_LO_679,England,50.57280286,-3.627223847,1172754,2003,2024,17,22,0.972362986,0.997045062,0.024682076,-0.713009,0.671953,1.249489,-5.095523,-1.635143,0.001440931,0.024617,0.001287,Family,FALSE,FALSE,FALSE,FALSE
ENG_062_MZB_LO_68,England,53.66546072,-1.949777793,1174178,2002,2019,17,18,0.908989504,0.911475339,0.002485835,2.522187,0.595406,0.136818,3.112127,4.455193,-0.017986196,0.019416,0.007932,Family,FALSE,FALSE,FALSE,FALSE
ENG_062_MZB_LO_681,England,50.48642959,-3.771149819,1174078,2004,2023,16,20,0.999064138,1.041924049,0.042859911,-0.371705,0.029292,0.12806,-1.8343,-0.581957,-0.00477451,0.001221,0.007424,Family,FALSE,FALSE,FALSE,FALSE
ENG_062_MZB_LO_683,England,50.69115362,-3.672093084,1172754,2013,2022,7,10,0.911023271,0.885605203,-0.025418068,-1.242746,-0.325149,-3.497641,-5.381211,-3.858566,-0.052159828,0.05953,0.003516,Family,FALSE,FALSE,FALSE,FALSE
ENG_062_MZB_LO_684,England,50.68568042,-3.872360528,1172754,2006,2023,7,18,0.973886357,1.012529222,0.038642865,0.103156,0.052614,-1.343468,-0.615137,0.190571,-0.042142303,0.027639,0.009799,Family,FALSE,FALSE,FALSE,FALSE
ENG_062_MZB_LO_686,England,50.9811817,-3.493588182,1173451,2002,2017,7,16,0.935365976,0.970876237,0.03551026,0.161791,0.817364,-0.947134,-6.346419,-0.148241,-0.034781535,0.000449,0.000483,Family,FALSE,FALSE,FALSE,FALSE
ENG_062_MZB_LO_687,England,51.02873323,-3.516222496,1173451,2004,2023,9,20,1.065036952,1.019280662,-0.045756291,-1.742007,-0.659273,-2.496511,-9.346685,-3.225396,0.069372646,0.040428,0.011259,Family,FALSE,FALSE,FALSE,FALSE
ENG_062_MZB_LO_688,England,51.13835517,-3.760247727,1173451,2004,2023,13,20,1.005938753,1.057000803,0.05106205,1.462459,1.592306,2.084344,-1.755197,2.829764,-0.053779298,0.059007,0.011456,Family,FALSE,FALSE,FALSE,FALSE
ENG_062_MZB_LO_689,England,51.02454354,-3.534052902,1173451,2003,2023,18,21,1.012558741,1.022877197,0.010318456,-0.37448,-0.057954,-0.815796,-2.275638,-1.328492,-0.02636339,0.006305,0.006807,Family,FALSE,FALSE,FALSE,FALSE
ENG_062_MZB_LO_690,England,50.80368408,-3.512329844,1173451,2002,2023,17,22,0.96945672,1.001149753,0.031693033,-0.729151,0.724248,1.45184,-7.432532,-0.86762,-0.004315619,0.027221,0.008901,Family,FALSE,FALSE,FALSE,FALSE
ENG_062_MZB_LO_691,England,51.00973161,-3.525153712,1173451,2003,2023,9,21,1.028316284,1.095305232,0.066988949,-1.988447,-0.4598,-0.196657,-6.140299,-4.154866,-0.04153405,0.026736,0.011455,Family,FALSE,FALSE,FALSE,FALSE
ENG_062_MZB_LO_692,England,50.77363771,-3.696025573,1173451,2005,2023,13,19,0.909655989,0.906591167,-0.003064822,-2.011293,-0.95838,0.270384,-4.84777,-4.292116,-0.003399983,0.036527,0.013382,Family,FALSE,FALSE,FALSE,FALSE
ENG_062_MZB_LO_694,England,50.97387294,-3.495490244,1173451,2002,2023,17,22,1.088100506,1.055060045,-0.033040462,-1.80243,-0.717778,-1.831942,-5.171019,-3.385826,0.029714149,0.031894,0.001473,Family,FALSE,FALSE,FALSE,FALSE
ENG_062_MZB_LO_698,England,50.93470727,-4.104948696,1174095,2003,2017,7,15,0.977145545,1.013477335,0.03633179,-1.105839,-0.346133,0.218721,-4.999508,-2.113711,0.025851716,0.078257,0.014677,Family,FALSE,FALSE,FALSE,FALSE
ENG_062_MZB_LO_7,England,54.00224484,-1.929302767,1174178,2002,2014,11,13,1.005216306,1.000162666,-0.00505364,1.45214,0.25621,-0.389847,7.123162,2.783726,-0.005036653,0.002583,0.00639,Family,FALSE,FALSE,FALSE,FALSE
ENG_062_MZB_LO_701,England,50.78026683,-4.145384428,1174095,2013,2023,8,11,1.039999995,0.955627703,-0.084372293,2.122801,2.525913,2.313576,-1.445112,4.007672,0.063033145,0.015003,0.002796,Family,FALSE,FALSE,FALSE,FALSE
ENG_062_MZB_LO_704,England,50.88277388,-4.066921804,1174095,2003,2019,8,17,1.005563613,1.081963998,0.076400385,-0.673155,1.279038,0.549025,-11.446048,-1.428299,-0.045940038,0.030383,0.00642,Family,FALSE,FALSE,FALSE,FALSE
ENG_062_MZB_LO_706,England,50.99627517,-4.511928134,1136364,2005,2024,7,20,0.961556865,0.979995186,0.018438321,-0.285535,-0.459019,0.719101,0.701489,-1.393025,-0.104110431,0.0391,0.01045,Family,FALSE,FALSE,FALSE,FALSE
ENG_062_MZB_LO_711,England,51.01514654,-4.021476692,1173750,2004,2022,7,19,1.055337031,0.931800191,-0.12353684,1.066225,1.131949,1.034292,-1.444489,1.436405,0.016921304,0.062357,0.008836,Family,FALSE,FALSE,FALSE,FALSE
ENG_062_MZB_LO_713,England,51.11410535,-4.16053022,1164646,2002,2021,8,20,0.981211891,0.974958657,-0.006253235,-1.08578,0.164429,0.345363,-8.260365,-2.052444,-0.034934019,0.052577,0.0143,Family,FALSE,FALSE,FALSE,FALSE
ENG_062_MZB_LO_714,England,50.80637836,-4.119186499,1174095,2007,2023,7,17,0.915407259,0.696243236,-0.219164023,-1.519017,-1.530564,-3.61889,-1.225152,-2.741819,0.067145779,0.069218,0.009865,Family,FALSE,FALSE,FALSE,FALSE
ENG_062_MZB_LO_715,England,51.10335191,-4.007038631,1173750,2004,2023,17,20,1.078043295,1.058713879,-0.019329416,-0.562486,0.93181,1.80414,-4.849254,-1.131799,-0.036728032,0.008866,0.000244,Family,FALSE,FALSE,FALSE,FALSE
ENG_062_MZB_LO_718,England,50.78720087,-4.085402202,1174095,2004,2022,8,19,0.95411076,0.999155286,0.045044526,-0.580579,-0.470325,-1.702954,-2.140992,-1.423455,-0.073039233,0.026149,0.003851,Family,FALSE,FALSE,FALSE,FALSE
ENG_062_MZB_LO_719,England,50.79761247,-3.999300273,1174095,2009,2023,15,15,1.029930098,1.001178736,-0.028751361,0.258035,1.752392,1.937014,-8.668249,0.019391,-0.003941457,0.050516,0.004381,Family,FALSE,FALSE,FALSE,FALSE
ENG_062_MZB_LO_72,England,54.20218742,-0.860001329,1174178,2003,2016,7,14,1.028948911,1.082864063,0.053915152,0.861361,1.816595,1.065816,-7.472314,1.535122,0.035223437,0.044812,0.00565,Family,FALSE,FALSE,FALSE,FALSE
ENG_062_MZB_LO_721,England,50.79492758,-4.145346515,1174095,2007,2024,11,18,0.896430019,0.724242603,-0.172187416,-4.985846,-1.643201,-1.373258,-11.936012,-2.505326,0.008857913,0.068004,0.014483,Family,FALSE,FALSE,FALSE,FALSE
ENG_062_MZB_LO_722,England,50.79311376,-4.061400983,1174095,2013,2022,7,10,0.957615013,0.976543392,0.018928379,1.097324,-0.092068,-0.457407,1.66817,1.470577,-0.084882746,0.050412,0.007046,Family,FALSE,FALSE,FALSE,FALSE
ENG_062_MZB_LO_724,England,50.79873869,-3.638751909,1173451,2009,2023,14,15,1.016551835,0.981590526,-0.034961309,-0.844749,-0.178404,3.833894,-1.303125,-0.558334,0.035118648,0.083554,0.020089,Family,FALSE,FALSE,FALSE,FALSE
ENG_062_MZB_LO_727,England,50.41568371,-4.980144742,1160491,2002,2019,14,18,0.961427156,1.04345937,0.082032214,-0.398537,0.454478,1.449537,-4.185205,-1.393188,-0.08577764,0.036178,0.008786,Family,FALSE,FALSE,FALSE,FALSE
ENG_062_MZB_LO_729,England,50.48346751,-4.800846195,1173449,2009,2022,7,14,1.021122434,1.027531536,0.006409102,1.273905,0.966952,-1.405304,0.980778,2.014731,-0.01422094,0.057769,0.013923,Family,FALSE,FALSE,FALSE,FALSE
ENG_062_MZB_LO_732,England,50.39324538,-5.05444331,1164779,2002,2021,7,20,1.051633417,0.981152469,-0.070480948,0.742149,0.294432,0.438025,0.672911,0.997411,-0.067020083,0.035455,0.004276,Family,FALSE,FALSE,FALSE,FALSE
ENG_062_MZB_LO_734,England,50.87667845,-4.556242141,1148817,2003,2022,8,20,0.980935864,0.922629567,-0.058306297,0.33424,0.043148,-1.292019,0.913185,0.848881,-0.004999477,0.036481,0.005325,Family,FALSE,FALSE,FALSE,FALSE
ENG_062_MZB_LO_735,England,50.80611438,-4.529533435,1163215,2004,2022,7,19,0.922783547,0.963490294,0.040706747,-0.959372,0.995716,1.405553,-9.283977,-1.083306,0.023655089,0.051542,0.010473,Family,FALSE,FALSE,FALSE,FALSE
ENG_062_MZB_LO_737,England,51.34369185,-2.737928902,1160738,2002,2015,7,14,1.042288057,1.028834041,-0.013454015,-0.008716,0.636045,6.514449,0.655945,-0.667444,-0.062314532,0.034026,0.016691,Family,FALSE,FALSE,FALSE,FALSE
ENG_062_MZB_LO_74,England,53.33635275,-1.508980911,1174178,2003,2013,7,11,0.875738988,0.910825213,0.035086225,-1.881095,-1.008398,-1.480767,-7.38641,-3.225869,0.143655882,0.098144,0.019022,Family,FALSE,FALSE,FALSE,FALSE
ENG_062_MZB_LO_741,England,50.96428004,-2.808781447,1174098,2003,2019,9,17,0.709217004,0.741932314,0.03271531,3.692389,1.955022,-0.468502,5.950742,6.791077,-0.021035911,0.071734,0.021005,Family,FALSE,FALSE,FALSE,FALSE
ENG_062_MZB_LO_746,England,50.90307135,-2.633505244,1174098,2003,2023,17,21,0.921437478,0.804410092,-0.117027385,0.048875,0.042135,1.316258,-2.841597,0.012665,-0.007360976,0.005956,0.009384,Family,FALSE,FALSE,FALSE,FALSE
ENG_062_MZB_LO_750,England,50.92203847,-2.566852458,1174098,2002,2018,12,17,0.996714485,1.005241995,0.00852751,0.814974,-0.755341,-3.386949,1.908629,0.899222,-0.002467943,0.032141,0.003136,Family,FALSE,FALSE,FALSE,FALSE
ENG_062_MZB_LO_753,England,51.07335658,-2.741312919,1174098,2003,2018,10,16,1.001478486,1.011734277,0.010255791,0.995884,0.603638,-0.473548,0.469996,0.845667,-0.025632493,0.057805,0.008878,Family,FALSE,FALSE,FALSE,FALSE
ENG_062_MZB_LO_754,England,51.14320201,-3.082576182,1174098,2009,2018,10,10,0.819956531,0.860492949,0.040536417,2.671798,-0.439536,-2.841578,16.017471,6.028196,0.027278262,0.065886,0.002851,Family,FALSE,FALSE,FALSE,FALSE
ENG_062_MZB_LO_758,England,51.01964871,-3.353813181,1174098,2002,2015,8,14,1.009082057,0.954468119,-0.054613938,1.786196,0.702777,0.814779,4.188628,2.624909,-0.037422477,0.06064,0.009746,Family,FALSE,FALSE,FALSE,FALSE
ENG_062_MZB_LO_759,England,51.00728665,-3.167725054,1174098,2003,2014,9,12,0.960669314,1.021727924,0.061058611,-1.646738,-3.019955,-9.060156,1.357498,-5.487514,0.057059281,0.116258,0.028678,Family,FALSE,FALSE,FALSE,FALSE
ENG_062_MZB_LO_764,England,51.04782564,-3.352837064,1174098,2002,2018,15,17,1.01005897,0.954044494,-0.056014476,0.738016,0.219572,-0.832171,-0.458247,1.189071,-0.01173873,0.023577,0.002197,Family,FALSE,FALSE,FALSE,FALSE
ENG_062_MZB_LO_766,England,51.03742753,-2.976787066,1174098,2002,2017,7,16,0.748078801,0.73673454,-0.011344261,0.323076,-0.192409,-1.074931,-0.91484,0.189465,-0.003400325,0.032404,0.001058,Family,FALSE,FALSE,FALSE,FALSE
ENG_062_MZB_LO_768,England,51.01896695,-3.132231844,1174098,2003,2024,12,22,0.980809789,1.069674301,0.088864512,1.202439,-0.647449,-0.961996,6.084575,1.639244,-0.008808663,0.049902,0.006436,Family,FALSE,FALSE,FALSE,FALSE
ENG_062_MZB_LO_769,England,51.02588992,-3.072324724,1174098,2003,2024,13,22,0.981550957,1.015851108,0.034300151,2.036827,1.724739,-0.190219,1.430589,3.880551,-0.043447344,0.019199,0.010999,Family,FALSE,FALSE,FALSE,FALSE
ENG_062_MZB_LO_77,England,53.6843921,-1.659007677,1174178,2002,2021,8,20,0.688943242,0.819478715,0.130535473,2.101462,5.455756,4.835981,-11.995099,4.581163,0.024660622,0.029125,0.010831,Family,FALSE,FALSE,FALSE,FALSE
ENG_062_MZB_LO_775,England,50.48350996,-4.560901072,1173448,2002,2023,18,22,1.062816184,1.01715187,-0.045664314,-1.133906,-0.536976,-1.012481,-3.443378,-2.137096,0.065840557,0.034903,0.000261,Family,FALSE,FALSE,FALSE,FALSE
ENG_062_MZB_LO_776,England,50.50209874,-4.500275526,1173448,2002,2023,10,22,1.01567816,0.866950192,-0.148727968,-0.060671,-0.463799,-1.132352,2.500265,-0.246779,0.04368281,0.059012,0.01091,Family,FALSE,FALSE,FALSE,FALSE
ENG_062_MZB_LO_779,England,50.45533288,-4.570086855,1173448,2002,2023,8,22,1.055786396,0.990395855,-0.065390541,-1.164089,-0.100644,-1.608325,-4.708822,-1.778152,0.022079064,0.008279,0.00573,Family,FALSE,FALSE,FALSE,FALSE
ENG_062_MZB_LO_78,England,53.22893958,-1.415745911,1174178,2002,2018,7,17,0.852853658,0.860280513,0.007426855,1.808047,1.936598,3.063683,-0.702634,2.47997,-0.105604712,0.090012,0.02738,Family,FALSE,FALSE,FALSE,FALSE
ENG_062_MZB_LO_780,England,50.48368964,-4.59742414,1173448,2004,2023,11,20,1.08310856,1.06695127,-0.01615729,-0.28351,1.733369,3.16864,-7.611759,-0.279341,-0.005758348,0.010421,0.000801,Family,FALSE,FALSE,FALSE,FALSE
ENG_062_MZB_LO_781,England,50.49374909,-4.499552509,1173448,2002,2023,20,22,1.098784232,0.972320905,-0.126463327,-0.187133,0.454048,0.874821,-3.770111,-0.01148,0.027692362,0.027149,0.000696,Family,FALSE,FALSE,FALSE,FALSE
ENG_062_MZB_LO_782,England,50.54178975,-4.532439407,1173448,2002,2023,19,22,1.098604152,1.029252598,-0.069351554,-0.425555,-0.413248,-1.137151,-2.973416,-1.034517,-0.012331552,0.018542,0.002039,Family,FALSE,FALSE,FALSE,FALSE
ENG_062_MZB_LO_783,England,50.42116591,-4.665384073,1173448,2002,2023,18,22,1.029833684,1.034942718,0.005109034,-0.412945,0.201413,0.893925,-2.21501,-0.713069,-0.017591222,0.002362,0.001741,Family,FALSE,FALSE,FALSE,FALSE
ENG_062_MZB_LO_784,England,50.37376976,-4.49056723,1171230,2004,2022,8,19,1.05152016,1.082935233,0.031415074,0.519457,0.495163,0.261896,-0.543243,1.009294,-0.040220488,0.033361,0.003227,Family,FALSE,FALSE,FALSE,FALSE
ENG_062_MZB_LO_786,England,50.5182705,-4.130520319,1173225,2002,2023,20,22,0.987962747,1.015421058,0.027458311,0.096773,0.109173,-0.834714,-0.956217,0.4056,-0.033758458,0.014827,0.001398,Family,FALSE,FALSE,FALSE,FALSE
ENG_062_MZB_LO_787,England,50.55781459,-4.047023035,1173225,2002,2018,16,17,1.010223938,0.995904797,-0.014319141,-0.087453,0.32166,1.016519,-1.427957,0.971835,0.039989956,0.007414,0.001944,Family,FALSE,FALSE,FALSE,FALSE
ENG_062_MZB_LO_788,England,50.48373149,-4.07582021,1172857,2002,2023,12,22,1.027235664,1.032097877,0.004862213,0.106112,0.598913,-0.681325,-5.697342,-0.078146,-0.006016936,0.000352,0.001243,Family,FALSE,FALSE,FALSE,FALSE
ENG_062_MZB_LO_789,England,50.45447253,-4.06674826,1172857,2003,2023,11,21,1.058123439,1.080314003,0.022190564,-4.731749,-1.169258,-1.453402,-12.789557,-9.178264,-0.017104512,0.032346,0.012464,Family,FALSE,FALSE,FALSE,FALSE
ENG_062_MZB_LO_79,England,54.55187663,-0.800537813,1149345,2006,2024,7,19,1.041834181,0.988465203,-0.053368978,-2.305119,-1.143091,-1.951201,-5.182993,-3.620239,0.069840864,0.063287,0.018293,Family,FALSE,FALSE,FALSE,FALSE
ENG_062_MZB_LO_790,England,50.49293207,-4.148696962,1173225,2002,2017,8,16,0.963888731,1.065299398,0.101410666,-0.003225,0.546617,-2.273885,-2.433334,0.503375,-0.02596415,0.063312,0.010226,Family,FALSE,FALSE,FALSE,FALSE
ENG_062_MZB_LO_794,England,50.41291418,-4.329191301,1173733,2003,2023,13,21,1.0916801,1.029413337,-0.062266763,-0.187585,0.724924,-0.022102,-6.536953,-0.277773,-0.065331668,0.05187,0.011408,Family,FALSE,FALSE,FALSE,FALSE
ENG_062_MZB_LO_795,England,50.56859091,-4.457047308,1173733,2004,2022,8,19,1.084192769,0.982121442,-0.102071327,1.914757,0.396907,-0.269675,4.453699,3.731764,0.031891729,0.080988,0.006658,Family,FALSE,FALSE,FALSE,FALSE
ENG_062_MZB_LO_797,England,50.57176629,-4.111888835,1173225,2002,2014,7,13,0.917025422,1.031649426,0.114624004,0.421254,2.025177,1.662152,-4.444945,-0.224999,-0.04418946,0.071549,0.013969,Family,FALSE,FALSE,FALSE,FALSE
ENG_062_MZB_LO_799,England,50.47155346,-4.077823392,1172857,2002,2023,18,22,1.002628433,0.992855457,-0.009772976,0.973581,1.276595,-0.718059,-2.342389,1.865682,-0.046758393,0.05163,0.00497,Family,FALSE,FALSE,FALSE,FALSE
ENG_062_MZB_LO_804,England,50.16487802,-5.432976685,1173223,2002,2021,8,20,0.993069545,0.987398712,-0.005670834,0.447893,0.191547,-2.064391,-1.303084,1.343469,-0.01506236,0.043418,0.008978,Family,FALSE,FALSE,FALSE,FALSE
ENG_062_MZB_LO_805,England,50.04976848,-5.632238736,1148950,2003,2022,18,20,0.898528479,0.985015266,0.086486787,1.001041,1.498389,2.8466,-3.277031,1.814605,-0.041649347,0.033291,0.00101,Family,FALSE,FALSE,FALSE,FALSE
ENG_062_MZB_LO_807,England,50.11231314,-5.605772953,1143689,2003,2023,13,21,0.943757947,0.919529491,-0.024228456,-0.051094,0.246725,-2.126785,-1.65834,0.264209,0.049308753,0.019032,0.000436,Family,FALSE,FALSE,FALSE,FALSE
ENG_062_MZB_LO_808,England,50.12665488,-5.525542163,1158290,2003,2017,7,15,0.881793251,0.912024499,0.030231247,1.803805,-0.151893,-2.506568,4.560004,4.616628,0.03192717,0.044307,0.015495,Family,FALSE,FALSE,FALSE,FALSE
ENG_062_MZB_LO_812,England,50.34259458,-5.15563455,1160507,2002,2022,16,21,0.809991949,0.887819551,0.077827601,2.12818,1.341315,1.061532,3.410501,5.074729,-0.047021107,0.000958,0.008122,Family,FALSE,FALSE,FALSE,FALSE
ENG_062_MZB_LO_816,England,50.13765368,-5.244161138,1173221,2002,2017,7,16,0.998609421,0.964341185,-0.034268236,-1.746767,-1.875581,-3.904481,1.237909,-3.121795,-0.015089912,0.031805,0.01444,Family,FALSE,FALSE,FALSE,FALSE
ENG_062_MZB_LO_817,England,50.10792698,-5.552563567,1143689,2002,2019,15,18,0.949337408,0.91049328,-0.038844128,0.149442,-1.999824,-8.366824,8.099369,0.682192,-0.012430145,0.051385,0.020362,Family,FALSE,FALSE,FALSE,FALSE
ENG_062_MZB_LO_818,England,50.11512311,-5.590593632,1143689,2002,2023,13,22,1.034291293,0.980978139,-0.053313154,-0.887128,0.892945,4.074447,-8.156363,-1.661942,0.024343439,0.036203,0.010141,Family,FALSE,FALSE,FALSE,FALSE
ENG_062_MZB_LO_819,England,50.10692918,-5.573333281,1143689,2002,2023,11,22,0.927821127,0.926421525,-0.001399602,0.142955,-0.584796,-2.92495,-0.525768,0.056029,0.060379735,0.008899,0.005105,Family,FALSE,FALSE,FALSE,FALSE
ENG_062_MZB_LO_820,England,50.75984613,-2.86165016,1156293,2002,2022,13,21,0.82265093,0.991304644,0.168653714,1.803627,1.165752,0.951975,-0.008652,3.679604,-0.029215075,0.049901,0.005465,Family,FALSE,FALSE,FALSE,FALSE
ENG_062_MZB_LO_828,England,50.64029223,-2.479350048,1173450,2005,2022,8,18,0.913858011,1.034699717,0.120841706,-0.46847,0.48553,2.463588,-5.738373,-0.56373,-0.086132127,0.073578,0.015702,Family,FALSE,FALSE,FALSE,FALSE
ENG_062_MZB_LO_83,England,54.32055303,-1.511525079,1174178,2002,2015,7,14,1.079950601,1.065739782,-0.014210819,-0.513481,-1.106037,-3.276405,0.041,-0.548919,0.015598154,0.037284,0.010466,Family,FALSE,FALSE,FALSE,FALSE
ENG_062_MZB_LO_830,England,50.63058687,-2.475419444,1173450,2003,2016,11,14,0.957178569,1.023944143,0.066765574,5.152801,3.857406,6.592008,9.762255,11.090726,-0.013518657,0.079567,0.0179,Family,FALSE,FALSE,FALSE,FALSE
ENG_062_MZB_LO_831,England,50.65146486,-2.474145316,1173450,2003,2019,8,17,0.76119252,0.893271105,0.132078584,1.109145,0.102474,-0.468513,4.416906,2.769805,-0.05546177,0.052215,0.011136,Family,FALSE,FALSE,FALSE,FALSE
ENG_062_MZB_LO_833,England,51.2177213,-3.577823456,1146817,2004,2023,15,20,1.069484187,1.026412283,-0.043071904,-0.308354,-0.404929,-0.898442,-2.21167,-1.009645,0.001751026,0.030046,0.003508,Family,FALSE,FALSE,FALSE,FALSE
ENG_062_MZB_LO_834,England,51.17407626,-3.349548341,1146911,2002,2023,20,22,0.960274997,1.024076961,0.063801964,-1.136274,-0.881136,-3.503194,-1.657353,-2.305049,-0.00530947,0.053545,0.009365,Family,FALSE,FALSE,FALSE,FALSE
ENG_062_MZB_LO_838,England,51.36526899,-0.934551611,1172947,2002,2014,10,13,0.996514748,0.870185391,-0.126329357,-6.6981,-3.60842,-5.138003,-10.913129,-13.399241,0.089419262,0.0092,0.01333,Family,FALSE,FALSE,FALSE,FALSE
ENG_062_MZB_LO_840,England,51.41372025,-0.903660828,1172947,2002,2023,9,22,0.911555924,0.757355931,-0.154199993,-0.663409,-0.588936,-3.914191,-0.510106,-1.577037,-0.044939784,0.062466,0.006228,Family,FALSE,FALSE,FALSE,FALSE
ENG_062_MZB_LO_841,England,51.19088224,-0.175245011,1172947,2002,2024,7,23,0.770713279,0.713373921,-0.057339359,-1.893303,-2.960029,-7.403229,-3.244205,-4.382522,-0.006624363,0.067975,0.023675,Family,FALSE,FALSE,FALSE,FALSE
ENG_062_MZB_LO_844,England,51.86775236,-0.267988304,1172947,2002,2022,20,21,0.976555191,1.096229224,0.119674033,-0.461328,-1.34416,-2.329929,0.545698,-1.347248,0.015382175,0.011595,0.000338,Family,FALSE,FALSE,FALSE,FALSE
ENG_062_MZB_LO_846,England,51.83752069,-0.220943416,1172947,2002,2020,16,19,0.964132853,1.00940013,0.045267277,2.938841,1.799927,6.7403,2.765532,5.149271,-0.027455404,0.003171,0.024146,Family,FALSE,FALSE,FALSE,FALSE
ENG_062_MZB_LO_848,England,51.76465481,-0.367582426,1172947,2002,2023,21,22,0.92552555,1.043155594,0.117630045,1.06052,-0.735064,-0.926375,5.018509,1.814417,-0.02089028,0.055714,0.005957,Family,FALSE,FALSE,FALSE,FALSE
ENG_062_MZB_LO_849,England,51.92218947,-0.121949424,1172947,2004,2023,17,20,0.725911134,0.804827298,0.078916164,2.018648,-1.930932,-3.912544,13.727261,4.520221,-0.008024208,0.019774,0.007936,Family,FALSE,FALSE,FALSE,FALSE
ENG_062_MZB_LO_850,England,51.8937148,-0.140853227,1172947,2004,2021,9,18,0.798232355,0.813172669,0.014940314,-2.659342,-0.371815,-1.269138,-4.152974,-4.149471,0.045641842,0.057885,0.023336,Family,FALSE,FALSE,FALSE,FALSE
ENG_062_MZB_LO_851,England,51.68324275,-0.670220626,1172947,2002,2023,16,22,0.801552484,0.860101104,0.058548619,2.705927,1.544913,-1.515011,2.822941,5.908425,-0.015365598,0.04923,0.011236,Family,FALSE,FALSE,FALSE,FALSE
ENG_062_MZB_LO_852,England,51.76307682,-0.477742917,1172947,2002,2023,22,22,0.856240502,1.092198123,0.235957621,-0.235879,-4.63444,-10.47018,14.152898,0.063638,0.014245312,0.088755,0.028354,Family,FALSE,FALSE,FALSE,FALSE
ENG_062_MZB_LO_853,England,51.79054828,-0.507281006,1172947,2002,2023,22,22,0.790221162,0.823702059,0.033480897,1.810433,-1.170681,-3.907277,11.898744,4.11174,0.006455111,0.016977,0.006606,Family,FALSE,FALSE,FALSE,FALSE
ENG_062_MZB_LO_855,England,51.65941429,0.230763013,1172947,2002,2015,13,14,0.883738273,1.026347259,0.142608987,1.018754,-0.192987,2.59139,4.078399,0.350349,-0.008556674,0.044681,0.007445,Family,FALSE,FALSE,FALSE,FALSE
ENG_062_MZB_LO_860,England,51.64850716,-0.580437136,1172947,2003,2023,15,21,0.883307807,0.910226161,0.026918354,1.892299,-0.134573,0.187151,7.881165,4.656858,-0.02871933,0.013081,0.00793,Family,FALSE,FALSE,FALSE,FALSE
ENG_062_MZB_LO_861,England,51.61003327,-0.557043464,1172947,2003,2021,12,19,0.823602748,0.821303533,-0.002299216,-1.293737,-3.509589,-4.679416,9.792409,-1.029722,0.013515848,0.058471,0.009245,Family,FALSE,FALSE,FALSE,FALSE
ENG_062_MZB_LO_862,England,51.82400666,-0.43401438,1172947,2002,2022,18,21,0.58144951,0.682532773,0.101083263,1.658177,1.41726,1.636538,-3.984156,3.011776,-0.00151036,0.04878,0.018471,Family,FALSE,FALSE,FALSE,FALSE
ENG_062_MZB_LO_863,England,51.81347723,-0.394702071,1172947,2002,2023,11,22,0.747518536,0.78455202,0.037033484,0.539101,0.372871,0.574602,-4.445041,0.771782,0.025505755,0.032681,0.01395,Family,FALSE,FALSE,FALSE,FALSE
ENG_062_MZB_LO_865,England,51.87699261,-0.281245934,1172947,2002,2023,22,22,0.93125192,0.945182251,0.013930331,0.646848,-0.351905,-2.914587,0.96632,0.943891,0.005665312,0.001943,0.002483,Family,FALSE,FALSE,FALSE,FALSE
ENG_062_MZB_LO_866,England,51.79327108,-0.392635903,1172947,2002,2023,18,22,0.885689188,0.852543574,-0.033145614,1.265812,1.308372,5.435893,0.56633,2.263926,0.022784706,0.034818,0.011468,Family,FALSE,FALSE,FALSE,FALSE
ENG_062_MZB_LO_868,England,51.79325482,-0.400669943,1172947,2002,2022,16,21,0.485910269,0.595552361,0.109642092,4.574234,1.564305,-1.53142,7.701571,9.590219,0.049423849,0.017088,0.001919,Family,FALSE,FALSE,FALSE,FALSE
ENG_062_MZB_LO_869,England,51.62136699,-0.046937282,1172947,2003,2024,8,22,0.654384544,0.693692725,0.039308182,0.862504,1.282048,3.298612,-3.199847,2.037553,0.033084125,0.037866,0.016398,Family,FALSE,FALSE,FALSE,FALSE
ENG_062_MZB_LO_87,England,54.30024021,-1.860294742,1174178,2002,2016,11,15,1.010610393,1.087917693,0.0773073,0.897032,1.166093,2.434601,-0.761238,0.979007,-0.136677433,0.06182,0.008945,Family,FALSE,FALSE,FALSE,FALSE
ENG_062_MZB_LO_870,England,51.64950146,-0.100975174,1172947,2004,2021,10,18,0.701659605,0.760620822,0.058961217,1.71435,1.087369,1.179609,1.075978,3.433839,0.024436024,0.010047,0.009093,Family,FALSE,FALSE,FALSE,FALSE
ENG_062_MZB_LO_872,England,51.87694479,-0.405473388,1172947,2002,2023,14,22,0.598322321,0.595680329,-0.002641992,0.32611,-1.068233,-4.965387,5.063131,0.432734,-0.043703663,0.035339,0.01364,Family,FALSE,FALSE,FALSE,FALSE
ENG_062_MZB_LO_873,England,51.63676343,-0.479808943,1172947,2004,2019,7,16,0.933988997,1.021065291,0.087076294,-0.710299,-1.422369,-1.200807,0.749813,-2.478129,0.080768229,0.10323,0.003874,Family,FALSE,FALSE,FALSE,FALSE
ENG_062_MZB_LO_874,England,51.70247128,-0.614505672,1172947,2007,2023,14,17,0.88204119,0.874603613,-0.007437577,0.458333,0.039194,-0.567803,1.775465,1.800808,0.039172683,0.020887,0.012711,Family,FALSE,FALSE,FALSE,FALSE
ENG_062_MZB_LO_876,England,51.74590044,-0.335767243,1172947,2008,2022,14,15,0.988433497,0.912263784,-0.076169713,0.804949,-1.087164,-4.535288,1.298972,2.059738,0.064127712,0.046622,0.011097,Family,FALSE,FALSE,FALSE,FALSE
ENG_062_MZB_LO_878,England,51.44333031,-0.371943908,1172947,2002,2023,12,22,0.985041413,1.099162245,0.114120832,1.169775,-0.066713,-0.808894,2.495616,1.965046,-0.029843624,0.041908,0.01182,Family,FALSE,FALSE,FALSE,FALSE
ENG_062_MZB_LO_879,England,51.84814472,0.0746631,1172947,2002,2023,20,22,0.930679649,0.96059338,0.029913731,2.980265,3.869845,5.629607,-4.171295,6.023357,-0.02061959,0.012963,0.016026,Family,FALSE,FALSE,FALSE,FALSE
ENG_062_MZB_LO_88,England,54.20407037,-1.586560554,1174178,2002,2016,10,15,1.002675907,1.07297404,0.070298133,-0.957053,0.919091,0.934939,-10.351466,-2.837506,-0.038528554,0.077956,0.005375,Family,FALSE,FALSE,FALSE,FALSE
ENG_062_MZB_LO_880,England,51.89964211,0.179732685,1172947,2004,2023,16,20,0.883672743,0.892462186,0.008789443,0.840486,1.0978,1.995765,0.238521,1.243534,-0.101187878,0.036873,0.008825,Family,FALSE,FALSE,FALSE,FALSE
ENG_062_MZB_LO_882,England,51.72306134,-0.337749621,1172947,2002,2023,19,22,0.945870887,1.063259759,0.117388872,-0.523952,-2.112663,-6.477589,1.560707,-1.001244,0.042127168,0.034186,0.009296,Family,FALSE,FALSE,FALSE,FALSE
ENG_062_MZB_LO_885,England,51.39722791,-0.275914519,1172947,2002,2016,7,15,0.874085098,0.839757218,-0.03432788,-0.886741,-1.272569,-0.671975,3.540273,-1.41566,0.016753887,0.049668,0.013417,Family,FALSE,FALSE,FALSE,FALSE
ENG_062_MZB_LO_886,England,51.60692056,0.257173754,1172947,2002,2020,10,19,0.686991753,0.794709094,0.107717341,-0.419166,-0.540796,-2.139913,1.263665,0.051331,0.015958847,0.067371,0.015455,Family,FALSE,FALSE,FALSE,FALSE
ENG_062_MZB_LO_887,England,51.58706995,0.165243076,1172947,2002,2021,9,20,0.686592931,0.772959934,0.086367003,0.696794,0.54543,-0.166369,1.407328,1.284572,-0.040525414,0.037745,0.013455,Family,FALSE,FALSE,FALSE,FALSE
ENG_062_MZB_LO_888,England,51.73938432,0.219592777,1172947,2003,2023,10,21,0.795858583,1.03904229,0.243183708,2.491105,1.258171,-0.575012,5.171096,5.009718,-0.086529548,0.063736,0.011509,Family,FALSE,FALSE,FALSE,FALSE
ENG_062_MZB_LO_889,England,51.50847765,-0.342862719,1172947,2003,2024,9,22,0.729026555,0.711468348,-0.017558207,2.298182,0.661546,-0.382263,7.200691,4.276311,-0.055966862,0.002866,0.006981,Family,FALSE,FALSE,FALSE,FALSE
ENG_062_MZB_LO_89,England,54.09731712,-1.394693981,1174178,2002,2016,10,15,0.948299473,1.042926003,0.09462653,-1.221567,2.149686,6.933811,-13.517885,-2.848758,-0.039879959,0.095794,0.017489,Family,FALSE,FALSE,FALSE,FALSE
ENG_062_MZB_LO_890,England,51.57814297,-0.516316464,1172947,2002,2023,22,22,0.894535129,1.011559836,0.117024707,4.081404,-0.577093,-2.421206,9.687838,9.224478,-0.025766986,0.029506,0.003435,Family,FALSE,FALSE,FALSE,FALSE
ENG_062_MZB_LO_891,England,51.44053869,-0.535255512,1172947,2002,2023,15,22,0.896837687,1.098830259,0.201992572,1.35291,0.390629,-0.099234,3.062454,2.951747,-0.026806937,0.010393,0.009588,Family,FALSE,FALSE,FALSE,FALSE
ENG_062_MZB_LO_892,England,51.7553782,0.005206696,1172947,2004,2016,10,13,0.788080893,0.797891356,0.009810463,-0.35166,-2.185118,-3.410057,4.725195,-2.834973,-0.095926248,0.057491,0.021042,Family,FALSE,FALSE,FALSE,FALSE
ENG_062_MZB_LO_893,England,51.86161765,-0.11684695,1172947,2002,2023,21,22,0.756918458,1.027935231,0.271016772,0.870159,-0.65804,-2.375395,7.436101,1.686453,-0.058264304,0.060314,0.002281,Family,FALSE,FALSE,FALSE,FALSE
ENG_062_MZB_LO_894,England,51.86831454,-0.128536637,1172947,2002,2023,12,22,0.805146726,0.796755853,-0.008390873,1.192343,-1.048293,-0.09702,8.168118,2.664326,-0.043488056,0.08424,0.010647,Family,FALSE,FALSE,FALSE,FALSE
ENG_062_MZB_LO_897,England,51.66135554,0.135525123,1172947,2003,2021,8,19,0.760142037,0.836975018,0.076832981,2.431152,2.053611,2.506534,0.917808,4.717076,-0.04779608,0.0137,0.009301,Family,FALSE,FALSE,FALSE,FALSE
ENG_062_MZB_LO_898,England,51.65530252,0.171385123,1172947,2002,2021,17,20,0.954702996,1.035207427,0.080504431,0.978301,-0.257345,-1.212086,2.400254,1.832052,-0.017699242,0.036219,0.007265,Family,FALSE,FALSE,FALSE,FALSE
ENG_062_MZB_LO_899,England,51.39423213,-0.241340923,1172947,2002,2020,7,19,0.592719408,0.6155574,0.022837992,-0.879535,-0.901171,-1.76507,-2.804431,-2.134683,0.032581956,0.057927,0.021195,Family,FALSE,FALSE,FALSE,FALSE
ENG_062_MZB_LO_90,England,53.91376628,-1.64962404,1174178,2003,2023,19,21,0.98005385,0.995895099,0.015841249,-1.116925,0.164887,-0.54958,-4.870859,-2.167633,0.013362246,0.018976,0.002495,Family,FALSE,FALSE,FALSE,FALSE
ENG_062_MZB_LO_900,England,51.43407878,-0.028304051,1172947,2002,2024,8,23,0.763100889,0.806634077,0.043533188,0.749577,0.480549,-0.623795,2.470302,1.463316,-0.007982586,0.029022,0.001305,Family,FALSE,FALSE,FALSE,FALSE
ENG_062_MZB_LO_901,England,51.54139366,-0.499471749,1172947,2003,2023,11,21,0.845395016,1.093792207,0.248397191,1.428896,-1.375727,-2.817502,13.247805,2.962999,-0.086966047,0.066684,0.002606,Family,FALSE,FALSE,FALSE,FALSE
ENG_062_MZB_LO_904,England,51.67022205,-0.381376543,1172947,2002,2023,12,22,0.899665045,1.08966167,0.189996626,-0.21221,-1.1964,-1.718888,3.476991,-0.007448,0.005511872,0.028753,0.005502,Family,FALSE,FALSE,FALSE,FALSE
ENG_062_MZB_LO_908,England,51.53130243,-0.329057653,1172947,2002,2024,10,23,0.508145689,0.664074015,0.155928326,4.364105,3.493883,2.760789,1.752418,9.724036,-0.046294954,0.037666,0.007824,Family,FALSE,FALSE,FALSE,FALSE
ENG_062_MZB_LO_91,England,53.63877196,-1.146916674,1174178,2003,2016,8,14,0.8985872,0.920461612,0.021874412,0.157027,0.2433,-1.112558,-2.501237,-0.301276,0.004451229,0.058422,0.016709,Family,FALSE,FALSE,FALSE,FALSE
ENG_062_MZB_LO_911,England,51.71886381,-0.290838373,1172947,2002,2023,15,22,0.833037008,0.779851413,-0.053185595,-0.324657,-1.647809,-4.546507,2.051294,-1.370171,-0.006168506,0.039518,0.009986,Family,FALSE,FALSE,FALSE,FALSE
ENG_062_MZB_LO_912,England,51.38686366,0.03087877,1172947,2002,2023,9,22,0.779287645,0.677269824,-0.10201782,0.238953,-1.528209,-2.772555,5.13883,-0.039019,-0.016892244,0.012485,0.001529,Family,FALSE,FALSE,FALSE,FALSE
ENG_062_MZB_LO_913,England,51.45181731,-0.023236629,1172947,2002,2021,17,20,0.782492957,0.834855549,0.052362592,2.541344,1.693039,1.663698,2.128953,5.061657,-0.071774085,0.051169,0.014324,Family,FALSE,FALSE,FALSE,FALSE
ENG_062_MZB_LO_914,England,51.56096137,-0.26593429,1172947,2002,2024,9,23,0.607118175,0.707320282,0.100202107,2.829387,0.26129,-1.116594,5.333175,6.094215,0.033960015,0.030198,0.007016,Family,FALSE,FALSE,FALSE,FALSE
ENG_062_MZB_LO_917,England,51.85143857,0.166293596,1172947,2003,2019,7,17,0.788128952,0.8785579,0.090428949,0.293404,-2.750625,-4.756082,7.594847,0.429393,-0.065438916,0.079328,0.023785,Family,FALSE,FALSE,FALSE,FALSE
ENG_062_MZB_LO_918,England,51.78394977,-0.378484004,1172947,2006,2023,18,18,0.854813035,0.939704209,0.084891174,1.481101,0.296838,-0.408336,5.032315,2.333888,-0.04892027,0.037663,0.007969,Family,FALSE,FALSE,FALSE,FALSE
ENG_062_MZB_LO_919,England,51.73604803,-0.32838102,1172947,2005,2023,17,19,0.98788712,0.987528168,-0.000358952,-0.521739,-1.998442,-2.551602,2.508958,-0.80788,-0.009932969,0.017986,0.002866,Family,FALSE,FALSE,FALSE,FALSE
ENG_062_MZB_LO_92,England,53.99573885,-0.419486026,1170587,2002,2018,11,17,0.915258616,0.94889539,0.033636773,1.704307,1.448676,1.201383,0.858883,2.485795,-0.033404324,0.002206,0.002029,Family,FALSE,FALSE,FALSE,FALSE
ENG_062_MZB_LO_922,England,51.85207202,-0.377110151,1172947,2002,2020,9,19,0.763737389,0.802867364,0.039129975,1.552039,1.603535,1.733121,-0.662782,3.354543,-0.011015731,0.039884,0.012471,Family,FALSE,FALSE,FALSE,FALSE
ENG_062_MZB_LO_924,England,51.56088554,-0.031998322,1172947,2002,2021,11,20,0.749796075,0.959525819,0.209729743,1.145191,1.917291,1.774903,-4.46561,2.195777,0.027051068,0.047604,0.013949,Family,FALSE,FALSE,FALSE,FALSE
ENG_062_MZB_LO_925,England,51.89424204,0.185793737,1172947,2002,2022,18,21,0.860225422,0.841225886,-0.018999535,-0.905938,-0.314636,-1.006967,-3.66938,-2.220851,-0.016255162,0.018921,0.005982,Family,FALSE,FALSE,FALSE,FALSE
ENG_062_MZB_LO_928,England,51.46673302,-0.341496177,1172947,2003,2023,9,21,0.702319721,0.840442346,0.138122625,1.388051,1.893446,2.266338,2.292291,2.181233,-0.039736417,0.001184,0.020818,Family,FALSE,FALSE,FALSE,FALSE
ENG_062_MZB_LO_93,England,53.90841933,-1.609087618,1174178,2002,2021,12,20,0.984788117,1.031611462,0.046823345,0.016337,0.058796,-1.315117,-1.711928,-0.016072,-0.013530698,0.000646,0.00106,Family,FALSE,FALSE,FALSE,FALSE
ENG_062_MZB_LO_930,England,51.78243335,0.052800075,1172947,2002,2018,14,17,0.890298888,0.996373945,0.106075057,-0.502919,2.491235,2.960623,-11.057547,-0.733514,0.010287413,0.071749,0.00015,Family,FALSE,FALSE,FALSE,FALSE
ENG_062_MZB_LO_932,England,51.67037885,-0.02024315,1172947,2003,2019,7,17,0.731905871,0.690766453,-0.041139418,3.151036,2.007836,1.509297,7.605287,5.767763,-0.077734702,0.067321,0.0071,Family,FALSE,FALSE,FALSE,FALSE
ENG_062_MZB_LO_933,England,51.85040625,0.173504369,1172947,2002,2020,7,19,0.856863137,0.912465646,0.05560251,-1.07744,-0.650526,-1.272652,-2.841237,-2.794858,0.073004167,0.054744,0.019142,Family,FALSE,FALSE,FALSE,FALSE
ENG_062_MZB_LO_935,England,51.79659205,0.190582077,1172947,2003,2021,7,19,0.817568861,1.016335217,0.198766357,0.518344,0.841694,1.496221,-1.863044,0.634208,-0.059984639,0.046415,0.017994,Family,FALSE,FALSE,FALSE,FALSE
ENG_062_MZB_LO_94,England,53.90525812,-1.715524233,1174178,2002,2021,12,20,0.972808175,1.001221226,0.028413051,0.025589,-0.576,-1.767464,2.67268,0.123264,0.021233153,0.009562,0.005264,Family,FALSE,FALSE,FALSE,FALSE
ENG_062_MZB_LO_940,England,51.45502559,0.004970218,1172947,2003,2019,15,17,0.789258323,0.8120976,0.022839277,4.973709,4.606023,10.553543,0.984732,10.168704,-0.072062027,0.082397,0.021881,Family,FALSE,FALSE,FALSE,FALSE
ENG_062_MZB_LO_943,England,51.80261016,-0.076821872,1172947,2002,2023,20,22,0.911150735,1.027793119,0.116642385,-1.118825,-0.735531,-1.802594,-1.809586,-2.69588,0.005382449,0.050936,0.008652,Family,FALSE,FALSE,FALSE,FALSE
ENG_062_MZB_LO_944,England,51.69135611,0.015397771,1172947,2003,2024,8,22,0.725402267,0.756293352,0.030891084,1.291033,-0.990696,-2.836929,5.562113,3.060609,-0.018847341,0.047762,0.006173,Family,FALSE,FALSE,FALSE,FALSE
ENG_062_MZB_LO_946,England,51.49717913,-0.410783189,1172947,2002,2021,9,20,0.742069229,0.742108053,3.88E-05,0.706918,-1.205652,-3.160756,8.057342,1.642411,-0.002413039,0.037403,0.008343,Family,FALSE,FALSE,FALSE,FALSE
ENG_062_MZB_LO_947,England,51.46005462,-0.401261663,1172947,2003,2021,9,19,0.765408019,1.026942594,0.261534575,-0.507052,-1.436833,-6.287799,2.242525,-1.373949,-0.036832225,0.09159,0.02274,Family,FALSE,FALSE,FALSE,FALSE
ENG_062_MZB_LO_949,England,51.56489738,0.052408655,1172947,2002,2018,9,17,0.841094553,0.93219708,0.091102527,1.703978,2.127272,1.983005,0.048656,2.892647,-0.064250413,0.036441,0.01462,Family,FALSE,FALSE,FALSE,FALSE
ENG_062_MZB_LO_95,England,54.07122685,-2.005607774,1174178,2002,2023,20,22,1.030553793,0.976126275,-0.054427518,-0.100658,0.052582,-1.315427,-1.695828,-0.33027,-0.008161111,0.027345,0.007056,Family,FALSE,FALSE,FALSE,FALSE
ENG_062_MZB_LO_951,England,51.38661753,-0.16351897,1172947,2004,2021,14,18,0.818980739,0.945585695,0.126604956,0.888637,0.711233,0.100335,-0.711894,2.364935,-0.015794824,0.007912,0.01448,Family,FALSE,FALSE,FALSE,FALSE
ENG_062_MZB_LO_952,England,51.59740446,0.040113317,1172947,2003,2018,8,16,0.842882828,0.858514948,0.01563212,0.393196,0.347411,-1.75363,1.073011,0.374087,-0.109350532,0.018848,0.011167,Family,FALSE,FALSE,FALSE,FALSE
ENG_062_MZB_LO_953,England,51.67207936,-0.631486771,1172947,2002,2023,20,22,0.90676691,1.044146127,0.137379217,-0.126136,-2.49327,-7.4918,6.242062,-0.863187,-0.039418688,0.060221,0.018686,Family,FALSE,FALSE,FALSE,FALSE
ENG_062_MZB_LO_954,England,51.58491428,-0.539277515,1172947,2002,2023,22,22,1.04021481,1.099324865,0.059110055,2.280467,-1.404537,-4.634023,13.142501,4.459583,-0.066867097,0.032911,0.007956,Family,FALSE,FALSE,FALSE,FALSE
ENG_062_MZB_LO_955,England,51.5665398,-0.489265441,1172947,2002,2023,21,22,1.009901897,1.081763877,0.07186198,1.83427,0.632932,2.106258,5.118827,3.836376,-0.044958109,0.045198,0.010461,Family,FALSE,FALSE,FALSE,FALSE
ENG_062_MZB_LO_958,England,51.75420825,-0.352282887,1172947,2008,2023,16,16,0.792874536,0.957139164,0.164264628,4.740283,3.915796,4.878986,8.845791,11.28565,-0.0780163,0.069992,0.019145,Family,FALSE,FALSE,FALSE,FALSE
ENG_062_MZB_LO_959,England,51.37334675,-0.140845764,1172947,2004,2018,8,15,0.670623609,0.846057851,0.175434242,-1.252281,0.096022,0.020411,-7.486919,-1.878906,-0.032646567,0.052066,0.028323,Family,FALSE,FALSE,FALSE,FALSE
ENG_062_MZB_LO_96,England,54.04565739,-1.9526418,1174178,2002,2021,9,20,0.992591419,1.052612787,0.060021368,2.796008,2.635348,3.644068,1.237361,5.441991,-0.073662934,0.045798,0.008147,Family,FALSE,FALSE,FALSE,FALSE
ENG_062_MZB_LO_960,England,51.74638077,-0.514460346,1172947,2002,2023,15,22,0.777791245,1.015445582,0.237654338,2.435229,1.289251,0.215749,4.900778,5.505251,-0.066048802,0.064201,0.014486,Family,FALSE,FALSE,FALSE,FALSE
ENG_062_MZB_LO_964,England,51.77958096,-0.492002049,1172947,2002,2023,21,22,0.896948864,1.052637326,0.155688462,-2.115952,-3.979631,-10.908521,4.120955,-4.906372,-0.024224488,0.078711,0.023384,Family,FALSE,FALSE,FALSE,FALSE
ENG_062_MZB_LO_968,England,51.37188991,-0.159654494,1172947,2002,2022,17,21,0.818206034,0.890163468,0.071957434,1.283747,1.62328,1.263305,-0.831608,2.70772,-0.018154684,0.05099,0.013743,Family,FALSE,FALSE,FALSE,FALSE
ENG_062_MZB_LO_969,England,51.7705083,-0.589089399,1172947,2002,2023,15,22,0.739510742,0.748346538,0.008835795,0.649148,1.746842,1.963542,-4.608174,0.194447,-0.003226941,0.038678,0.010284,Family,FALSE,FALSE,FALSE,FALSE
ENG_062_MZB_LO_97,England,53.9460636,-1.874823069,1174178,2002,2023,12,22,0.999076372,1.018578352,0.019501979,0.358469,1.109764,1.254992,-3.714138,0.483237,0.027702206,0.022284,0.003462,Family,FALSE,FALSE,FALSE,FALSE
ENG_062_MZB_LO_972,England,51.92910261,-0.008060574,1172947,2003,2019,7,17,0.932459654,1.005296763,0.072837109,-0.076718,0.721665,-0.079651,0.243666,-0.042892,-0.022835609,0.020121,0.001474,Family,FALSE,FALSE,FALSE,FALSE
ENG_062_MZB_LO_975,England,51.90438229,0.021505501,1172947,2003,2021,9,19,0.842835355,0.989317752,0.146482397,0.871723,-0.748675,-1.080161,6.97203,1.401666,-0.017401441,0.077701,0.006433,Family,FALSE,FALSE,FALSE,FALSE
ENG_062_MZB_LO_976,England,51.71354035,0.258195088,1172947,2004,2023,14,20,0.907781034,0.921634735,0.013853701,3.229607,2.885033,2.690372,0.738277,5.978973,-0.026939491,0.030881,0.019235,Family,FALSE,FALSE,FALSE,FALSE
ENG_062_MZB_LO_977,England,51.44254069,-0.254594955,1172947,2002,2023,16,22,0.658708625,0.759174182,0.100465557,1.076151,1.149544,0.496682,-0.1744,1.772269,-0.053077306,0.056966,0.014998,Family,FALSE,FALSE,FALSE,FALSE
ENG_062_MZB_LO_978,England,51.83265851,0.065533042,1172947,2002,2023,21,22,1.049124427,1.046877859,-0.002246569,0.110784,-0.136888,-1.708028,-0.894693,0.420664,0.020418036,0.04576,0.001969,Family,FALSE,FALSE,FALSE,FALSE
ENG_062_MZB_LO_98,England,53.90683025,-1.344782874,1174178,2002,2021,12,20,0.964765528,1.000957163,0.036191635,-0.414328,1.312956,2.252307,-7.716713,-0.461043,0.026904233,0.023753,0.008349,Family,FALSE,FALSE,FALSE,FALSE
ENG_062_MZB_LO_980,England,51.81913887,-0.097883058,1172947,2014,2023,9,10,1.076373315,1.085091994,0.008718679,1.22314,-1.764787,-7.56339,12.649727,3.563035,0.202998418,0.080511,0.014786,Family,FALSE,FALSE,FALSE,FALSE
ENG_062_MZB_LO_981,England,51.8673471,-0.132164572,1172947,2002,2023,22,22,0.807717821,0.87661784,0.068900019,2.012041,0.642969,-0.902593,4.610291,4.271216,-0.014620825,0.026964,0.008661,Family,FALSE,FALSE,FALSE,FALSE
ENG_062_MZB_LO_982,England,51.41697284,-1.522632421,1172947,2005,2016,8,12,1.032561471,1.065777539,0.033216068,-3.441354,-4.935318,-11.047481,4.27634,-5.537849,0.074346627,0.096222,0.031511,Family,FALSE,FALSE,FALSE,FALSE
ENG_062_MZB_LO_985,England,51.26682689,-1.072425894,1172947,2013,2023,11,11,0.850150587,0.856338686,0.006188099,0.729526,0.868068,2.614626,10.331545,-0.273679,-0.045467476,0.035337,0.013437,Family,FALSE,FALSE,FALSE,FALSE
ENG_062_MZB_LO_987,England,51.28920855,-0.590555274,1172947,2003,2014,9,12,0.872090256,0.960633028,0.088542772,-0.059638,-0.050297,0.764062,-6.253328,1.068552,-0.059386525,0.072276,0.021115,Family,FALSE,FALSE,FALSE,FALSE
ENG_062_MZB_LO_991,England,51.74532768,-1.709954159,1172947,2003,2019,15,17,0.946627355,0.983250808,0.036623454,1.446718,-0.264899,-0.73529,8.656732,2.851508,-0.035743112,0.040076,0.010679,Family,FALSE,FALSE,FALSE,FALSE
ENG_062_MZB_LO_1869,England,52.8394824,-2.173780476,1174178,2003,2023,18,21,0.928793332,0.941379352,0.01258602,-1.160171,-1.067802,-1.663052,-3.527616,-2.312188,-0.019945649,0.028422,0.008608,Family,FALSE,FALSE,FALSE,FALSE
ENG_062_MZB_LO_1870,England,52.57444857,-1.03542839,1174178,2003,2023,7,21,0.846468536,1.040068539,0.193600003,-0.343976,2.321904,3.325012,-12.206645,-0.651056,0.007588921,0.067085,0.014613,Family,FALSE,FALSE,FALSE,FALSE
ENG_062_MZB_LO_1872,England,53.4326212,-1.087663803,1174178,2002,2015,7,14,0.899305513,0.927980262,0.028674749,-0.152874,0.821803,2.187745,-4.040941,0.039677,-0.013755951,0.064813,0.006483,Family,FALSE,FALSE,FALSE,FALSE
ENG_062_MZB_LO_1874,England,53.18911364,-0.774392963,1174178,2002,2023,7,22,1.047201182,0.973622193,-0.073578989,-1.726875,-0.610534,-1.549313,-6.089826,-4.368617,-0.045023172,0.05887,0.011533,Family,FALSE,FALSE,FALSE,FALSE
ENG_062_MZB_LO_1876,England,53.14871338,-2.012516475,1174178,2013,2023,10,11,0.853759138,0.820873358,-0.03288578,0.98381,3.067071,2.867431,-6.131275,2.112429,0.08421069,0.031377,0.002997,Family,FALSE,FALSE,FALSE,FALSE
ENG_062_MZB_LO_1878,England,52.51859283,-1.637122424,1174178,2002,2014,7,13,0.948602534,0.940409281,-0.008193254,-0.941074,-2.872008,-3.424998,5.389651,-1.3034,-0.004334169,0.120594,0.026413,Family,FALSE,FALSE,FALSE,FALSE
ENG_062_MZB_LO_1879,England,52.75415895,-0.98457184,1174178,2004,2023,17,20,0.895047936,1.042819997,0.147772061,-0.208413,1.433977,1.18632,-6.234831,-0.904774,-0.031769746,0.056184,0.005175,Family,FALSE,FALSE,FALSE,FALSE
ENG_062_MZB_LO_1886,England,53.12026338,-2.012059951,1174178,2003,2023,19,21,0.92413896,0.923904944,-0.000234016,0.75506,0.388685,1.253576,0.027983,1.03214,0.000182113,0.017585,0.001606,Family,FALSE,FALSE,FALSE,FALSE
ENG_062_MZB_LO_1887,England,52.3479077,-2.072396797,1173087,2006,2021,16,16,0.71086475,0.685468185,-0.025396564,1.345583,1.153051,1.974257,2.193965,2.2962,-0.065811448,0.021436,0.002995,Family,FALSE,FALSE,FALSE,FALSE
ENG_062_MZB_LO_1893,England,52.80339462,-2.099855003,1174178,2002,2013,9,12,0.846462179,0.906999007,0.060536829,0.293223,-1.536108,-5.805967,2.150612,0.276593,0.036205161,0.124524,0.002477,Family,FALSE,FALSE,FALSE,FALSE
ENG_062_MZB_LO_1894,England,52.37233048,-2.251694083,1173087,2003,2015,11,13,0.829866374,0.919481421,0.089615047,2.056511,5.509488,11.348365,-14.4932,3.157885,-0.098920795,0.107085,0.038915,Family,FALSE,FALSE,FALSE,FALSE
ENG_062_MZB_LO_1897,England,53.0248233,-1.02798495,1174178,2002,2020,18,19,0.833475894,0.830592703,-0.002883191,-5.070556,-2.989222,-4.776636,-12.232994,-9.537634,0.015348221,0.090195,0.012589,Family,FALSE,FALSE,FALSE,FALSE
ENG_062_MZB_LO_1902,England,52.68682229,-1.717600104,1174178,2003,2018,7,16,0.758103944,0.748742717,-0.009361227,-3.634131,-3.128777,-8.740202,-3.487136,-6.270219,-0.031683482,0.061449,0.018736,Family,FALSE,FALSE,FALSE,FALSE
ENG_062_MZB_LO_1903,England,53.2696104,-0.952390031,1174178,2002,2024,21,23,0.889474081,1.022801412,0.133327331,0.171666,0.101842,-1.039368,-0.497285,0.061026,-0.045600937,0.052046,0.011723,Family,FALSE,FALSE,FALSE,FALSE
ENG_062_MZB_LO_1906,England,53.19160507,-1.063014376,1174178,2002,2014,8,13,0.831033393,0.974944905,0.143911512,-0.560039,-0.329925,-3.077733,-2.697202,-1.57308,-0.086924235,0.098322,0.013215,Family,FALSE,FALSE,FALSE,FALSE
ENG_062_MZB_LO_1910,England,53.26099441,-0.773659829,1174178,2003,2014,8,12,0.994988489,0.92814468,-0.066843809,-0.46377,2.930627,1.553876,-5.373704,-1.291017,-0.041434661,0.049926,0.006696,Family,FALSE,FALSE,FALSE,FALSE
ENG_062_MZB_LO_1911,England,53.15142571,-1.263170361,1174178,2002,2023,9,22,0.7539312,0.610480331,-0.143450869,-1.360155,-0.837183,-2.50903,-2.628011,-2.613276,0.028158346,0.077544,0.029488,Family,FALSE,FALSE,FALSE,FALSE
ENG_062_MZB_LO_1913,England,52.58319021,-2.295023111,1173087,2002,2021,14,20,0.95170519,0.812675579,-0.139029611,-0.329432,-0.453378,-1.733696,-0.291949,-0.41907,0.058134371,0.060451,0.014814,Family,FALSE,FALSE,FALSE,FALSE
ENG_062_MZB_LO_1916,England,52.4001822,-2.199925713,1173087,2002,2021,19,20,0.817091267,0.843521114,0.026429848,-0.727174,-1.954073,-0.150719,6.3789,-1.633675,0.012048761,0.070377,0.019084,Family,FALSE,FALSE,FALSE,FALSE
ENG_062_MZB_LO_1919,England,52.39142519,-2.121181039,1173087,2002,2014,9,13,0.788210658,0.794715729,0.006505071,3.284853,7.210016,18.494191,-10.926104,5.937622,-0.051343559,0.119452,0.036741,Family,FALSE,FALSE,FALSE,FALSE
ENG_062_MZB_LO_1920,England,52.68691533,-1.50239642,1174178,2002,2022,7,21,0.799289301,0.920135515,0.120846214,-0.518927,-0.356103,-2.757165,2.073765,-1.459174,-0.00834947,0.051735,0.020342,Family,FALSE,FALSE,FALSE,FALSE
ENG_062_MZB_LO_1929,England,53.14870859,-2.109315821,1174178,2012,2023,11,12,0.918358305,1.000724127,0.082365823,4.66662,2.224178,4.243327,6.55091,9.426736,0.009648315,0.055503,0.011774,Family,FALSE,FALSE,FALSE,FALSE
ENG_062_MZB_LO_1933,England,53.15000581,-1.463289168,1174178,2002,2019,9,18,0.898523935,0.880155752,-0.018368183,1.808885,4.223829,4.829427,-12.409013,2.535567,-0.009712029,0.02154,0.001172,Family,FALSE,FALSE,FALSE,FALSE
ENG_062_MZB_LO_1937,England,52.77181634,-1.343641532,1174178,2002,2024,8,23,0.700085609,0.675736914,-0.024348695,1.155555,-0.720829,-2.899423,5.549812,2.44515,-0.018516436,0.012167,0.007837,Family,FALSE,FALSE,FALSE,FALSE
ENG_062_MZB_LO_1939,England,52.73948091,-1.963516151,1174178,2004,2021,17,18,0.880358591,0.961233167,0.080874576,-1.308707,-1.902033,-2.986911,0.369685,-2.505398,-0.052789424,0.087061,0.00144,Family,FALSE,FALSE,FALSE,FALSE
ENG_062_MZB_LO_1941,England,52.78973916,-1.212852131,1174178,2002,2018,7,17,0.836608891,0.957943861,0.12133497,0.629897,2.382769,5.223798,-4.053707,0.182773,-0.165981175,0.102278,0.026837,Family,FALSE,FALSE,FALSE,FALSE
ENG_062_MZB_LO_1946,England,52.54858793,-1.029387738,1174178,2002,2014,7,13,0.573994877,0.569193509,-0.004801368,-1.450628,-0.901565,5.207619,-2.777905,-3.292256,0.076659598,0.068938,0.016589,Family,FALSE,FALSE,FALSE,FALSE
ENG_062_MZB_LO_1948,England,52.38496356,-2.324567814,1173087,2002,2022,15,21,1.033835057,1.064696419,0.030861362,0.626519,1.387796,1.294522,-3.74998,1.902674,-0.063159494,0.028399,0.005121,Family,FALSE,FALSE,FALSE,FALSE
ENG_062_MZB_LO_1951,England,52.76173323,-1.321831133,1174178,2012,2024,13,13,1.011802155,1.091568481,0.079766326,0.282683,0.652363,4.177962,-0.324778,0.658293,0.05202749,0.016827,0.012598,Family,FALSE,FALSE,FALSE,FALSE
ENG_062_MZB_LO_1953,England,52.95770605,-1.921761352,1174178,2007,2021,15,15,0.94740726,0.995410284,0.048003024,1.707684,-0.39149,-1.299766,4.96643,2.951979,-0.029855792,0.042517,0.004801,Family,FALSE,FALSE,FALSE,FALSE
ENG_062_MZB_LO_1954,England,53.23427525,-1.160471121,1174178,2002,2022,15,21,0.852323168,0.825262628,-0.02706054,-1.09254,-0.603933,-1.366157,-4.151599,-2.125825,0.020343834,0.046156,0.002507,Family,FALSE,FALSE,FALSE,FALSE
ENG_062_MZB_LO_1955,England,53.59012688,-0.821597428,1174178,2002,2020,12,19,0.98017436,0.940255805,-0.039918554,-0.354506,-0.692235,-2.354087,0.969443,-1.568125,0.050909745,0.09105,0.024857,Family,FALSE,FALSE,FALSE,FALSE
ENG_062_MZB_LO_1956,England,52.72277877,-1.716628274,1174178,2002,2022,14,21,0.850343182,0.953304887,0.102961704,-0.460385,0.27898,1.372859,-3.700119,-1.11948,0.031173566,0.021416,0.00495,Family,FALSE,FALSE,FALSE,FALSE
ENG_062_MZB_LO_1957,England,52.55867269,-1.24637146,1174178,2004,2023,17,20,0.944553719,0.921960169,-0.02259355,-1.158907,0.170745,-2.307755,-6.764074,-3.185416,0.033919765,0.061132,0.011559,Family,FALSE,FALSE,FALSE,FALSE
ENG_062_MZB_LO_1960,England,52.95101938,-2.038743519,1174178,2002,2021,17,20,0.890892149,0.949512382,0.058620233,2.110391,0.699486,0.387472,3.540645,4.917896,0.009543842,0.051334,0.009341,Family,FALSE,FALSE,FALSE,FALSE
ENG_062_MZB_LO_1961,England,53.36320942,-1.234880779,1174178,2002,2023,8,22,0.415011794,0.525946951,0.110935156,1.989226,3.44332,5.82971,-8.909004,3.334938,-0.071105616,0.049495,0.013176,Family,FALSE,FALSE,FALSE,FALSE
ENG_062_MZB_LO_1962,England,52.63775531,-2.600316704,1173087,2003,2022,15,20,0.932766399,0.986553638,0.053787238,1.349621,1.508324,4.535309,-2.739656,2.576892,-0.035350377,0.023749,0.011984,Family,FALSE,FALSE,FALSE,FALSE
ENG_062_MZB_LO_1963,England,52.98745743,-1.448173429,1174178,2002,2016,7,15,0.707860207,0.750985777,0.04312557,0.771979,-0.646213,1.155737,5.689339,3.293845,-0.07569187,0.018914,0.006922,Family,FALSE,FALSE,FALSE,FALSE
ENG_062_MZB_LO_1965,England,52.64647377,-2.654916493,1173087,2002,2023,20,22,0.947078862,0.925028959,-0.022049904,1.485431,1.266049,3.427794,2.350833,2.728261,-0.016180237,0.004694,0.002183,Family,FALSE,FALSE,FALSE,FALSE
ENG_062_MZB_LO_1966,England,52.63691154,-2.326519722,1173087,2003,2020,15,18,0.957948243,0.910190187,-0.047758056,-0.792151,0.812339,-0.016997,-6.838343,-1.207556,0.016994128,0.043785,0.011321,Family,FALSE,FALSE,FALSE,FALSE
ENG_062_MZB_LO_1967,England,52.83412212,-1.146558753,1174178,2002,2023,18,22,0.894980247,0.982861093,0.087880846,0.673654,-0.467516,-1.070521,2.412887,1.785722,0.002356272,0.017651,0.001656,Family,FALSE,FALSE,FALSE,FALSE
ENG_062_MZB_LO_1968,England,52.79031252,-0.742854671,1174178,2003,2016,8,14,1.028617959,1.011509517,-0.017108442,1.261057,-1.201133,-4.867795,8.096701,3.327144,-0.03307572,0.017746,0.005128,Family,FALSE,FALSE,FALSE,FALSE
ENG_062_MZB_LO_1972,England,52.98880156,-2.088279022,1174178,2002,2019,9,18,0.809703125,0.925393289,0.115690164,1.49386,-0.107311,1.28641,9.968792,2.363367,-0.0513242,0.071996,0.000918,Family,FALSE,FALSE,FALSE,FALSE
ENG_062_MZB_LO_1973,England,53.18765309,-1.640864581,1174178,2002,2023,10,22,1.034977123,1.008996201,-0.025980922,0.472038,1.591609,1.853046,-5.144211,0.930645,-0.020028212,0.04982,0.002893,Family,FALSE,FALSE,FALSE,FALSE
ENG_062_MZB_LO_1975,England,52.52013175,-1.681691496,1174178,2003,2017,8,15,0.943700119,0.970589363,0.026889244,0.704364,-1.424879,-4.005047,5.865112,0.006199,-0.062924518,0.067689,0.013918,Family,FALSE,FALSE,FALSE,FALSE
ENG_062_MZB_LO_1976,England,52.36004945,-2.879018126,1173087,2003,2022,13,20,0.999872404,1.025401841,0.025529436,1.65958,0.336614,-3.963079,6.526461,3.172039,-0.041268136,0.012625,0.010019,Family,FALSE,FALSE,FALSE,FALSE
ENG_062_MZB_LO_1978,England,53.19713005,-1.187602211,1174178,2003,2024,7,22,0.684656209,0.691379808,0.006723599,-0.204978,0.061477,0.352229,-2.856775,0.286927,-0.004073024,0.068544,0.002517,Family,FALSE,FALSE,FALSE,FALSE
ENG_062_MZB_LO_1981,England,53.08000562,-1.33780726,1174178,2002,2023,10,22,0.597484614,0.636274058,0.038789443,0.480773,-1.019985,-2.512033,2.703662,1.502023,-0.019603662,0.014006,0.011419,Family,FALSE,FALSE,FALSE,FALSE
ENG_062_MZB_LO_1987,England,52.98497373,-1.483655904,1174178,2005,2024,11,20,1.006936232,1.002591668,-0.004344564,0.819212,0.553903,1.112344,2.557601,1.660873,0.070226936,0.004201,0.007638,Family,FALSE,FALSE,FALSE,FALSE
ENG_062_MZB_LO_1989,England,52.56505803,-1.28001666,1174178,2002,2018,7,17,0.5677943,0.625636057,0.057841757,1.189483,1.206411,-0.801082,-0.643147,1.692879,0.031475052,0.025843,0.003617,Family,FALSE,FALSE,FALSE,FALSE
ENG_062_MZB_LO_1995,England,53.14889336,-0.762109898,1174178,2002,2017,7,16,0.841131952,0.850912502,0.00978055,-1.172665,-1.473369,-4.396281,2.092574,-2.048637,-0.042910643,0.057544,0.018305,Family,FALSE,FALSE,FALSE,FALSE
ENG_062_MZB_LO_1996,England,52.89234678,-0.964254668,1174178,2002,2024,9,23,0.980716119,0.968407172,-0.012308948,-1.597324,-0.55033,-1.450755,-3.956023,-2.82561,-0.005566414,0.020541,0.003833,Family,FALSE,FALSE,FALSE,FALSE
ENG_062_MZB_LO_1997,England,52.78090681,-1.971161134,1174178,2002,2018,10,17,0.789133983,0.929937623,0.14080364,1.267032,-1.066644,0.700964,-7.266544,-4.41546,-0.023128309,0.006718,0.008004,Family,FALSE,FALSE,FALSE,FALSE
ENG_062_MZB_LO_1998,England,52.47943063,-3.003651826,1173087,2002,2023,8,22,0.859160271,0.858136744,-0.001023527,-0.864251,0.418146,0.614892,-5.503496,-1.625285,-0.00926741,0.029834,0.002528,Family,FALSE,FALSE,FALSE,FALSE
ENG_062_MZB_LO_1999,England,52.50316268,-1.70790463,1174178,2004,2014,9,11,0.769651777,0.816310118,0.046658341,3.826378,0.970177,-4.173405,13.674212,7.971589,-0.027857893,0.021684,0.004263,Family,FALSE,FALSE,FALSE,FALSE
ENG_062_MZB_LO_2000,England,52.61568784,-2.442423177,1173087,2004,2022,15,19,0.919447192,1.010809425,0.091362234,0.318953,0.568321,2.001653,-1.275802,0.410387,-0.032006559,0.050252,0.008022,Family,FALSE,FALSE,FALSE,FALSE
ENG_062_MZB_LO_2002,England,52.39120847,-1.219583442,1173087,2002,2018,7,17,0.835839497,0.947773311,0.111933815,0.36918,-0.424483,-1.307264,-0.189695,0.175095,0.048404375,0.054989,0.007769,Family,FALSE,FALSE,FALSE,FALSE
ENG_062_MZB_LO_2003,England,52.70009426,-1.613410685,1174178,2002,2023,18,22,0.85563002,0.992229445,0.136599425,-0.389917,-0.875248,-1.74795,3.634107,-0.40014,0.008889372,0.044127,0.002687,Family,FALSE,FALSE,FALSE,FALSE
ENG_062_MZB_LO_2004,England,52.99938835,-1.759659784,1174178,2004,2021,16,18,0.983608073,1.02479782,0.041189747,-1.532669,0.354687,0.85937,-7.065244,-3.186965,-0.006365487,0.015302,0.0028,Family,FALSE,FALSE,FALSE,FALSE
ENG_062_MZB_LO_2006,England,52.84178431,-1.603946359,1174178,2002,2020,16,19,1.063247811,1.030985237,-0.032262574,2.165654,1.904659,1.08639,-2.267523,4.567788,-0.007782616,0.019118,0.008452,Family,FALSE,FALSE,FALSE,FALSE
ENG_062_MZB_LO_2009,England,52.42277006,-1.25527605,1173087,2002,2013,7,12,0.846156299,0.743139583,-0.103016716,-4.855212,-2.087367,-4.964576,-12.003356,-8.066695,0.12367192,0.100965,0.032584,Family,FALSE,FALSE,FALSE,FALSE
ENG_062_MZB_LO_2016,England,52.7229202,-1.723230782,1174178,2003,2018,12,16,0.73733788,0.90265964,0.165321759,-1.177003,-0.897834,0.803534,-6.491652,-3.197254,-0.073974312,0.082443,0.017287,Family,FALSE,FALSE,FALSE,FALSE
ENG_062_MZB_LO_2018,England,53.06619129,-2.028310708,1174178,2003,2021,19,19,0.887696045,0.900155566,0.012459521,-0.891145,-0.400531,-0.759253,0.154889,-1.542075,-0.032765287,0.057104,0.009673,Family,FALSE,FALSE,FALSE,FALSE
ENG_062_MZB_LO_2022,England,53.00341965,-0.977529514,1174178,2002,2023,21,22,1.050009431,1.064094561,0.01408513,-0.719624,-0.05588,-0.672182,-2.318147,-1.368328,0.00502765,0.013775,0.006842,Family,FALSE,FALSE,FALSE,FALSE
ENG_062_MZB_LO_2024,England,53.24828183,-1.092096678,1174178,2002,2015,9,14,0.757119136,0.692080425,-0.065038712,0.455634,-1.056141,-5.987142,8.193277,1.512037,0.012403172,0.058191,0.015009,Family,FALSE,FALSE,FALSE,FALSE
ENG_062_MZB_LO_2025,England,52.97293756,-0.911771468,1174178,2002,2014,9,13,0.771178312,0.759385759,-0.011792554,-4.138515,-2.341493,-0.318516,-4.589625,-7.61452,0.074453929,0.048768,0.018609,Family,FALSE,FALSE,FALSE,FALSE
ENG_062_MZB_LO_2028,England,51.99082412,-2.350485952,1173087,2005,2021,17,17,1.03332642,1.027209004,-0.006117416,1.475386,-0.389653,-0.042187,6.59771,2.996384,-0.072844945,0.040883,0.015689,Family,FALSE,FALSE,FALSE,FALSE
ENG_062_MZB_LO_2031,England,52.80702302,-1.623679923,1174178,2003,2014,8,12,0.751116127,0.833241523,0.082125396,-0.003577,-3.225765,-3.746768,5.883835,0.430188,-0.087041101,0.103808,0.025252,Family,FALSE,FALSE,FALSE,FALSE
ENG_062_MZB_LO_2032,England,52.26389647,-1.977002069,1173087,2002,2015,7,14,0.766317242,0.876156505,0.109839263,3.096081,0.229627,1.367048,9.065558,5.837658,0.01905837,0.106636,0.003042,Family,FALSE,FALSE,FALSE,FALSE
ENG_062_MZB_LO_2034,England,52.89431211,-2.5096498,1173087,2004,2024,20,21,1.001627017,0.887126048,-0.114500969,-3.941843,1.184258,2.023633,-13.030157,-7.830384,0.072406565,0.082252,0.01498,Family,FALSE,FALSE,FALSE,FALSE
ENG_062_MZB_LO_2036,England,53.06652055,-1.462565634,1174178,2003,2024,17,22,0.811599683,0.923271054,0.111671371,-0.109061,0.898026,-0.253639,-3.340947,-0.279463,-0.0372624,0.034955,0.001592,Family,FALSE,FALSE,FALSE,FALSE
ENG_062_MZB_LO_2037,England,53.40712762,-1.191086174,1174178,2002,2023,8,22,0.581759103,0.559659523,-0.02209958,0.718387,2.142285,6.468689,-5.724931,2.447089,-0.017241382,0.043187,0.015913,Family,FALSE,FALSE,FALSE,FALSE
ENG_062_MZB_LO_2038,England,53.00051618,-1.195318298,1174178,2002,2023,7,22,0.809286172,0.981190989,0.171904817,-0.589844,1.042211,0.236815,-9.649086,-0.981424,0.004953551,0.001,0.003466,Family,FALSE,FALSE,FALSE,FALSE
ENG_062_MZB_LO_2039,England,53.06399127,-1.440362503,1174178,2002,2024,9,23,0.879281233,0.933670399,0.054389166,-1.467649,-1.370031,-2.572294,-2.825516,-3.125126,-0.014367145,0.068409,0.012497,Family,FALSE,FALSE,FALSE,FALSE
ENG_062_MZB_LO_2040,England,53.01939722,-2.159940684,1174178,2002,2016,7,15,0.697234019,0.833495772,0.136261752,-0.388745,0.478739,1.00218,-4.285156,-0.665107,-0.00042327,0.034505,0.006048,Family,FALSE,FALSE,FALSE,FALSE
ENG_062_MZB_LO_2041,England,52.35898009,-2.945325657,1173087,2011,2023,8,13,0.921531308,0.804753041,-0.116778267,-8.351952,-0.006556,0.951922,-16.255283,1.057491,0.050901296,0.047631,0.016872,Family,FALSE,FALSE,FALSE,FALSE
ENG_062_MZB_LO_2043,England,52.24939821,-1.390013501,1173087,2002,2018,7,17,0.905404039,1.02851257,0.123108531,2.615777,2.931461,4.008243,0.404759,4.730174,-0.07119085,0.046469,0.008462,Family,FALSE,FALSE,FALSE,FALSE
ENG_062_MZB_LO_2044,England,52.97304453,-1.076472408,1174178,2002,2016,7,15,0.680383776,0.830029631,0.149645856,2.302819,3.559849,2.066326,-9.781355,5.259487,-0.007762662,0.119037,0.023798,Family,FALSE,FALSE,FALSE,FALSE
ENG_062_MZB_LO_2045,England,52.6307604,-2.534798559,1173087,2002,2016,8,15,0.847503732,1.003716112,0.15621238,-1.368454,-0.739142,4.960082,-2.673255,-2.169311,0.04186062,0.029051,0.017843,Family,FALSE,FALSE,FALSE,FALSE
ENG_062_MZB_LO_2047,England,52.89765654,-1.809323162,1174178,2003,2015,7,13,1.014906878,1.063538283,0.048631404,-4.303336,-3.848745,-8.196577,-7.750844,-6.638007,0.045183745,0.024145,0.005594,Family,FALSE,FALSE,FALSE,FALSE
ENG_062_MZB_LO_2048,England,52.46584417,-2.991095394,1173087,2003,2017,7,15,0.841942852,0.921249697,0.079306845,-0.371759,2.784594,9.601469,-5.451081,0.575146,-0.055352966,0.048715,0.013059,Family,FALSE,FALSE,FALSE,FALSE
ENG_062_MZB_LO_2052,England,52.54166527,-2.195775977,1173087,2003,2021,17,19,0.659093433,0.743820044,0.084726611,1.084544,0.101188,0.42936,5.701422,2.516827,-0.017493177,0.090118,0.021831,Family,FALSE,FALSE,FALSE,FALSE
ENG_062_MZB_LO_2053,England,52.38899083,-1.370871321,1173087,2003,2018,7,16,0.850060145,1.002250405,0.15219026,1.458778,1.111703,0.759659,0.927828,3.036301,0.084642004,0.073,0.013803,Family,FALSE,FALSE,FALSE,FALSE
ENG_062_MZB_LO_2054,England,51.93024422,-2.379378898,1173087,2005,2019,13,15,1.096831377,0.922507196,-0.174324181,1.336459,2.341468,4.25812,-2.937203,2.93342,-0.008758938,0.052462,0.001559,Family,FALSE,FALSE,FALSE,FALSE
ENG_062_MZB_LO_2055,England,52.41603687,-2.161431667,1173087,2003,2021,17,19,0.747397424,0.638527281,-0.108870144,2.399827,4.749436,3.73555,5.518372,5.311847,-0.009024821,0.070757,0.043647,Family,FALSE,FALSE,FALSE,FALSE
ENG_062_MZB_LO_2056,England,52.29223625,-1.995226727,1173087,2008,2021,14,14,0.908155865,0.868743878,-0.039411987,-2.682091,1.110018,1.668419,-4.464841,-5.509341,0.044676974,0.021569,0.004129,Family,FALSE,FALSE,FALSE,FALSE
ENG_062_MZB_LO_2060,England,52.90146391,-1.383925248,1174178,2003,2016,9,14,0.857345114,1.003234283,0.145889169,1.775023,-0.184721,-3.767035,3.5475,3.709528,-0.016985958,0.041701,0.001904,Family,FALSE,FALSE,FALSE,FALSE
ENG_062_MZB_LO_2064,England,53.33548696,-0.943644742,1174178,2002,2015,10,14,1.02844527,0.995284661,-0.033160609,0.573979,-0.350778,-2.304604,8.851199,0.785233,-0.067039951,0.057368,0.014164,Family,FALSE,FALSE,FALSE,FALSE
ENG_062_MZB_LO_2065,England,52.50575429,-1.691062425,1174178,2003,2014,11,12,0.781561437,0.933931847,0.15237041,0.401423,-0.801353,-3.702356,4.424956,2.022154,0.196222892,0.167402,0.04002,Family,FALSE,FALSE,FALSE,FALSE
ENG_062_MZB_LO_2066,England,53.3814563,-1.077106357,1174178,2004,2024,18,21,0.884275059,0.945060034,0.060784974,1.912895,0.792132,1.127394,5.746068,3.595976,-0.043001952,0.009712,0.006946,Family,FALSE,FALSE,FALSE,FALSE
ENG_062_MZB_LO_2067,England,52.9655223,-1.182344515,1174178,2002,2024,20,23,0.873641363,1.06201121,0.188369847,0.632403,0.539668,-0.726666,-1.689602,0.906289,-0.072135648,0.053213,0.00634,Family,FALSE,FALSE,FALSE,FALSE
ENG_062_MZB_LO_2070,England,52.31789235,-1.370440594,1173087,2002,2021,14,20,0.985254289,1.089315684,0.104061395,-0.205608,0.10689,-0.683372,-0.473038,-1.013527,-0.037733498,0.037749,0.005272,Family,FALSE,FALSE,FALSE,FALSE
ENG_062_MZB_LO_2076,England,52.66137859,-1.113137926,1174178,2002,2014,7,13,0.584250796,0.595798579,0.011547783,-2.52741,0.361997,4.15184,-5.544038,-3.285138,-0.104261276,0.107445,0.032189,Family,FALSE,FALSE,FALSE,FALSE
ENG_062_MZB_LO_2077,England,52.42714513,-2.902941257,1173087,2002,2013,9,12,1.057474882,1.051663879,-0.005811003,1.588324,-0.055908,-0.069051,10.827866,2.1553,0.007897899,0.048065,0.011808,Family,FALSE,FALSE,FALSE,FALSE
ENG_062_MZB_LO_2079,England,53.42739969,-1.014181476,1174178,2003,2024,18,22,0.91736174,0.96523969,0.047877951,0.198814,0.622605,-0.069519,-2.135019,0.2507,0.0106842,0.044797,0.006772,Family,FALSE,FALSE,FALSE,FALSE
ENG_062_MZB_LO_2082,England,53.24576468,-1.623054928,1174178,2002,2024,17,23,1.00456185,0.982212583,-0.022349267,-1.791978,-0.8061,-1.362479,-6.688157,-4.27858,0.015913171,0.069291,0.005072,Family,FALSE,FALSE,FALSE,FALSE
ENG_062_MZB_LO_2083,England,52.24627562,-1.608000042,1173087,2004,2014,7,11,0.925936424,0.98751628,0.061579856,2.938718,0.351455,-2.048912,4.860353,5.424575,-0.169547028,0.082523,0.022434,Family,FALSE,FALSE,FALSE,FALSE
ENG_062_MZB_LO_2086,England,52.7033625,-2.735759713,1173087,2002,2022,19,21,1.010097892,1.090391157,0.080293265,0.666605,-0.145266,-0.059017,3.097401,1.296644,-0.02058624,0.034151,0.004742,Family,FALSE,FALSE,FALSE,FALSE
ENG_062_MZB_LO_2089,England,53.39114158,-0.996192151,1174178,2002,2024,17,23,0.963965834,0.943547869,-0.020417966,-0.620048,-1.715053,-3.626825,4.073526,-1.437071,0.011794807,0.016715,0.007748,Family,FALSE,FALSE,FALSE,FALSE
ENG_062_MZB_LO_2090,England,52.76197509,-2.326790004,1173087,2006,2018,12,13,0.821362775,0.802270613,-0.019092162,-1.620238,0.096408,3.70252,-8.69112,-4.261426,-0.053631035,0.101163,0.013772,Family,FALSE,FALSE,FALSE,FALSE
ENG_062_MZB_LO_2097,England,52.60383356,-1.161374076,1174178,2004,2020,15,17,0.861774595,0.889044331,0.027269737,-0.882688,0.706076,0.196417,-5.470063,-2.026002,-0.014222522,0.024583,0.004029,Family,FALSE,FALSE,FALSE,FALSE
ENG_062_MZB_LO_2098,England,53.50427637,-1.026708859,1174178,2003,2024,20,22,1.003097109,1.015852361,0.012755252,0.090565,0.984529,1.22946,-5.278342,-0.424277,-0.048621026,0.037302,0.00714,Family,FALSE,FALSE,FALSE,FALSE
ENG_062_MZB_LO_2100,England,52.5840391,-1.53177875,1174178,2003,2014,9,12,0.818835897,0.890106532,0.071270636,0.74286,-0.080938,-2.055855,12.568034,1.179271,-0.142371806,0.090676,0.020035,Family,FALSE,FALSE,FALSE,FALSE
ENG_062_MZB_LO_2106,England,53.24962763,-1.874652976,1174178,2002,2024,9,23,0.729667486,0.95122603,0.221558544,1.363986,1.433252,2.411656,-0.15439,3.833578,-0.017172914,0.059911,0.007293,Family,FALSE,FALSE,FALSE,FALSE
ENG_062_MZB_LO_2107,England,52.74046682,-1.473139207,1174178,2002,2022,8,21,0.640709236,0.708799568,0.068090332,1.086952,0.783997,-2.303578,4.491955,2.847353,-0.019227479,0.007139,0.003345,Family,FALSE,FALSE,FALSE,FALSE
ENG_062_MZB_LO_2109,England,53.22330974,-1.709614442,1174178,2003,2024,19,22,1.030427825,1.066234086,0.035806261,-0.73703,0.533061,1.857458,-5.702821,-1.79975,-0.003100572,0.04018,0.001101,Family,FALSE,FALSE,FALSE,FALSE
ENG_062_MZB_LO_2110,England,52.33325404,-2.702362718,1173087,2002,2023,12,22,1.004626289,0.988304806,-0.016321484,1.854984,1.892926,5.054853,0.259451,4.175224,-0.023157384,0.033981,0.00182,Family,FALSE,FALSE,FALSE,FALSE
ENG_062_MZB_LO_2111,England,52.54551757,-2.493490493,1173087,2013,2022,7,10,1.095930273,1.085432607,-0.010497666,-1.134677,-1.721343,-5.552656,1.265047,-2.903815,0.000957372,0.014484,0.012144,Family,FALSE,FALSE,FALSE,FALSE
ENG_062_MZB_LO_2114,England,52.67140396,-1.184720933,1174178,2004,2024,19,21,0.979019354,1.064418729,0.085399375,0.116903,1.390267,2.582026,-6.896465,-0.021853,0.002965568,0.029175,0.008054,Family,FALSE,FALSE,FALSE,FALSE
ENG_062_MZB_LO_2116,England,53.10802746,-1.423045897,1174178,2004,2024,19,21,0.858270063,0.94167585,0.083405787,0.550464,2.305313,3.52672,-7.381221,0.922593,-0.01244265,0.057303,0.010689,Family,FALSE,FALSE,FALSE,FALSE
ENG_062_MZB_LO_2117,England,53.06124236,-1.482521885,1174178,2002,2023,16,22,0.772623298,0.936441743,0.163818445,3.105515,1.05994,-0.264512,3.224436,6.291749,-0.060327538,0.041815,0.013812,Family,FALSE,FALSE,FALSE,FALSE
ENG_062_MZB_LO_2119,England,53.17627776,-1.673799876,1174178,2002,2023,10,22,0.925659554,0.999894511,0.074234957,-0.008702,-0.265152,-1.01909,-1.722077,0.221082,-0.020145801,0.002027,0.001478,Family,FALSE,FALSE,FALSE,FALSE
ENG_062_MZB_LO_2120,England,53.17772816,-1.671679275,1174178,2002,2024,22,23,0.939010257,0.908686028,-0.030324229,-0.790988,1.230664,2.525685,-9.470681,-1.739137,0.036482979,0.010332,0.002089,Family,FALSE,FALSE,FALSE,FALSE
ENG_062_MZB_LO_2124,England,52.95690668,-1.466826648,1174178,2002,2024,19,23,1.045130883,1.046109496,0.000978613,-0.906091,0.168328,-0.160726,-3.424497,-1.435094,0.015366872,0.024189,0.003451,Family,FALSE,FALSE,FALSE,FALSE
ENG_062_MZB_LO_2127,England,52.71467779,-1.559872401,1174178,2002,2014,8,13,0.842776958,0.915045696,0.072268738,3.169598,-1.993501,-4.560754,14.762361,5.898271,-0.111178295,0.075992,0.024735,Family,FALSE,FALSE,FALSE,FALSE
ENG_062_MZB_LO_2130,England,53.28124875,-1.174025021,1174178,2002,2015,7,14,0.587187047,0.658061681,0.070874634,2.566139,3.522418,3.632292,1.774073,2.987593,-0.025759577,0.037274,0.013828,Family,FALSE,FALSE,FALSE,FALSE
ENG_062_MZB_LO_2132,England,53.11213338,-2.032449844,1174178,2002,2023,21,22,0.923945993,0.915063845,-0.008882148,1.203074,-0.259737,-0.97119,3.16979,2.100644,-0.031569525,0.010598,0.004607,Family,FALSE,FALSE,FALSE,FALSE
ENG_062_MZB_LO_2134,England,52.42176959,-1.052656171,1173087,2003,2021,10,19,0.986153783,1.090974903,0.10482112,4.498572,0.423746,-0.205086,11.022256,8.333711,0.044722445,0.046433,0.012342,Family,FALSE,FALSE,FALSE,FALSE
ENG_062_MZB_LO_2135,England,51.94789171,-1.974774801,1173087,2002,2022,7,21,0.993603852,1.069225082,0.07562123,0.285769,0.253691,1.720111,0.718721,0.126208,-0.030495095,0.062722,0.015156,Family,FALSE,FALSE,FALSE,FALSE
ENG_062_MZB_LO_2138,England,52.42060752,-3.031652418,1173087,2003,2022,10,20,0.996898882,1.026421153,0.029522271,1.975431,0.346214,1.336366,4.128335,3.810555,-0.019598798,0.044754,0.008754,Family,FALSE,FALSE,FALSE,FALSE
ENG_062_MZB_LO_2140,England,52.32667245,-1.272664023,1173087,2003,2018,7,16,0.775727415,0.939195878,0.163468463,2.235,1.40857,1.368388,5.941794,4.40658,-0.031095214,0.021128,0.008932,Family,FALSE,FALSE,FALSE,FALSE
ENG_062_MZB_LO_2149,England,52.26567881,-1.773850471,1173087,2002,2016,9,15,1.031828824,1.08399793,0.052169106,-0.618053,0.19428,1.688423,-1.168733,-2.018918,-0.00406982,0.055159,0.002591,Family,FALSE,FALSE,FALSE,FALSE
ENG_062_MZB_LO_2151,England,52.10717524,0.802426345,1174138,2002,2021,7,20,0.935737165,0.959998072,0.024260907,-1.593755,-1.606125,-1.827519,0.556014,-1.947362,0.023544774,0.101484,0.019407,Family,FALSE,FALSE,FALSE,FALSE
ENG_062_MZB_LO_2152,England,52.10349897,0.869228792,1174138,2002,2022,7,21,1.016598685,1.010549098,-0.006049587,-1.384752,-1.14563,-2.920337,-2.08736,-2.484631,0.009279492,0.025597,0.007689,Family,FALSE,FALSE,FALSE,FALSE
ENG_062_MZB_LO_2154,England,51.77375068,0.640407338,1170198,2002,2021,15,20,0.944185656,1.043108482,0.098922826,-0.10088,-0.227889,-0.51121,3.626947,-0.210323,-0.099397994,0.058586,0.009371,Family,FALSE,FALSE,FALSE,FALSE
ENG_062_MZB_LO_2155,England,51.8315018,0.699626293,1170198,2002,2016,9,15,0.960049988,0.969054424,0.009004436,-0.084392,-1.283035,-3.892523,5.010206,1.546172,0.059648494,0.089237,0.018649,Family,FALSE,FALSE,FALSE,FALSE
ENG_062_MZB_LO_2156,England,51.92442258,0.520331315,1170198,2003,2021,12,19,0.883476802,0.995004864,0.111528063,2.581659,0.342425,-0.394912,7.912486,5.309836,-0.056721114,0.052097,0.006555,Family,FALSE,FALSE,FALSE,FALSE
ENG_062_MZB_LO_2157,England,51.95154955,0.470915056,1170198,2002,2017,13,16,1.068348714,1.052254275,-0.016094439,1.290298,-1.236119,-3.972028,9.340156,2.265528,-0.087344472,0.014766,0.006223,Family,FALSE,FALSE,FALSE,FALSE
ENG_062_MZB_LO_2158,England,51.99094453,0.392241337,1170198,2002,2023,10,22,0.737775593,0.784335041,0.046559448,-1.075053,-1.539418,-2.536661,-1.206334,-1.973865,0.001929847,0.038934,0.010036,Family,FALSE,FALSE,FALSE,FALSE
ENG_062_MZB_LO_2159,England,52.04656026,0.690553059,1174138,2002,2020,15,19,1.053128712,1.027858258,-0.025270455,-2.673032,-1.55839,-2.458244,-5.257594,-5.286559,0.043563156,0.035116,0.010434,Family,FALSE,FALSE,FALSE,FALSE
ENG_062_MZB_LO_2160,England,52.0234391,0.635227672,1174138,2012,2023,11,12,0.937516369,1.031606479,0.09409011,1.225021,-2.129673,-4.908281,6.70433,2.992543,-0.027279752,0.151399,0.030012,Family,FALSE,FALSE,FALSE,FALSE
ENG_062_MZB_LO_2161,England,51.80370344,0.636601532,1170198,2002,2018,10,17,0.947015057,1.041181841,0.094166785,-1.036751,0.678976,4.240842,-5.158236,-1.749066,0.02081341,0.057225,0.014923,Family,FALSE,FALSE,FALSE,FALSE
ENG_062_MZB_LO_2165,England,52.04299509,0.823638882,1174138,2002,2023,13,22,0.936442952,1.062514686,0.126071735,1.631744,0.789917,0.941777,-0.599207,2.799208,-0.030028455,0.013564,0.004131,Family,FALSE,FALSE,FALSE,FALSE
ENG_062_MZB_LO_2166,England,51.73784383,0.44663196,1170198,2002,2023,19,22,1.001610843,1.055085601,0.053474758,0.336629,-0.461911,-0.779159,2.822076,0.893636,-0.009323469,0.038028,0.005003,Family,FALSE,FALSE,FALSE,FALSE
ENG_062_MZB_LO_2170,England,51.73643704,0.47943509,1170198,2002,2014,7,13,0.837902103,0.88492566,0.047023557,-1.833347,-2.337328,-2.615315,4.079715,-4.897308,-0.061743157,0.063915,0.009557,Family,FALSE,FALSE,FALSE,FALSE
ENG_062_MZB_LO_2171,England,51.84463233,0.422949067,1170198,2002,2021,15,20,1.005343501,1.060284646,0.054941146,0.682968,-0.453564,-0.189138,6.283075,1.243889,-0.088117578,0.037865,0.011832,Family,FALSE,FALSE,FALSE,FALSE
ENG_062_MZB_LO_2172,England,51.86177827,0.375939282,1170198,2002,2014,7,13,0.92663764,1.04558088,0.11894324,0.523621,0.282199,-3.209205,-0.526235,1.08587,-0.068700246,0.056259,0.012514,Family,FALSE,FALSE,FALSE,FALSE
ENG_062_MZB_LO_2173,England,51.89580176,0.338488641,1170198,2002,2014,9,13,0.918641114,0.923147954,0.00450684,-4.078222,-2.827547,-4.591761,-7.938807,-7.083949,0.015554922,0.095097,0.025603,Family,FALSE,FALSE,FALSE,FALSE
ENG_062_MZB_LO_2175,England,51.89448642,0.865625194,1173778,2002,2023,22,22,0.932555554,0.968054847,0.035499293,-0.563736,-1.133778,-2.043449,3.105216,-1.102396,-0.019990536,0.004858,0.007474,Family,FALSE,FALSE,FALSE,FALSE
ENG_062_MZB_LO_2176,England,51.92751394,0.713374364,1173778,2002,2017,10,16,0.857041022,1.006979225,0.149938202,-0.585037,0.004613,-0.785694,-1.256354,-1.150719,0.012451201,0.058723,0.006637,Family,FALSE,FALSE,FALSE,FALSE
ENG_062_MZB_LO_2177,England,51.93675287,0.654876592,1173778,2004,2019,13,16,0.922610085,0.973197767,0.050587681,0.790371,1.097877,0.632496,-1.894453,1.135026,-0.052124914,0.074289,0.018556,Family,FALSE,FALSE,FALSE,FALSE
ENG_062_MZB_LO_2179,England,51.989533,0.58662329,1173778,2002,2023,16,22,0.845152837,0.923889707,0.07873687,-0.105059,0.07246,-0.597212,-2.966621,-1.015485,-0.028080852,0.062452,0.004507,Family,FALSE,FALSE,FALSE,FALSE
ENG_062_MZB_LO_2180,England,52.01012049,0.566388075,1173778,2002,2023,15,22,0.896749963,0.912647708,0.015897744,-1.694814,-3.110705,-5.216007,2.151675,-3.198554,0.041992464,0.069916,0.009686,Family,FALSE,FALSE,FALSE,FALSE
ENG_062_MZB_LO_2181,England,52.01612149,0.563379305,1173778,2004,2023,14,20,0.809890925,0.886772929,0.076882004,1.896367,2.716712,4.551929,-6.708144,3.711514,-0.008342936,0.054934,0.013945,Family,FALSE,FALSE,FALSE,FALSE
ENG_062_MZB_LO_2183,England,51.61190281,0.486800089,1173474,2003,2016,10,14,0.717067151,0.736836204,0.019769052,1.029635,1.286179,1.407075,-1.717978,2.429313,-0.055953103,0.052295,0.015019,Family,FALSE,FALSE,FALSE,FALSE
ENG_062_MZB_LO_2186,England,51.84648364,1.162875231,1171686,2002,2017,15,16,0.755778747,0.761488192,0.005709445,-1.752497,-1.495516,-3.262441,-2.371907,-4.37505,-0.132533422,0.081715,0.003637,Family,FALSE,FALSE,FALSE,FALSE
ENG_062_MZB_LO_2188,England,51.49989099,0.299431888,1172947,2002,2018,10,17,0.8416574,0.905723944,0.064066544,2.458482,3.169471,3.855497,-8.695959,4.804662,-0.001752805,0.080739,0.010965,Family,FALSE,FALSE,FALSE,FALSE
ENG_062_MZB_LO_2190,England,51.54161258,0.33167665,1172947,2004,2018,9,15,0.946113242,1.010539203,0.064425961,0.450634,2.78826,5.5861,-11.654434,1.860185,0.031179537,0.131229,0.04103,Family,FALSE,FALSE,FALSE,FALSE
ENG_062_MZB_LO_2193,England,51.57791981,0.697992046,1173473,2003,2015,9,13,0.707533729,0.765016632,0.057482903,1.479636,0.214332,-4.296625,3.444446,2.521084,-0.007484691,0.080057,0.008157,Family,FALSE,FALSE,FALSE,FALSE
ENG_062_MZB_LO_2194,England,51.8478873,0.880814072,1173778,2002,2013,7,12,0.815661349,1.046385064,0.230723716,-2.557984,-6.560116,-8.707211,17.252941,-4.154919,-0.002418913,0.191837,0.051324,Family,FALSE,FALSE,FALSE,FALSE
ENG_062_MZB_LO_2195,England,51.88192271,0.808584975,1173778,2002,2019,15,18,0.960516564,1.093929965,0.133413401,-1.339822,-0.10339,-1.119798,-1.212824,-3.219185,0.017594141,0.073271,0.012197,Family,FALSE,FALSE,FALSE,FALSE
ENG_062_MZB_LO_2198,England,51.71506243,0.53284622,1170198,2002,2015,8,14,0.887449308,0.899532505,0.012083197,-1.599555,-2.397809,-3.796992,-1.007289,-2.447357,0.099350199,0.076481,0.010948,Family,FALSE,FALSE,FALSE,FALSE
ENG_062_MZB_LO_2199,England,51.71491084,0.531534737,1170198,2002,2023,18,22,0.903639164,0.971331429,0.067692266,0.66214,1.451108,1.726371,-4.695881,1.575111,-0.04472826,0.024942,0.001989,Family,FALSE,FALSE,FALSE,FALSE
ENG_062_MZB_LO_2201,England,51.96732516,0.971174058,1174138,2002,2021,15,20,0.997693448,0.945039899,-0.052653549,-0.61999,0.115555,0.326063,-3.748961,-1.968929,-0.007960813,0.053364,0.000417,Family,FALSE,FALSE,FALSE,FALSE
ENG_062_MZB_LO_2204,England,52.07224759,0.70771265,1174138,2002,2014,12,13,1.028476885,1.072597977,0.044121092,1.242997,1.589164,2.930836,-1.950235,2.505018,-0.026778361,0.026518,0.001174,Family,FALSE,FALSE,FALSE,FALSE
ENG_062_MZB_LO_2206,England,52.05729802,0.488419501,1174138,2002,2015,10,14,0.862157151,0.8777488,0.015591649,-2.219043,-0.63749,-0.922107,-4.985541,-4.836098,-0.020748775,0.048274,0.003415,Family,FALSE,FALSE,FALSE,FALSE
ENG_062_MZB_LO_2207,England,52.06835308,0.475902111,1174138,2002,2021,9,20,0.809986734,0.927249176,0.117262442,-1.596987,2.251616,6.207092,-10.095106,-2.928836,-0.007759336,0.060636,0.024407,Family,FALSE,FALSE,FALSE,FALSE
ENG_062_MZB_LO_2208,England,52.09456151,0.486843675,1174138,2002,2019,14,18,0.905666961,0.985973095,0.080306134,2.578214,-0.853427,-3.323305,7.512002,4.848302,0.015227629,0.088304,0.020059,Family,FALSE,FALSE,FALSE,FALSE
ENG_062_MZB_LO_2209,England,52.15211097,0.448386151,1174138,2002,2021,8,20,0.973606864,1.036046035,0.062439171,-1.388973,0.341908,0.857298,-5.619985,-2.282956,-0.033828382,0.054586,0.007181,Family,FALSE,FALSE,FALSE,FALSE
ENG_062_MZB_LO_2210,England,51.76641007,0.590798864,1170198,2002,2017,15,16,1.039113985,1.010918496,-0.028195488,-2.969216,-2.487802,-3.254784,-4.668021,-5.540879,0.090965647,0.064439,0.0052,Family,FALSE,FALSE,FALSE,FALSE
ENG_062_MZB_LO_2214,England,51.64203235,0.378162584,1170198,2002,2018,7,17,0.811213693,0.910264963,0.099051269,0.415236,1.755613,2.335831,-6.590763,-0.283076,-0.068993143,0.072645,0.018192,Family,FALSE,FALSE,FALSE,FALSE
ENG_062_MZB_LO_2217,England,52.23907384,1.417666856,1173491,2003,2017,7,15,0.90953691,1.016214578,0.106677668,0.278264,0.852712,2.610783,-4.251174,-0.235994,-0.008493689,0.095433,0.023004,Family,FALSE,FALSE,FALSE,FALSE
ENG_062_MZB_LO_2221,England,52.79213877,1.451391321,1173269,2004,2019,14,16,1.065932202,1.057112623,-0.008819579,-0.41868,0.122101,0.513825,-0.063582,-1.297583,-0.037507743,0.029913,0.000952,Family,FALSE,FALSE,FALSE,FALSE
ENG_062_MZB_LO_2226,England,52.33738547,1.530675159,1173268,2002,2023,21,22,1.008003532,0.853957964,-0.154045568,0.226542,0.584106,1.026541,-0.794383,-0.003299,-0.010490443,0.062935,0.01207,Family,FALSE,FALSE,FALSE,FALSE
ENG_062_MZB_LO_2227,England,52.31556746,1.568269806,1173268,2004,2015,7,12,1.021627576,0.855765352,-0.165862224,0.715329,0.402631,-4.409402,0.591994,4.736035,0.006341222,0.083558,0.018016,Family,FALSE,FALSE,FALSE,FALSE
ENG_062_MZB_LO_2228,England,52.95007905,0.740339848,1174152,2002,2023,21,22,0.843702984,0.963303408,0.119600424,0.865235,0.957875,3.10605,-1.954445,1.59088,-0.048301815,0.013085,0.007856,Family,FALSE,FALSE,FALSE,FALSE
ENG_062_MZB_LO_2237,England,52.21045347,1.220156218,1173262,2002,2017,7,16,0.884495972,0.907874266,0.023378294,0.795466,0.247308,-0.452288,1.499841,1.087453,-0.001795371,0.053621,0.004861,Family,FALSE,FALSE,FALSE,FALSE
ENG_062_MZB_LO_2238,England,52.1937056,1.273095652,1173262,2002,2018,15,17,0.897329819,0.997317969,0.09998815,1.717895,1.205892,0.654323,5.76174,3.24385,-0.048644605,0.021701,0.005123,Family,FALSE,FALSE,FALSE,FALSE
ENG_062_MZB_LO_2243,England,52.31987877,1.154716373,1173269,2002,2023,12,22,1.040725021,1.054937221,0.0142122,-0.117629,0.031032,0.142131,-0.053482,-0.908493,-0.003117304,0.059508,0.011046,Family,FALSE,FALSE,FALSE,FALSE
ENG_062_MZB_LO_2246,England,52.19643914,1.491382137,1173491,2003,2014,7,12,1.017935206,0.917115851,-0.100819356,1.589811,0.233815,0.561038,3.785181,3.889892,0.000232993,0.025556,0.01623,Family,FALSE,FALSE,FALSE,FALSE
ENG_062_MZB_LO_2254,England,52.17721965,1.014408356,1174142,2002,2021,16,20,0.989350112,0.922307832,-0.06704228,-0.322144,0.363803,0.654853,-4.10956,-0.555461,-0.032180533,0.031644,0.001114,Family,FALSE,FALSE,FALSE,FALSE
ENG_062_MZB_LO_2256,England,52.06351098,1.098667173,1174142,2002,2017,10,16,1.066233742,0.945502689,-0.120731053,-0.231313,-0.220974,-1.34566,-0.4834,-1.435674,-0.013491158,0.016131,0.007427,Family,FALSE,FALSE,FALSE,FALSE
ENG_062_MZB_LO_2264,England,52.87187756,1.430968536,1146997,2003,2018,15,16,0.985504816,1.051523056,0.066018241,-4.100513,-2.068392,-0.030152,-2.210769,-7.20161,0.05199845,0.065363,0.013714,Family,FALSE,FALSE,FALSE,FALSE
ENG_062_MZB_LO_2265,England,52.10926872,1.456060525,1173785,2003,2021,9,19,1.083716513,1.016321955,-0.067394558,0.271669,3.130062,6.369409,-5.223567,0.017686,-0.01610302,0.052066,0.013317,Family,FALSE,FALSE,FALSE,FALSE
ENG_062_MZB_LO_2271,England,52.56969621,1.104727251,1173269,2002,2023,15,22,0.960461706,1.028075067,0.067613361,1.158474,-0.003638,0.308075,4.241417,2.58212,-0.001541157,0.016822,0.000845,Family,FALSE,FALSE,FALSE,FALSE
ENG_062_MZB_LO_2274,England,52.3782003,1.067760796,1173269,2002,2015,7,14,0.790799943,0.790132395,-0.000667548,0.755547,-1.146168,-4.991389,2.773455,-0.271885,0.023682229,0.084946,0.023096,Family,FALSE,FALSE,FALSE,FALSE
ENG_062_MZB_LO_2275,England,52.3913351,1.115711507,1173269,2004,2018,7,15,0.860823245,0.782976121,-0.077847124,-1.279494,-0.5034,-2.403703,0.046784,-3.539751,-0.054323903,0.092192,0.018556,Family,FALSE,FALSE,FALSE,FALSE
ENG_062_MZB_LO_2276,England,52.3598742,1.182538413,1173269,2002,2021,18,20,0.95601278,0.826758756,-0.129254023,-0.623374,-1.343153,-1.555196,1.338314,-2.336983,0.003296481,0.0641,0.002831,Family,FALSE,FALSE,FALSE,FALSE
ENG_062_MZB_LO_2277,England,52.38341876,1.275359975,1173269,2002,2020,9,19,1.094086786,1.01502243,-0.079064357,-0.275294,-0.016809,-1.230565,-3.002944,-1.518849,-0.001619641,0.033708,0.008412,Family,FALSE,FALSE,FALSE,FALSE
ENG_062_MZB_LO_2279,England,52.41254063,1.327525362,1173269,2003,2023,7,21,0.939088265,0.866289212,-0.072799053,1.1908,0.064343,-0.261642,5.032186,2.499246,-0.027864247,0.028112,0.002249,Family,FALSE,FALSE,FALSE,FALSE
ENG_062_MZB_LO_2281,England,52.38091712,1.135552877,1173269,2002,2022,7,21,0.935952171,0.877302395,-0.058649776,-1.527323,-0.049937,-0.590684,-7.572362,-2.88478,0.00466116,0.054554,0.010757,Family,FALSE,FALSE,FALSE,FALSE
ENG_062_MZB_LO_2291,England,52.64680123,1.247698584,1173269,2002,2023,8,22,1.011753079,1.086181021,0.074427942,-1.433176,-1.654876,-2.182571,2.693713,-2.966472,-0.032863425,0.036631,0.011292,Family,FALSE,FALSE,FALSE,FALSE
ENG_062_MZB_LO_2292,England,52.34393008,1.611675398,1173268,2004,2021,12,18,0.982543663,1.087255369,0.104711706,-0.403881,0.23791,0.71891,-0.713168,-0.85334,0.013745171,0.083069,0.019226,Family,FALSE,FALSE,FALSE,FALSE
ENG_062_MZB_LO_2294,England,52.6359968,1.079858485,1173269,2002,2019,10,18,1.019151429,1.052360501,0.033209072,0.603041,-0.858328,-2.43177,4.913536,0.67255,-0.066081994,0.019022,0.01153,Family,FALSE,FALSE,FALSE,FALSE
ENG_062_MZB_LO_2299,England,52.97590535,-0.501821202,1171036,2007,2022,11,16,0.83537058,0.870592559,0.035221979,-0.68114,-2.228341,-2.738802,7.744068,0.01857,-0.01193838,0.062983,0.012658,Family,FALSE,FALSE,FALSE,FALSE
ENG_062_MZB_LO_2300,England,53.37251495,-0.450308985,1174178,2006,2017,12,12,0.879113511,0.91042443,0.031310919,0.011472,-0.564357,-0.458859,1.802254,-1.622729,0.0415035,0.03107,0.007247,Family,FALSE,FALSE,FALSE,FALSE
ENG_062_MZB_LO_2301,England,53.40665918,-0.449068779,1174178,2002,2022,18,21,0.817147691,0.862188827,0.045041136,0.399715,-1.746059,-4.38521,5.7346,0.482599,0.003978884,0.048075,0.010069,Family,FALSE,FALSE,FALSE,FALSE
ENG_062_MZB_LO_2302,England,53.46000114,-0.472732553,1174178,2002,2022,15,21,0.897060802,0.841889693,-0.055171108,-0.564591,-1.52357,-3.512339,2.001205,-1.465653,-0.025959829,0.042343,0.007365,Family,FALSE,FALSE,FALSE,FALSE
ENG_062_MZB_LO_2303,England,53.51328116,-0.491931426,1174178,2002,2024,20,23,0.952852583,0.852222151,-0.100630432,-0.22203,-0.823625,-2.870576,1.590908,-0.285619,0.038169632,0.058337,0.014274,Family,FALSE,FALSE,FALSE,FALSE
ENG_062_MZB_LO_2304,England,53.59450673,-0.517751352,1174178,2002,2022,18,21,1.057460436,0.989347796,-0.06811264,-0.343282,0.001535,1.528182,-0.636726,-0.170227,0.036743966,0.072602,0.01764,Family,FALSE,FALSE,FALSE,FALSE
ENG_062_MZB_LO_2305,England,53.65846861,-0.529128563,1174178,2002,2024,19,23,0.860485106,0.855864414,-0.004620692,0.026527,-1.530777,-2.765593,2.873569,-0.104918,0.030371016,0.025781,0.004106,Family,FALSE,FALSE,FALSE,FALSE
ENG_062_MZB_LO_2306,England,53.57436128,-0.488249323,1174178,2002,2020,15,19,0.828077253,0.882294256,0.054217003,4.261776,3.81666,3.540548,6.00057,5.746663,-0.037217146,0.100705,0.015389,Family,FALSE,FALSE,FALSE,FALSE
ENG_062_MZB_LO_2307,England,53.04188541,-0.320807101,1171036,2002,2018,7,17,0.881677827,0.96090743,0.079229604,-1.874422,-0.163651,-0.981079,-8.469133,-4.543484,-0.027937236,0.089174,0.011619,Family,FALSE,FALSE,FALSE,FALSE
ENG_062_MZB_LO_2309,England,53.25129311,-0.150884358,1171036,2002,2023,19,22,0.91296359,1.025169742,0.112206152,-1.129881,-0.906214,-1.555036,-0.681615,-1.97879,0.031692515,0.041601,0.008542,Family,FALSE,FALSE,FALSE,FALSE
ENG_062_MZB_LO_2310,England,53.19506474,-0.113903254,1171036,2002,2020,17,19,0.80363427,0.988267767,0.184633496,0.192195,-0.053804,-1.305318,2.12459,1.264384,-0.058924146,0.047022,0.015471,Family,FALSE,FALSE,FALSE,FALSE
ENG_062_MZB_LO_2311,England,53.17650455,-0.134169774,1171036,2002,2020,16,19,0.788908395,0.888843328,0.099934934,-1.324142,-1.285606,-2.780106,-0.57914,-2.109216,0.050337985,0.074837,0.012233,Family,FALSE,FALSE,FALSE,FALSE
ENG_062_MZB_LO_2312,England,53.09283504,-0.188567902,1171036,2002,2020,14,19,0.773360694,0.799858443,0.026497749,0.930236,-0.398275,-0.629073,5.511199,1.653701,-0.037698108,0.009904,0.002365,Family,FALSE,FALSE,FALSE,FALSE
ENG_062_MZB_LO_2313,England,53.32006664,-0.426686779,1171036,2002,2020,18,19,0.960444721,0.972032927,0.011588207,0.837301,0.506014,-0.524347,-1.409823,2.003204,0.020013291,0.055581,0.017131,Family,FALSE,FALSE,FALSE,FALSE
ENG_062_MZB_LO_2314,England,53.276619,-0.404285086,1171036,2002,2023,21,22,0.853791957,0.852584362,-0.001207594,1.019313,-0.874375,-1.48086,5.086141,2.07728,-0.018981402,0.007697,0.010676,Family,FALSE,FALSE,FALSE,FALSE
ENG_062_MZB_LO_2315,England,53.39971092,-0.547795891,1174178,2006,2017,12,12,0.697085626,0.677533697,-0.019551929,-3.284911,-5.628728,-10.167792,9.938029,-6.198116,-0.031456137,0.013265,0.001531,Family,FALSE,FALSE,FALSE,FALSE
ENG_062_MZB_LO_2316,England,53.03681623,-0.639847269,1174178,2002,2020,17,19,0.956825471,0.98865606,0.031830589,0.953152,0.721508,0.953835,2.338666,2.261532,-0.058279621,0.024044,0.014788,Family,FALSE,FALSE,FALSE,FALSE
ENG_062_MZB_LO_2317,England,53.15121507,-0.582402867,1174178,2002,2020,18,19,0.957075777,0.909021035,-0.048054742,0.414888,1.549082,1.457885,-2.552491,0.807748,0.00354469,0.078557,0.019667,Family,FALSE,FALSE,FALSE,FALSE
ENG_062_MZB_LO_2318,England,53.07970231,-0.272726102,1171036,2002,2015,9,14,0.988596867,0.910546783,-0.078050084,-0.976861,-1.121603,1.208373,1.128699,-2.395896,0.002851162,0.078036,0.005351,Family,FALSE,FALSE,FALSE,FALSE
ENG_062_MZB_LO_2319,England,53.53894669,-0.041491313,1165480,2002,2016,9,15,0.764256188,0.838341705,0.074085517,-3.22936,-1.035373,-2.436489,-6.487604,-6.861107,-0.000906711,0.081186,0.018954,Family,FALSE,FALSE,FALSE,FALSE
ENG_062_MZB_LO_2320,England,53.22111604,0.201814768,1167618,2002,2023,20,22,0.833960317,1.039172929,0.205212612,-1.029896,-2.223821,-6.328943,3.662203,-2.157729,-0.005341933,0.04873,0.018563,Family,FALSE,FALSE,FALSE,FALSE
ENG_062_MZB_LO_2321,England,53.47787482,-0.464556402,1174178,2002,2020,16,19,0.929450536,0.87963378,-0.049816756,-0.948096,-1.624666,-3.462681,4.142754,-3.219047,-0.052580807,0.064756,0.013529,Family,FALSE,FALSE,FALSE,FALSE
ENG_062_MZB_LO_2322,England,52.82126769,-0.658455557,1174178,2013,2024,9,12,0.697595756,0.787926042,0.090330287,-2.745528,-3.85209,-6.242017,7.626641,-4.45234,-0.053731243,0.138914,0.022843,Family,FALSE,FALSE,FALSE,FALSE
ENG_062_MZB_LO_2323,England,52.84940949,-0.634229967,1174178,2003,2023,21,21,1.018914243,1.061160717,0.042246473,-0.608538,-0.166779,-1.308262,-3.521505,-0.89472,0.052207376,0.041085,0.007448,Family,FALSE,FALSE,FALSE,FALSE
ENG_062_MZB_LO_2324,England,53.65912589,-0.306643865,1167857,2002,2022,21,21,0.869459489,0.806316428,-0.063143061,-0.211422,0.212465,3.106392,0.671246,-1.116173,-0.012959949,0.050911,0.015125,Family,FALSE,FALSE,FALSE,FALSE
ENG_062_MZB_LO_2325,England,52.96552351,-0.69568821,1174178,2002,2020,17,19,0.962108233,0.880076508,-0.082031725,1.41901,-0.315225,0.758435,9.667672,2.668624,-0.028432459,0.059871,0.016287,Family,FALSE,FALSE,FALSE,FALSE
ENG_062_MZB_LO_2326,England,53.5713882,-0.098788055,1164659,2002,2022,17,21,0.761337618,0.698434291,-0.062903327,-1.079123,-0.357767,0.189623,-0.15678,-2.138664,0.022783875,0.028778,0.011583,Family,FALSE,FALSE,FALSE,FALSE
ENG_062_MZB_LO_2328,England,53.32207346,0.137937358,1170057,2013,2024,7,12,0.869150596,0.922321454,0.053170857,-0.406578,2.837059,5.702449,-15.623668,-1.68514,-0.008871768,0.071274,0.026309,Family,FALSE,FALSE,FALSE,FALSE
ENG_062_MZB_LO_2329,England,53.39096055,0.206056478,1170057,2002,2021,19,20,0.847082958,0.883846071,0.036763112,0.939124,0.812235,1.392686,-0.505843,1.079085,0.015512418,0.050105,0.011372,Family,FALSE,FALSE,FALSE,FALSE
ENG_062_MZB_LO_2331,England,52.9759245,0.035916422,1171036,2002,2011,10,10,0.971260109,0.975717085,0.004456976,-2.652864,1.285327,2.197271,-5.586691,-2.09679,0.189437065,0.003582,0.009552,Family,FALSE,FALSE,FALSE,FALSE
ENG_062_MZB_LO_2332,England,52.97538112,-0.613479725,1174178,2002,2020,15,19,0.948308069,0.944871233,-0.003436836,-1.02455,-0.924163,-2.537465,-0.923919,-1.9211,0.017862226,0.041796,0.00682,Family,FALSE,FALSE,FALSE,FALSE
ENG_062_MZB_LO_2335,England,53.0325433,-0.244783477,1171036,2002,2013,9,12,0.834768508,0.761834218,-0.072934291,0.094557,-1.884841,-2.293843,16.324449,-0.133531,-0.053173619,0.075478,0.019157,Family,FALSE,FALSE,FALSE,FALSE
ENG_062_MZB_LO_2336,England,53.52746008,-0.156503409,1164659,2002,2022,21,21,0.94597795,0.897081755,-0.048896195,0.032964,-1.025514,-2.095737,3.746153,-0.105178,-0.018446617,0.012034,0.002132,Family,FALSE,FALSE,FALSE,FALSE
ENG_062_MZB_LO_2337,England,53.54107457,-0.164967141,1164659,2002,2022,21,21,0.827706775,0.952493311,0.124786536,0.586271,0.370447,0.537334,0.025887,1.270895,0.004980387,0.03475,0.001073,Family,FALSE,FALSE,FALSE,FALSE
ENG_062_MZB_LO_2338,England,53.54987241,-0.152510412,1164659,2002,2022,21,21,0.882199352,0.970087047,0.087887695,-0.008685,-0.438627,-0.193733,1.690868,-0.260762,-0.046324082,0.05528,0.002077,Family,FALSE,FALSE,FALSE,FALSE
ENG_062_MZB_LO_2339,England,53.56389429,-0.129249129,1164659,2002,2019,15,18,0.73467248,0.692416824,-0.042255656,-0.882612,-1.017695,0.297047,1.386269,-1.951507,-0.00381561,0.08323,0.008295,Family,FALSE,FALSE,FALSE,FALSE
ENG_062_MZB_LO_2341,England,53.34696667,0.103124388,1170057,2002,2024,19,23,0.983342439,1.089902862,0.106560422,-0.592678,-0.942662,-3.107653,0.068957,-0.864018,-0.059865829,0.04015,0.001687,Family,FALSE,FALSE,FALSE,FALSE
ENG_062_MZB_LO_2342,England,53.37109882,0.161435501,1170057,2002,2017,12,16,0.836067194,0.735746191,-0.100321004,-1.166589,-1.969584,-3.788584,4.591021,-2.898553,-0.061700462,0.058415,0.016636,Family,FALSE,FALSE,FALSE,FALSE
ENG_062_MZB_LO_2344,England,53.37973196,0.028057368,1167591,2002,2022,19,21,0.831658625,0.974369139,0.142710514,0.010507,0.090504,-0.903953,-2.299712,0.0955,-0.034969601,0.038354,0.003001,Family,FALSE,FALSE,FALSE,FALSE
ENG_062_MZB_LO_2345,England,53.39641465,0.051411736,1167591,2002,2017,14,16,0.696089447,0.667249457,-0.02883999,0.095649,-0.885581,-2.277511,3.406756,0.690489,0.00419932,0.032252,0.006566,Family,FALSE,FALSE,FALSE,FALSE
ENG_062_MZB_LO_2346,England,53.45241714,0.036035241,1167591,2002,2022,15,21,0.723194847,0.733078193,0.009883346,-0.081876,-0.252737,-0.79784,1.122209,-1.315444,-0.011469797,0.022714,0.001213,Family,FALSE,FALSE,FALSE,FALSE
ENG_062_MZB_LO_2347,England,53.49851091,0.02165699,1167591,2002,2021,16,20,0.769769677,0.820108485,0.050338808,1.617397,1.8775,2.548652,0.589842,2.928363,-0.029243668,0.077258,0.008274,Family,FALSE,FALSE,FALSE,FALSE
ENG_062_MZB_LO_2348,England,53.23448415,0.004704632,1167929,2002,2024,21,23,1.09784007,0.945888369,-0.151951701,-4.208524,-2.909517,-5.477779,-7.226421,-6.929238,0.075912556,0.082387,0.022402,Family,FALSE,FALSE,FALSE,FALSE
ENG_062_MZB_LO_2351,England,52.99936436,-0.021102435,1171036,2002,2021,16,20,0.959443231,1.026851777,0.067408546,0.037443,-0.587739,-2.539083,-0.134567,0.499758,-0.04309279,0.043484,0.001287,Family,FALSE,FALSE,FALSE,FALSE
ENG_062_MZB_LO_2354,England,53.27363728,-0.450887132,1171036,2002,2020,12,19,0.848204415,0.856197458,0.007993043,0.892244,0.434787,0.76677,1.928035,1.968338,-0.03254751,0.030458,0.001028,Family,FALSE,FALSE,FALSE,FALSE
ENG_062_MZB_LO_2355,England,53.27577294,-0.408246037,1171036,2002,2020,18,19,0.808547876,0.938690584,0.130142707,0.779091,0.264575,1.192674,4.125765,1.588355,-0.040402978,0.053618,0.008884,Family,FALSE,FALSE,FALSE,FALSE
ENG_062_MZB_LO_2357,England,53.50513739,-0.48769695,1174178,2002,2015,9,14,1.069501841,0.947270106,-0.122231735,-1.521475,-2.354506,-4.271409,4.003167,-3.647509,-0.041886144,0.058528,0.00929,Family,FALSE,FALSE,FALSE,FALSE
ENG_062_MZB_LO_2358,England,53.48655243,-0.329981673,1174178,2002,2020,18,19,1.095980642,0.924118545,-0.171862097,0.103813,-1.771078,-3.092775,6.926788,-0.288715,0.00344187,0.047609,0.00971,Family,FALSE,FALSE,FALSE,FALSE
ENG_062_MZB_LO_2359,England,52.83627107,-0.350688276,1173800,2002,2016,7,15,0.856727894,0.879566294,0.0228384,-0.284972,-2.640706,-10.309857,13.370234,0.122867,0.03229277,0.083176,0.022196,Family,FALSE,FALSE,FALSE,FALSE
ENG_062_MZB_LO_2360,England,53.01588703,-0.372681023,1171036,2002,2023,20,22,0.615622181,0.601152602,-0.014469579,-0.993982,0.748112,0.211928,0.157272,-1.658766,-0.023679592,0.067378,0.025488,Family,FALSE,FALSE,FALSE,FALSE
ENG_062_MZB_LO_2361,England,53.2214807,0.32467173,1167618,2002,2021,8,20,0.999244448,0.960119871,-0.039124577,-4.703738,-6.281745,-9.008022,5.95018,-10.551771,-0.052122196,0.119971,0.032625,Family,FALSE,FALSE,FALSE,FALSE
ENG_062_MZB_LO_2363,England,53.41011781,-0.244328916,1174178,2002,2023,20,22,1.046687618,1.002943282,-0.043744336,-1.346081,-0.467954,-0.303166,-2.857992,-2.590218,0.067680555,0.032705,0.005135,Family,FALSE,FALSE,FALSE,FALSE
ENG_062_MZB_LO_2364,England,53.39036439,-0.372966794,1174178,2002,2020,17,19,0.938491977,0.955899253,0.017407275,0.219816,-1.184738,-2.024331,5.011334,0.551462,-0.02644703,0.020104,0.002846,Family,FALSE,FALSE,FALSE,FALSE
ENG_062_MZB_LO_2365,England,53.40663965,-0.44756512,1174178,2002,2022,16,21,0.810889573,0.849187243,0.03829767,-0.535877,-1.08805,-1.351076,0.778244,-1.440985,-0.038481143,0.020673,0.009217,Family,FALSE,FALSE,FALSE,FALSE
ENG_062_MZB_LO_2366,England,53.38450358,-0.324879097,1174178,2002,2024,13,23,0.953367616,0.990596185,0.037228569,-0.320787,-1.815461,-4.611223,4.456885,-0.896273,-0.015624316,0.044462,0.009627,Family,FALSE,FALSE,FALSE,FALSE
ENG_062_MZB_LO_2367,England,53.36519222,-0.016219839,1167591,2002,2024,20,23,0.969027435,1.078210706,0.109183271,-2.032234,-1.639726,-3.45408,-2.11728,-3.95717,0.000656494,0.06152,0.00648,Family,FALSE,FALSE,FALSE,FALSE
ENG_062_MZB_LO_2368,England,53.03318017,-0.352135716,1171036,2002,2021,19,20,0.951564374,0.96253063,0.010966257,-0.24493,-0.697501,-1.53137,1.793908,-0.126197,-0.020733808,0.019082,0.005349,Family,FALSE,FALSE,FALSE,FALSE
ENG_062_MZB_LO_2369,England,53.19301711,-0.473251779,1171036,2002,2023,22,22,0.92822937,0.922049327,-0.006180043,0.863566,-0.495279,-1.915304,5.449578,1.586429,-0.02122237,0.068622,0.014708,Family,FALSE,FALSE,FALSE,FALSE
ENG_062_MZB_LO_2370,England,53.10639231,-0.380711033,1171036,2002,2021,20,20,0.890915331,0.846950393,-0.043964939,-1.607509,-2.686209,-6.17571,2.564866,-3.15353,-0.006222379,0.070222,0.019399,Family,FALSE,FALSE,FALSE,FALSE
ENG_062_MZB_LO_2371,England,52.90506472,-0.257372158,1171036,2002,2021,15,20,0.98468544,1.013924309,0.029238869,0.888926,0.206512,0.091705,1.137194,2.165372,0.013526759,0.064508,0.0038,Family,FALSE,FALSE,FALSE,FALSE
ENG_062_MZB_LO_2372,England,52.96965398,-0.187763147,1171036,2002,2021,13,20,0.945116916,1.036860229,0.091743313,0.606245,-0.734033,-1.768662,4.228521,0.952979,0.021358955,0.032563,0.004303,Family,FALSE,FALSE,FALSE,FALSE
ENG_062_MZB_LO_2377,England,53.60524181,-0.310310316,1167857,2002,2022,21,21,0.802602233,0.76412816,-0.038474073,0.435378,-0.292139,-1.00707,3.980464,0.085417,0.011133047,0.041321,0.005051,Family,FALSE,FALSE,FALSE,FALSE
ENG_062_MZB_LO_2378,England,53.01026703,-0.385800616,1171036,2002,2022,19,21,0.744367228,0.858630085,0.114262856,-0.365684,-0.366205,-0.60051,0.172953,-1.183633,-0.080031975,0.068068,0.011702,Family,FALSE,FALSE,FALSE,FALSE
ENG_062_MZB_LO_2379,England,53.03568932,-0.338617034,1171036,2002,2023,13,22,0.76445267,0.829542481,0.065089811,0.36117,0.051644,0.088622,1.20961,0.066254,-0.027952794,0.060531,0.009067,Family,FALSE,FALSE,FALSE,FALSE
ENG_062_MZB_LO_2380,England,53.10943269,0.212541175,1167929,2002,2013,12,12,0.896163437,0.880866426,-0.015297011,-0.300255,-0.043714,0.141428,-0.249914,-1.130421,-0.056769292,0.003345,0.002894,Family,FALSE,FALSE,FALSE,FALSE
ENG_062_MZB_LO_2381,England,53.35101352,-0.680953446,1174178,2002,2013,8,12,1.049493166,1.02638869,-0.023104477,0.169885,-2.811479,-3.794066,15.142905,-0.552677,0.013301136,0.082752,0.012849,Family,FALSE,FALSE,FALSE,FALSE
ENG_062_MZB_LO_2382,England,53.28050035,-0.645627237,1174178,2002,2020,17,19,0.992487397,0.985009704,-0.007477692,0.451225,-0.631126,-0.894351,4.724077,0.512227,0.001570975,0.018326,0.004435,Family,FALSE,FALSE,FALSE,FALSE
ENG_062_MZB_LO_2384,England,52.94598432,-0.050419636,1171036,2002,2017,12,16,0.898882373,0.774013661,-0.124868712,-0.355414,-2.124964,-3.470516,8.847534,-1.411637,-0.136848717,0.062564,0.004305,Family,FALSE,FALSE,FALSE,FALSE
ENG_062_MZB_LO_2386,England,53.4450632,-0.176635034,1167591,2002,2024,20,23,1.017590574,0.891827527,-0.125763047,-0.694264,-1.399703,-1.961102,1.615232,-2.127081,0.000838768,0.04384,0.011457,Family,FALSE,FALSE,FALSE,FALSE
ENG_062_MZB_LO_2387,England,53.46130309,-0.180458614,1167591,2002,2024,20,23,1.038935231,1.03954779,0.000612559,-0.81519,0.155291,0.001229,-3.871871,-2.170042,-0.010411553,0.057016,3.90E-05,Family,FALSE,FALSE,FALSE,FALSE
ENG_062_MZB_LO_2389,England,53.49447481,-0.005671289,1167591,2002,2018,14,17,0.769141629,0.747233771,-0.021907859,-0.783535,-1.368461,-3.00744,2.190862,-2.507514,-0.024376794,0.048722,0.012497,Family,FALSE,FALSE,FALSE,FALSE
ENG_062_MZB_LO_2390,England,53.21553763,-0.101022631,1171036,2002,2024,19,23,1.085097081,1.067218329,-0.017878752,0.260064,0.0501,0.440276,-0.077762,0.52849,-0.01468785,0.052193,0.003163,Family,FALSE,FALSE,FALSE,FALSE
ENG_062_MZB_LO_2391,England,53.30463072,-0.484283881,1171036,2002,2020,19,19,0.975837179,1.046658613,0.070821434,-1.558468,-3.599416,-6.219441,5.199853,-3.283367,0.015319712,0.063731,0.01857,Family,FALSE,FALSE,FALSE,FALSE
ENG_062_MZB_LO_2393,England,53.21730998,0.307968532,1167618,2002,2016,15,15,0.831946998,0.888175856,0.056228858,0.285639,-0.990818,-1.558823,4.190283,0.653712,-0.027333757,0.048417,0.006422,Family,FALSE,FALSE,FALSE,FALSE
ENG_062_MZB_LO_2394,England,53.67128294,-0.624049823,1174178,2002,2020,19,19,0.943572421,1.011434648,0.067862227,-0.193029,0.397892,0.444901,-1.83603,-0.997535,-0.020241137,0.044246,0.012009,Family,FALSE,FALSE,FALSE,FALSE
ENG_062_MZB_LO_2395,England,52.78245294,-0.623588777,1174178,2002,2020,16,19,0.857074705,0.791774813,-0.065299892,-0.649144,-0.998016,-3.707451,3.550329,-1.632138,-0.003617144,0.066385,0.02179,Family,FALSE,FALSE,FALSE,FALSE
ENG_062_MZB_LO_2396,England,52.83221787,-0.624689242,1174178,2002,2024,23,23,1.050057247,1.078932838,0.028875591,0.031237,-0.386807,-0.718352,2.536889,-0.133419,0.007207642,0.044613,0.007399,Family,FALSE,FALSE,FALSE,FALSE
ENG_062_MZB_LO_2398,England,52.96197047,-0.619864318,1174178,2002,2020,16,19,1.07504124,0.961795755,-0.113245485,-1.605759,-1.98102,-6.495855,-1.626354,-3.16743,0.015976651,0.054304,0.014863,Family,FALSE,FALSE,FALSE,FALSE
ENG_062_MZB_LO_2399,England,52.98503084,-0.671266458,1174178,2002,2023,13,22,1.054806288,1.021117161,-0.033689128,0.735278,-0.451146,-0.456627,5.87482,1.309502,-0.086120062,0.05392,0.008012,Family,FALSE,FALSE,FALSE,FALSE
ENG_062_MZB_LO_2401,England,53.15445312,-0.628657142,1174178,2002,2023,21,22,0.989886039,1.066881243,0.076995204,0.665376,-0.305225,-0.519603,6.981363,1.182459,-0.053915255,0.041265,0.004245,Family,FALSE,FALSE,FALSE,FALSE
ENG_062_MZB_LO_2403,England,53.20295404,-0.554976343,1174178,2002,2020,17,19,0.964249226,0.952535923,-0.011713304,1.116884,-0.139029,-2.156329,4.029322,1.705853,0.026374427,0.062115,0.01223,Family,FALSE,FALSE,FALSE,FALSE
ENG_062_MZB_LO_2404,England,53.20918659,-0.337905718,1171036,2002,2018,17,17,0.903041982,0.848836548,-0.054205435,-1.411081,-0.498281,-0.694791,-3.858171,-3.111796,0.037779473,0.075752,0.02056,Family,FALSE,FALSE,FALSE,FALSE
ENG_062_MZB_LO_2405,England,53.08872624,-0.214126551,1171036,2002,2020,11,19,0.944683656,0.938046258,-0.006637398,2.100472,1.198914,1.506724,2.790793,3.997965,0.014780084,0.045216,0.014546,Family,FALSE,FALSE,FALSE,FALSE
ENG_062_MZB_LO_2406,England,53.00989591,-0.116020918,1171036,2002,2022,15,21,0.905694256,0.919644714,0.013950459,-0.397985,-0.779036,-0.649533,0.63096,-0.762317,0.015890475,0.054216,0.011293,Family,FALSE,FALSE,FALSE,FALSE
ENG_062_MZB_LO_2407,England,53.29116924,0.213591965,1170057,2002,2020,17,19,0.962532143,0.844293788,-0.118238354,-0.106071,-0.81092,-1.282838,3.657651,-0.158062,-0.024893549,0.048251,0.017066,Family,FALSE,FALSE,FALSE,FALSE
ENG_062_MZB_LO_2408,England,53.32093666,0.244921543,1170057,2002,2024,17,23,0.868101711,0.90120244,0.033100729,-0.553241,-1.026872,-2.408677,0.921264,-1.261263,0.012922346,0.011641,0.000343,Family,FALSE,FALSE,FALSE,FALSE
ENG_062_MZB_LO_2409,England,53.32897951,0.264146889,1170057,2002,2021,9,20,0.876072736,0.890364925,0.014292189,-0.24869,-0.450582,-1.6811,-1.201323,-0.816572,-0.005369962,0.01329,0.001167,Family,FALSE,FALSE,FALSE,FALSE
ENG_062_MZB_LO_2410,England,52.39332385,-0.581812667,1173799,2002,2021,9,20,0.927569522,1.047399043,0.119829522,-0.326737,-0.929832,-1.874509,1.442008,-0.863613,-0.025003478,0.058149,0.01498,Family,FALSE,FALSE,FALSE,FALSE
ENG_062_MZB_LO_2411,England,52.5387517,-0.355955189,1173799,2002,2020,13,19,0.915731868,0.792491686,-0.123240182,-1.269265,-1.17681,-2.230187,0.861441,-9.273417,0.000235682,0.066635,0.011215,Family,FALSE,FALSE,FALSE,FALSE
ENG_062_MZB_LO_2413,England,52.38811104,-0.89265141,1173799,2002,2023,12,22,0.949082138,0.811783248,-0.13729889,-4.347699,-3.208607,-3.658779,-4.038204,-8.706068,0.01745964,0.066449,0.010895,Family,FALSE,FALSE,FALSE,FALSE
ENG_062_MZB_LO_2414,England,52.33936705,-0.921140842,1173799,2002,2023,17,22,1.069398527,0.924751357,-0.144647169,-4.023358,-3.902593,-6.122079,0.67827,-5.847464,0.036318737,0.061974,0.016452,Family,FALSE,FALSE,FALSE,FALSE
ENG_062_MZB_LO_2415,England,52.30525062,-0.926369989,1173799,2003,2021,16,19,1.042596198,1.010996434,-0.031599765,-0.801347,-0.16107,0.834289,-3.364791,-1.311763,-0.002031853,0.027312,0.004932,Family,FALSE,FALSE,FALSE,FALSE
ENG_062_MZB_LO_2416,England,52.28096824,-0.925491085,1173799,2002,2019,13,18,0.981467308,1.007186878,0.02571957,-1.401413,-0.776616,-1.089689,-2.060806,-2.319342,0.019907367,0.046822,0.007993,Family,FALSE,FALSE,FALSE,FALSE
ENG_062_MZB_LO_2417,England,52.25834906,-0.909921449,1173799,2002,2021,13,20,0.891367419,0.907492834,0.016125415,-2.464756,0.278443,0.436104,-8.815401,-4.779238,0.118613455,0.067407,0.012686,Family,FALSE,FALSE,FALSE,FALSE
ENG_062_MZB_LO_2418,England,52.57754207,-0.122794082,1173799,2002,2019,14,18,0.883310679,0.75895102,-0.124359659,1.477653,0.557871,1.691142,9.46959,2.708714,-0.105019518,0.089615,0.021162,Family,FALSE,FALSE,FALSE,FALSE
ENG_062_MZB_LO_2422,England,52.31953601,-0.585654745,1173799,2002,2013,11,12,0.89446056,0.920096121,0.025635561,1.135234,0.690641,0.175567,4.366911,1.30837,-0.083510922,0.071554,0.017407,Family,FALSE,FALSE,FALSE,FALSE
ENG_062_MZB_LO_2423,England,52.70764354,-0.283007169,1173800,2002,2023,16,22,1.068666109,1.028193721,-0.040472388,0.683489,0.024603,-0.489073,2.52597,2.02407,0.016999899,0.042468,0.005249,Family,FALSE,FALSE,FALSE,FALSE
ENG_062_MZB_LO_2424,England,52.24218277,-0.911782132,1173799,2002,2020,16,19,0.718453322,0.705456367,-0.012996955,-1.9811,-2.829651,-3.713639,0.202305,-4.002177,-0.001539134,0.046505,0.016943,Family,FALSE,FALSE,FALSE,FALSE
ENG_062_MZB_LO_2425,England,52.21067689,-1.123300518,1173799,2002,2017,13,16,1.046907896,1.008317119,-0.038590776,-0.771838,-1.754895,-5.106585,0.93378,-0.544709,0.07621897,0.049179,0.00474,Family,FALSE,FALSE,FALSE,FALSE
ENG_062_MZB_LO_2426,England,52.57518974,-0.76484586,1173800,2002,2021,17,20,1.058992153,0.954794571,-0.104197582,-0.032005,-0.590356,-1.845385,1.560111,-0.53288,0.036666309,0.062693,0.016485,Family,FALSE,FALSE,FALSE,FALSE
ENG_062_MZB_LO_2427,England,52.53159484,-0.723315644,1173800,2002,2020,18,19,0.820528079,0.887104635,0.066576555,-0.121637,-0.447209,-0.547291,1.64129,-0.41713,0.005036227,0.033741,0.00973,Family,FALSE,FALSE,FALSE,FALSE
ENG_062_MZB_LO_2430,England,52.82305912,-0.536183983,1173800,2002,2021,18,20,0.912430637,0.820468162,-0.091962476,-0.23515,-0.238692,0.226321,1.153512,-0.72672,-0.013545183,0.074645,0.009683,Family,FALSE,FALSE,FALSE,FALSE
ENG_062_MZB_LO_2431,England,52.7989592,-0.521195965,1173800,2003,2021,15,19,0.753497447,0.725903944,-0.027593503,-2.273546,-2.342636,-4.073396,0.841518,-4.832384,-0.011037945,0.070847,0.009561,Family,FALSE,FALSE,FALSE,FALSE
ENG_062_MZB_LO_2432,England,52.7473446,-0.491831027,1173800,2002,2023,20,22,0.900610217,0.97495756,0.074347343,0.363646,0.05535,0.472759,2.431126,1.07611,-0.017594784,0.051177,0.0039,Family,FALSE,FALSE,FALSE,FALSE
ENG_062_MZB_LO_2433,England,52.68798908,-0.421378608,1173800,2002,2024,22,23,0.959133803,1.077806704,0.118672901,-0.353111,-0.88674,-2.629316,1.12073,-0.597498,-0.011287657,0.044117,0.002619,Family,FALSE,FALSE,FALSE,FALSE
ENG_062_MZB_LO_2434,England,52.78427977,-0.428277232,1173800,2002,2023,17,22,0.859679283,0.864482467,0.004803185,1.335063,0.318626,-0.456074,3.074515,2.983198,0.039523783,0.044097,0.001526,Family,FALSE,FALSE,FALSE,FALSE
ENG_062_MZB_LO_2435,England,52.74010978,-0.419496976,1173800,2002,2019,7,18,0.816514256,0.798842706,-0.01767155,2.495053,2.268073,10.168807,1.072298,5.02654,-0.038787545,0.002334,0.0081,Family,FALSE,FALSE,FALSE,FALSE
ENG_062_MZB_LO_2436,England,52.70837995,-0.399919721,1173800,2002,2022,14,21,0.896537921,0.963832029,0.067294108,-1.174292,-0.655548,-0.698168,0.570743,-2.722643,0.061945923,0.037714,0.006627,Family,FALSE,FALSE,FALSE,FALSE
ENG_062_MZB_LO_2437,England,52.7204759,-0.363941258,1173800,2002,2024,20,23,1.024420458,1.032001319,0.007580861,-1.556907,-1.089841,-1.470093,-1.349011,-2.987324,-0.009194419,0.025419,0.001852,Family,FALSE,FALSE,FALSE,FALSE
ENG_062_MZB_LO_2438,England,52.75096716,-0.294640959,1173800,2002,2018,14,17,0.81720152,0.831553387,0.014351868,0.626962,-0.594416,-1.885027,2.743165,1.04696,-0.056533897,0.00345,0.004464,Family,FALSE,FALSE,FALSE,FALSE
ENG_062_MZB_LO_2439,England,52.8359228,-0.144340218,1173800,2002,2016,12,15,0.823171896,0.830206884,0.007034988,0.285904,-1.324999,-2.294018,5.526436,0.688794,-0.021321833,0.084543,0.017217,Family,FALSE,FALSE,FALSE,FALSE
ENG_062_MZB_LO_2440,England,52.23836416,-0.71123971,1173799,2002,2017,9,16,0.925730906,0.89087304,-0.034857866,-1.784014,-2.208685,-3.475528,2.059368,-4.039409,-0.019796055,0.042547,0.009317,Family,FALSE,FALSE,FALSE,FALSE
ENG_062_MZB_LO_2441,England,52.31999073,-1.153611288,1173799,2002,2017,13,16,0.901538972,0.85838519,-0.043153782,-1.69779,-2.486231,-3.979813,2.639174,-4.330648,-0.029700712,0.068618,0.009942,Family,FALSE,FALSE,FALSE,FALSE
ENG_062_MZB_LO_2442,England,52.66763417,-0.706314469,1173800,2002,2020,12,19,0.810263299,0.779914916,-0.030348384,-2.012195,-1.701169,-3.42157,-1.914279,-5.454017,0.005614708,0.004859,0.00589,Family,FALSE,FALSE,FALSE,FALSE
ENG_062_MZB_LO_2444,England,52.66320511,-0.59527775,1173800,2002,2024,20,23,0.875355256,0.903806788,0.028451532,0.173348,1.069459,2.043172,-1.6057,-0.339095,0.005968016,0.034249,0.001974,Family,FALSE,FALSE,FALSE,FALSE
ENG_062_MZB_LO_2447,England,52.45568646,-0.609244195,1173799,2002,2011,10,10,0.858612747,0.983538988,0.124926241,3.804059,1.688574,0.65688,7.993784,8.445077,-0.051142969,0.043594,0.016794,Family,FALSE,FALSE,FALSE,FALSE
ENG_062_MZB_LO_2448,England,52.40738354,-0.554900194,1173799,2002,2019,13,18,0.981303846,1.050715972,0.069412125,0.208174,-0.916855,-1.661465,2.940596,0.417933,0.03856038,0.031673,0.000421,Family,FALSE,FALSE,FALSE,FALSE
ENG_062_MZB_LO_2449,England,52.31621949,-0.678170729,1173799,2002,2016,12,15,0.726227605,0.653451381,-0.072776223,-1.223475,0.669415,0.478297,-2.504069,-1.261401,-0.041694917,0.032518,0.000839,Family,FALSE,FALSE,FALSE,FALSE
ENG_062_MZB_LO_2450,England,52.33985242,-0.546827543,1173799,2002,2016,9,15,0.764901273,0.80008005,0.035178777,0.792332,0.457001,1.788657,3.461182,1.818899,0.010348648,0.011009,0.005,Family,FALSE,FALSE,FALSE,FALSE
ENG_062_MZB_LO_2451,England,52.35097671,-0.574359273,1173799,2002,2013,8,12,0.571998134,0.597326507,0.025328373,3.026134,-1.250482,-7.848689,14.476502,7.085845,0.015352367,0.101875,0.025023,Family,FALSE,FALSE,FALSE,FALSE
ENG_062_MZB_LO_2452,England,52.47143228,-0.91055514,1173800,2002,2024,14,23,0.736412325,0.760513634,0.024101309,-1.334981,-1.50732,-2.143011,-0.312359,-2.252892,0.005346273,0.009363,0.019147,Family,FALSE,FALSE,FALSE,FALSE
ENG_062_MZB_LO_2453,England,52.51098077,-0.909578372,1173800,2002,2024,16,23,0.8806519,0.851527256,-0.029124643,-2.62885,-2.912456,-4.440348,0.945414,-5.146587,0.039967425,0.058784,0.015402,Family,FALSE,FALSE,FALSE,FALSE
ENG_062_MZB_LO_2455,England,52.60855788,-0.611794736,1173800,2002,2017,15,16,0.97013841,1.089810669,0.11967226,0.837693,1.155859,2.095552,0.807368,1.735996,-0.049668037,0.073304,0.005326,Family,FALSE,FALSE,FALSE,FALSE
ENG_062_MZB_LO_2456,England,52.22840253,-1.153522473,1173799,2002,2021,17,20,1.05762437,1.095835113,0.038210743,-3.408705,-3.337819,-6.232519,-2.238509,-6.133245,0.044662007,0.079192,0.018719,Family,FALSE,FALSE,FALSE,FALSE
ENG_062_MZB_LO_2457,England,52.2317438,-1.056995491,1173799,2003,2017,12,15,0.896521509,1.011873674,0.115352165,-2.619977,-1.738837,-3.072946,-2.445735,-4.617576,0.029767082,0.094961,0.006773,Family,FALSE,FALSE,FALSE,FALSE
ENG_062_MZB_LO_2458,England,52.22595461,-1.008805373,1173799,2003,2013,7,11,0.87784912,0.890517532,0.012668413,-1.868425,-0.005698,3.936949,-3.535151,-4.810202,-0.055087187,0.025559,0.015165,Family,FALSE,FALSE,FALSE,FALSE
ENG_062_MZB_LO_2459,England,52.23028641,-0.933289361,1173799,2002,2024,17,23,0.85997592,0.83780242,-0.0221735,-4.174281,-3.807681,-6.002253,-2.191408,-8.193125,0.067030068,0.074385,0.006452,Family,FALSE,FALSE,FALSE,FALSE
ENG_062_MZB_LO_2460,England,52.24451871,-0.782831062,1173799,2002,2022,15,21,0.839706942,0.886163144,0.046456203,-1.432108,-1.826852,-3.070358,-0.59819,-2.333125,0.081911425,0.07136,0.013664,Family,FALSE,FALSE,FALSE,FALSE
ENG_062_MZB_LO_2461,England,52.24951269,-0.744607721,1173799,2002,2018,11,17,0.814210236,0.756892856,-0.05731738,-2.361798,-1.518332,-2.983901,-3.425536,-4.556499,0.033384253,0.037555,0.010096,Family,FALSE,FALSE,FALSE,FALSE
ENG_062_MZB_LO_2462,England,52.26450927,-0.717807982,1173799,2003,2020,15,18,0.85445668,0.864407531,0.009950851,-0.486362,-0.252047,-0.041727,-0.364113,-0.927794,0.001884363,0.016422,0.005191,Family,FALSE,FALSE,FALSE,FALSE
ENG_062_MZB_LO_2464,England,52.32517607,-0.597199253,1173799,2002,2020,11,19,0.821545206,0.844626533,0.023081328,-0.873916,-1.303156,-1.186991,1.600647,-1.980366,0.019097457,0.01423,0.011328,Family,FALSE,FALSE,FALSE,FALSE
ENG_062_MZB_LO_2465,England,52.36621996,-0.570931117,1173799,2003,2015,7,13,0.894714719,0.840178932,-0.054535787,-1.410516,1.202976,2.594951,-3.77115,-2.792014,0.042918809,0.005208,0.005632,Family,FALSE,FALSE,FALSE,FALSE
ENG_062_MZB_LO_2466,England,52.44346018,-0.491925359,1173799,2002,2016,7,15,0.914023499,0.867516237,-0.046507263,-1.795634,-1.984941,-3.10156,0.757192,-2.742073,-0.118850025,0.071769,0.026158,Family,FALSE,FALSE,FALSE,FALSE
ENG_062_MZB_LO_2467,England,52.53757997,-0.401708458,1173799,2002,2011,7,10,0.911110059,0.912409166,0.001299107,0.587103,-1.991208,-5.056208,6.688655,3.282695,0.124569167,0.053914,0.023323,Family,FALSE,FALSE,FALSE,FALSE
ENG_062_MZB_LO_2468,England,52.57911543,-0.414959344,1173799,2002,2024,21,23,0.949591301,0.939027333,-0.010563968,-1.655131,-1.580058,-2.671188,-0.45625,-3.183404,0.01876137,0.060952,0.008313,Family,FALSE,FALSE,FALSE,FALSE
ENG_062_MZB_LO_2469,England,52.56104706,-0.27988342,1173799,2002,2020,13,19,0.896752408,0.847445541,-0.049306867,0.371338,-0.166778,-0.191985,4.123923,1.491832,0.003713626,0.000255,0.005543,Family,FALSE,FALSE,FALSE,FALSE
ENG_062_MZB_LO_2470,England,52.69555881,-0.594240141,1173800,2002,2017,9,16,0.912181963,0.856227957,-0.055954006,-1.827175,-2.816811,-8.746434,2.279027,-3.228342,0.028556426,0.07336,0.024488,Family,FALSE,FALSE,FALSE,FALSE
ENG_062_MZB_LO_2471,England,52.66939071,-0.586206246,1173800,2002,2022,19,21,1.064043399,1.007443561,-0.056599838,-0.974436,-0.130713,-0.455716,-2.026221,-1.875499,0.055995032,0.009036,0.007831,Family,FALSE,FALSE,FALSE,FALSE
ENG_062_MZB_LO_2472,England,52.43494655,-0.765826452,1173799,2002,2023,20,22,0.992708326,1.086855201,0.094146874,0.653707,2.683093,6.100477,-6.336332,0.957101,-0.016066803,0.065199,0.016632,Family,FALSE,FALSE,FALSE,FALSE
ENG_062_MZB_LO_2473,England,52.43911412,-0.734816082,1173799,2002,2013,10,12,1.030803123,0.965760879,-0.065042244,-1.887151,-2.459292,-3.834441,3.897355,-4.238118,0.005717395,0.060787,0.003593,Family,FALSE,FALSE,FALSE,FALSE
ENG_062_MZB_LO_2474,England,52.43588875,-0.686363262,1173799,2002,2020,14,19,0.949588925,1.034358353,0.084769429,0.347591,1.222452,3.06371,-1.284543,1.31093,-0.032478916,0.029087,0.010766,Family,FALSE,FALSE,FALSE,FALSE
ENG_062_MZB_LO_2475,England,52.41258559,-0.692936471,1173799,2002,2024,19,23,0.987790999,1.089131922,0.101340923,-2.792933,0.216632,-0.213879,-5.030564,-5.473875,0.005929754,0.02811,0.006548,Family,FALSE,FALSE,FALSE,FALSE
ENG_062_MZB_LO_2476,England,52.36406729,-0.695836843,1173799,2002,2023,13,22,0.910050269,0.913679431,0.003629162,-3.930514,-3.354004,-4.904782,-2.213711,-7.512999,0.055728353,0.085271,0.015457,Family,FALSE,FALSE,FALSE,FALSE
ENG_062_MZB_LO_2477,England,52.29768294,-0.671185233,1173799,2002,2013,8,12,0.906808267,0.902301439,-0.004506828,0.906252,0.629648,1.646418,2.296234,2.215289,-0.109470283,0.086197,0.025305,Family,FALSE,FALSE,FALSE,FALSE
ENG_062_MZB_LO_2478,England,52.75012415,0.043158206,1173799,2002,2018,11,17,1.007824227,1.036331584,0.028507356,-1.79099,-4.172183,-4.447672,6.9251,-7.320652,0.042129699,0.124048,0.052096,Family,FALSE,FALSE,FALSE,FALSE
ENG_062_MZB_LO_2479,England,52.41738372,-0.762890542,1173799,2002,2013,9,12,0.949156334,0.930480025,-0.018676309,1.039094,-0.98156,-0.464109,7.199917,1.326978,0.066981111,0.025341,0.010125,Family,FALSE,FALSE,FALSE,FALSE
ENG_062_MZB_LO_2480,England,52.37870791,-0.72085131,1173799,2002,2013,9,12,0.817346726,0.855999353,0.038652626,3.173287,0.65031,2.560545,12.29738,6.738201,0.054039657,0.049651,0.003258,Family,FALSE,FALSE,FALSE,FALSE
ENG_062_MZB_LO_2484,England,52.5247696,-0.895750279,1173800,2002,2024,16,23,0.881871001,0.816728575,-0.065142425,-2.281511,-1.197541,-2.589165,-5.587069,-4.405698,-0.039273694,0.059162,0.00299,Family,FALSE,FALSE,FALSE,FALSE
ENG_062_MZB_LO_2485,England,52.29973484,-0.676168519,1173799,2002,2016,12,15,0.79651007,0.808669753,0.012159683,0.504833,1.951546,3.874081,-1.471684,3.485585,0.065354117,0.056106,0.006989,Family,FALSE,FALSE,FALSE,FALSE
ENG_062_MZB_LO_2486,England,52.28947562,-0.783065801,1173799,2002,2021,12,20,0.938875885,0.828075096,-0.110800789,-1.165673,-1.162611,-3.543119,1.404562,-2.56008,-0.018841074,0.020513,0.015525,Family,FALSE,FALSE,FALSE,FALSE
ENG_062_MZB_LO_2488,England,52.75188702,-0.296086843,1173800,2002,2016,14,15,1.015125996,1.050864243,0.035738247,0.863274,1.057109,2.406771,2.188458,2.42579,-0.065528889,0.001614,0.011554,Family,FALSE,FALSE,FALSE,FALSE
ENG_062_MZB_LO_2491,England,52.44458052,-1.027449804,1173800,2002,2020,15,19,0.748098065,0.774990994,0.026892928,0.281438,-0.515295,-0.292137,4.600185,0.212518,-0.037774975,0.033505,0.008404,Family,FALSE,FALSE,FALSE,FALSE
ENG_062_MZB_LO_2492,England,52.48748852,-0.896904174,1173800,2002,2019,14,18,0.747436707,0.975265321,0.227828615,0.917321,1.532192,4.68784,-2.406424,2.173517,-0.008667212,0.057002,0.002777,Family,FALSE,FALSE,FALSE,FALSE
ENG_062_MZB_LO_2493,England,52.49364218,-0.882020843,1173800,2002,2017,13,16,0.826198951,0.833903339,0.007704389,-1.229871,-1.672549,-3.765699,1.501463,-1.961062,-0.021448258,0.018854,0.01095,Family,FALSE,FALSE,FALSE,FALSE
ENG_062_MZB_LO_2494,England,52.52304971,-0.854744245,1173800,2005,2018,13,14,0.915461016,0.997456366,0.081995349,-1.367096,0.019533,0.427094,-5.055697,-2.532506,-0.03220979,0.034779,0.010958,Family,FALSE,FALSE,FALSE,FALSE
ENG_062_MZB_LO_2500,England,52.65695763,-0.387011921,1173800,2002,2023,8,22,0.892295584,0.918043523,0.025747939,-0.0708,-0.484227,-0.757096,2.267221,-0.248073,-0.002408167,0.025879,0.001199,Family,FALSE,FALSE,FALSE,FALSE
ENG_062_MZB_LO_2502,England,52.68008688,-0.183492864,1173800,2002,2017,11,16,0.963951339,1.013422366,0.049471027,2.42373,-1.054107,-3.642344,11.633773,6.042881,-0.009006315,0.056026,0.013573,Family,FALSE,FALSE,FALSE,FALSE
ENG_062_MZB_LO_2503,England,52.77853436,-0.15419382,1173800,2002,2020,11,19,0.857568222,0.838516604,-0.019051618,1.130699,0.141315,-1.570006,3.623585,1.960394,-0.035857277,0.073338,0.013274,Family,FALSE,FALSE,FALSE,FALSE
ENG_062_MZB_LO_2504,England,52.6174903,-0.263713084,1173799,2002,2024,9,23,0.841797839,0.970997593,0.129199754,0.277682,0.219463,0.804624,0.167432,0.799538,-0.033965605,0.026929,0.000194,Family,FALSE,FALSE,FALSE,FALSE
ENG_062_MZB_LO_2505,England,52.8650297,0.001009562,1170453,2002,2020,12,19,0.86957484,0.892537568,0.022962728,0.064021,-1.434619,-0.629232,3.538191,-0.290758,-0.049999521,0.029681,0.016742,Family,FALSE,FALSE,FALSE,FALSE
ENG_062_MZB_LO_2507,England,52.30480969,-1.087711162,1173799,2002,2023,17,22,1.040033722,0.987011095,-0.053022627,1.266802,1.074698,1.207425,0.058655,3.19608,-0.042692117,0.049717,0.014226,Family,FALSE,FALSE,FALSE,FALSE
ENG_062_MZB_LO_2508,England,52.23368071,-1.074525911,1173799,2002,2021,14,20,0.923508991,1.026056798,0.102547807,-0.716875,-0.559745,-1.238955,-1.580741,-1.479188,-0.02985676,0.070434,0.00691,Family,FALSE,FALSE,FALSE,FALSE
ENG_062_MZB_LO_2509,England,52.49687505,-0.644272471,1173799,2002,2012,7,11,0.63867557,0.696299099,0.057623528,1.093,-1.009766,-2.036753,10.318138,2.618777,-0.028365041,0.101555,0.02884,Family,FALSE,FALSE,FALSE,FALSE
ENG_062_MZB_LO_2510,England,52.51823632,-0.621641244,1173799,2002,2016,8,15,0.714329091,0.895117865,0.180788775,-0.60373,-3.220601,-5.069673,8.793787,-0.852341,0.089494218,0.056003,0.014739,Family,FALSE,FALSE,FALSE,FALSE
ENG_062_MZB_LO_2511,England,52.5384713,-0.583306025,1173799,2002,2012,11,11,0.842157434,0.969797824,0.12764039,-0.349989,-0.584038,-0.671749,1.522662,-1.714042,0.008631164,0.10707,0.028893,Family,FALSE,FALSE,FALSE,FALSE
ENG_062_MZB_LO_2513,England,52.55169558,-0.487983264,1173799,2002,2013,8,12,1.013365328,1.005358773,-0.008006555,1.405262,-1.128431,-2.392341,11.005741,2.328742,-0.019585153,0.079634,0.019547,Family,FALSE,FALSE,FALSE,FALSE
ENG_062_MZB_LO_2514,England,52.52901298,-0.435469171,1173799,2002,2023,20,22,1.050759728,1.042890959,-0.00786877,-0.240988,-0.597134,-0.770139,0.523499,-0.433254,-0.021558831,0.050854,0.008832,Family,FALSE,FALSE,FALSE,FALSE
ENG_062_MZB_LO_2515,England,52.50218803,-0.696263835,1173799,2002,2016,10,15,0.629592381,0.558117482,-0.0714749,2.662255,2.115116,5.208219,4.209237,6.082905,0.061003938,0.013952,0.015002,Family,FALSE,FALSE,FALSE,FALSE
ENG_062_MZB_LO_2517,England,52.51401556,-0.6493601,1173799,2002,2016,10,15,0.687081868,0.780332544,0.093250676,-1.903823,-2.809355,-0.930903,7.272003,-3.143014,-0.018712512,0.033266,0.035722,Family,FALSE,FALSE,FALSE,FALSE
ENG_062_MZB_LO_2518,England,52.48802001,-0.675326677,1173799,2002,2020,15,19,0.768711049,0.78595852,0.017247471,-2.729822,-4.087265,-9.15707,5.223953,-5.708052,0.004384345,0.056188,0.02336,Family,FALSE,FALSE,FALSE,FALSE
ENG_062_MZB_LO_2519,England,52.49559827,-0.631761236,1173799,2002,2017,10,16,0.840647975,0.952966239,0.112318264,0.13182,4.10574,8.69805,-6.414873,0.805829,-0.003056546,0.064223,0.002536,Family,FALSE,FALSE,FALSE,FALSE
ENG_062_MZB_LO_2520,England,52.50949231,-0.608152058,1173799,2002,2016,10,15,0.94586366,1.048747071,0.102883411,-0.540952,-1.21128,-0.365819,0.678588,-0.025066,0.067885987,0.08968,0.010247,Family,FALSE,FALSE,FALSE,FALSE
ENG_062_MZB_LO_2522,England,52.20721996,-0.922880042,1173799,2002,2019,15,18,0.878597527,0.873018527,-0.005579,-1.014257,-3.170929,-6.770898,6.437937,-2.258788,-0.012089504,0.083352,0.017648,Family,FALSE,FALSE,FALSE,FALSE
ENG_062_MZB_LO_2524,England,52.51931456,1.000553645,1173799,2004,2018,9,15,0.924248338,0.96180236,0.037554022,-1.197751,0.565825,1.064231,-3.79747,-2.924529,-0.026252183,0.057675,0.000156,Family,FALSE,FALSE,FALSE,FALSE
ENG_062_MZB_LO_2527,England,52.37346049,0.954540051,1173799,2004,2017,11,14,0.779406737,0.915229219,0.135822482,1.831859,0.959821,-1.160126,2.314947,3.807736,-0.026375577,0.028103,0.002082,Family,FALSE,FALSE,FALSE,FALSE
ENG_062_MZB_LO_2529,England,52.47637524,0.91994076,1173799,2003,2013,8,11,0.985614603,1.009638366,0.024023763,-0.943179,-1.310833,-2.607868,0.389706,-1.017989,0.072659646,0.011045,0.00449,Family,FALSE,FALSE,FALSE,FALSE
ENG_062_MZB_LO_2532,England,52.27942887,0.856157064,1173799,2003,2021,7,19,0.823225987,0.876793312,0.053567325,-0.495168,2.205836,4.195796,-8.507466,-0.360348,0.086261005,0.081241,0.017429,Family,FALSE,FALSE,FALSE,FALSE
ENG_062_MZB_LO_2535,England,52.3878123,0.898321596,1173799,2002,2022,16,21,1.07554496,1.032459341,-0.043085619,0.72548,1.232167,2.713257,-3.158977,1.605902,-0.009740636,0.047914,0.006987,Family,FALSE,FALSE,FALSE,FALSE
ENG_062_MZB_LO_2539,England,52.21251819,0.746745426,1173799,2003,2023,10,21,0.849649218,0.973669334,0.124020117,4.823097,1.388986,1.643234,15.767388,10.599743,-0.066628854,0.103744,0.029438,Family,FALSE,FALSE,FALSE,FALSE
ENG_062_MZB_LO_2540,England,52.18954253,0.735071438,1173799,2006,2023,8,18,1.02203285,0.8724851,-0.14954775,-0.231294,0.314642,3.62889,-0.151548,-0.592988,0.023441372,0.001732,0.004172,Family,FALSE,FALSE,FALSE,FALSE
ENG_062_MZB_LO_2541,England,52.23682543,0.72897021,1173799,2002,2023,8,22,0.85016353,0.874224665,0.024061135,3.021881,-0.349921,-3.762618,9.834694,6.993114,0.104016695,0.052059,0.023202,Family,FALSE,FALSE,FALSE,FALSE
ENG_062_MZB_LO_2542,England,52.23986284,0.722843185,1173799,2004,2023,7,20,0.850316726,0.697546678,-0.152770048,3.787812,3.253067,1.193833,2.429839,6.952118,-0.063690529,0.096516,0.019663,Family,FALSE,FALSE,FALSE,FALSE
ENG_062_MZB_LO_2543,England,52.24773013,0.721346913,1173799,2003,2023,12,21,0.702714753,0.769899943,0.06718519,1.235908,1.222299,0.011689,-1.639296,3.304641,0.084764901,0.077832,0.021281,Family,FALSE,FALSE,FALSE,FALSE
ENG_062_MZB_LO_2544,England,52.26178128,0.711786728,1173799,2003,2023,12,21,0.802325969,0.898953953,0.096627984,3.324103,3.40456,3.505742,-0.106269,7.643114,0.009549241,0.093148,0.02185,Family,FALSE,FALSE,FALSE,FALSE
ENG_062_MZB_LO_2545,England,52.42025517,0.720707108,1173799,2002,2013,8,12,0.977466629,0.926288483,-0.051178146,-0.549003,-2.42317,-7.289942,3.498565,-0.932909,-0.097499814,0.076968,0.015243,Family,FALSE,FALSE,FALSE,FALSE
ENG_062_MZB_LO_2546,England,52.27729036,0.698219257,1173799,2002,2023,9,22,0.936038088,0.789007969,-0.147030119,0.559218,-0.010199,-0.017685,3.30729,0.420961,-0.024743317,0.052443,0.009498,Family,FALSE,FALSE,FALSE,FALSE
ENG_062_MZB_LO_2547,England,52.28882061,0.683566019,1173799,2002,2023,12,22,1.04405853,0.899609737,-0.144448793,-0.229149,-1.976905,-3.305451,7.541449,-0.909097,-0.045057954,0.071445,0.016167,Family,FALSE,FALSE,FALSE,FALSE
ENG_062_MZB_LO_2550,England,52.31331041,0.599857539,1173799,2004,2020,15,17,0.963448395,1.003035386,0.039586991,-0.331747,0.930454,2.462281,-2.488703,-0.27789,0.039271904,0.039944,0.000234,Family,FALSE,FALSE,FALSE,FALSE
ENG_062_MZB_LO_2553,England,52.56673298,0.519356451,1173799,2003,2019,15,17,0.973307178,1.086427629,0.11312045,3.934909,1.901547,3.01821,6.595118,9.358239,-0.022651274,0.058253,0.009503,Family,FALSE,FALSE,FALSE,FALSE
ENG_062_MZB_LO_2554,England,52.55937905,0.505715077,1173799,2003,2015,9,13,0.953883135,0.995306657,0.041423522,4.413632,3.045169,3.356284,-0.007272,9.490187,0.073863248,0.053597,0.019552,Family,FALSE,FALSE,FALSE,FALSE
ENG_062_MZB_LO_2555,England,52.30005267,0.480856771,1173799,2004,2018,9,15,0.96416698,0.764590253,-0.199576727,-1.140333,-3.681959,-6.487803,6.150845,-1.284408,0.062356852,0.028567,0.0195,Family,FALSE,FALSE,FALSE,FALSE
ENG_062_MZB_LO_2556,England,52.43949441,0.487828122,1173799,2003,2013,9,11,0.933144964,0.994071361,0.060926398,3.851242,3.86349,6.673411,1.405227,7.051727,-0.012573233,0.068257,0.005572,Family,FALSE,FALSE,FALSE,FALSE
ENG_062_MZB_LO_2557,England,52.34559533,0.461689492,1173799,2004,2014,9,11,0.967846755,1.027592018,0.059745264,1.581813,0.519072,0.328146,-0.354196,3.443724,0.023974228,0.051072,0.01089,Family,FALSE,FALSE,FALSE,FALSE
ENG_062_MZB_LO_2559,England,52.3320669,0.438465615,1173799,2003,2020,10,18,0.87694876,0.888750505,0.011801745,0.110035,-1.013607,-4.062638,4.471239,0.30145,0.028384657,0.016547,0.00872,Family,FALSE,FALSE,FALSE,FALSE
ENG_062_MZB_LO_2561,England,52.3064803,0.390247819,1173799,2004,2023,17,20,0.864181801,0.971179588,0.106997788,-2.283877,-0.891548,-1.222034,-5.872618,-4.482477,-0.060728668,0.069248,0.015434,Family,FALSE,FALSE,FALSE,FALSE
ENG_062_MZB_LO_2562,England,52.56645098,0.391163399,1173799,2002,2015,9,14,1.042202335,1.035977626,-0.006224709,1.239084,-0.296063,-1.76424,6.324897,2.618739,-0.047889997,0.096226,0.027139,Family,FALSE,FALSE,FALSE,FALSE
ENG_062_MZB_LO_2563,England,52.47783264,0.385487133,1173799,2004,2014,8,11,1.034894382,1.064869648,0.029975266,4.849609,3.381008,3.135838,1.451837,12.057456,0.230327453,0.093706,0.015615,Family,FALSE,FALSE,FALSE,FALSE
ENG_062_MZB_LO_2564,England,52.56238213,0.389156725,1173799,2003,2014,8,12,1.033434221,1.058552879,0.025118658,2.892532,0.214419,-2.030994,14.700229,6.078922,-0.02145635,0.063659,0.007278,Family,FALSE,FALSE,FALSE,FALSE
ENG_062_MZB_LO_2568,England,52.09369806,0.292121874,1173799,2003,2024,19,22,0.901009565,0.966639323,0.065629758,0.775769,-0.048482,1.916837,4.253233,1.278031,-0.01694682,0.053182,0.01717,Family,FALSE,FALSE,FALSE,FALSE
ENG_062_MZB_LO_2569,England,52.28668644,0.280764696,1173799,2003,2015,11,13,1.028559724,1.059941209,0.031381485,2.429816,2.750727,3.288889,-5.275298,4.955799,-0.034659532,0.012732,0.0021,Family,FALSE,FALSE,FALSE,FALSE
ENG_062_MZB_LO_2570,England,52.11376327,0.255598885,1173799,2003,2024,19,22,0.847882377,0.922212686,0.074330309,-1.876409,-1.4765,-2.885588,-1.854593,-3.730699,0.010757035,0.012318,0.00551,Family,FALSE,FALSE,FALSE,FALSE
ENG_062_MZB_LO_2573,England,52.51962528,0.25206413,1173799,2003,2014,10,12,0.932108004,1.021488003,0.089379999,1.137151,1.640272,3.29517,0.253318,1.297752,-0.020478562,0.014109,0.003128,Family,FALSE,FALSE,FALSE,FALSE
ENG_062_MZB_LO_2574,England,52.51984954,0.251146947,1173799,2003,2013,9,11,1.065579353,1.064020794,-0.001558559,0.279875,0.590986,-0.386574,-5.129428,1.270653,0.068784052,0.047213,0.006129,Family,FALSE,FALSE,FALSE,FALSE
ENG_062_MZB_LO_2576,England,52.12070479,0.219137066,1173799,2003,2023,18,21,0.885655304,1.002648266,0.116992962,-3.891496,-2.442424,-4.176826,-6.774437,-7.284896,0.070323711,0.074575,0.020888,Family,FALSE,FALSE,FALSE,FALSE
ENG_062_MZB_LO_2577,England,52.00317896,0.212164739,1173799,2002,2023,14,22,1.029178971,1.023747784,-0.005431186,0.703638,-0.178349,-0.252036,3.188594,1.604432,-0.031262241,0.000476,1.60E-05,Family,FALSE,FALSE,FALSE,FALSE
ENG_062_MZB_LO_2578,England,52.33365223,0.221793764,1173799,2002,2018,11,17,1.054485312,1.025282129,-0.029203184,3.874372,1.913217,2.232991,4.788234,7.651272,-0.02326919,0.06528,0.01549,Family,FALSE,FALSE,FALSE,FALSE
ENG_062_MZB_LO_2579,England,52.21241688,0.208584631,1173799,2004,2021,12,18,0.92110359,0.850585097,-0.070518493,-0.707675,-0.634952,-2.033638,-1.396169,-0.291412,0.00629896,0.061448,0.011564,Family,FALSE,FALSE,FALSE,FALSE
ENG_062_MZB_LO_2581,England,52.06214332,0.192408116,1173799,2004,2023,19,20,0.934232746,1.021647351,0.087414605,1.480572,-0.04419,-0.91351,6.919548,3.113153,-0.025786882,0.041467,0.008392,Family,FALSE,FALSE,FALSE,FALSE
ENG_062_MZB_LO_2583,England,52.44915262,0.180787393,1173799,2003,2013,10,11,1.005742228,0.968265983,-0.037476245,-3.45322,-0.416906,-2.889099,-14.194199,-6.624575,0.067056,0.114291,0.032177,Family,FALSE,FALSE,FALSE,FALSE
ENG_062_MZB_LO_2584,England,52.29463194,0.173192218,1173799,2002,2013,10,12,0.90376418,0.971799377,0.068035197,4.419616,4.89072,7.956389,-3.07942,8.99896,0.002671319,0.072951,0.035644,Family,FALSE,FALSE,FALSE,FALSE
ENG_062_MZB_LO_2585,England,52.11555297,0.157563488,1173799,2002,2024,17,23,0.888193011,1.01943434,0.13124133,2.097276,0.383822,0.321379,4.548461,3.734025,0.029229486,0.056401,0.012678,Family,FALSE,FALSE,FALSE,FALSE
ENG_062_MZB_LO_2586,England,52.14201469,0.148319516,1173799,2002,2023,20,22,0.862166187,0.949352325,0.087186138,0.758433,-0.436902,-1.98455,3.016066,1.849865,0.028021864,0.015331,0.000172,Family,FALSE,FALSE,FALSE,FALSE
ENG_062_MZB_LO_2587,England,52.45019157,0.162412909,1173799,2003,2017,9,15,0.976778628,1.016477561,0.039698934,1.75173,1.191484,-4.849215,1.154398,3.865303,-0.009039746,0.040987,0.008358,Family,FALSE,FALSE,FALSE,FALSE
ENG_062_MZB_LO_2590,England,52.30111748,0.138102659,1173799,2003,2018,7,16,0.927721766,0.987236435,0.059514669,-0.703545,-1.388572,-4.801271,6.933527,-1.071881,0.004671083,0.053049,0.019626,Family,FALSE,FALSE,FALSE,FALSE
ENG_062_MZB_LO_2595,England,52.33593664,0.079554053,1173799,2002,2013,10,12,0.97857986,1.001949069,0.023369209,3.290207,-0.257907,-0.892266,9.598103,6.973905,-0.011873046,0.017178,0.000823,Family,FALSE,FALSE,FALSE,FALSE
ENG_062_MZB_LO_2599,England,52.10228122,0.011051337,1173799,2004,2021,9,18,0.837351235,0.9900111,0.152659866,0.696695,0.507888,1.60108,0.926101,1.324879,-0.016922654,0.063101,0.000677,Family,FALSE,FALSE,FALSE,FALSE
ENG_062_MZB_LO_2600,England,52.38379591,0.013854089,1173799,2003,2013,10,11,0.992576451,0.970485902,-0.022090548,4.158261,3.087992,3.142689,1.322059,10.00676,0.059962257,0.086629,0.024484,Family,FALSE,FALSE,FALSE,FALSE
ENG_062_MZB_LO_2601,England,52.33505007,0.008689842,1173799,2002,2016,12,15,0.869344056,0.864347116,-0.00499694,-1.687539,-2.465144,-7.005192,1.232657,-4.050847,-0.107744912,0.091509,0.025048,Family,FALSE,FALSE,FALSE,FALSE
ENG_062_MZB_LO_2606,England,52.33134245,-0.061650124,1173799,2004,2019,7,16,0.804628623,0.894781777,0.090153154,0.879326,0.991501,6.136514,0.803143,2.021721,0.074501807,0.050961,0.012572,Family,FALSE,FALSE,FALSE,FALSE
ENG_062_MZB_LO_2607,England,52.1098783,-0.072858088,1173799,2003,2022,7,20,0.859781001,0.921513895,0.061732894,0.524616,0.363601,-1.335225,1.602919,0.824642,-0.075379127,0.063166,0.014268,Family,FALSE,FALSE,FALSE,FALSE
ENG_062_MZB_LO_2609,England,52.43660874,-0.109527356,1173799,2003,2015,10,13,1.014260076,0.886286384,-0.127973692,-1.865524,0.47579,0.910653,-8.329086,-4.28372,-0.092298486,0.050999,0.023781,Family,FALSE,FALSE,FALSE,FALSE
ENG_062_MZB_LO_2611,England,52.1005096,-0.128716844,1173799,2002,2020,7,19,0.943585173,1.062173564,0.118588391,2.023049,-0.874566,-0.51488,13.408943,3.620954,-0.060329355,0.031746,0.01376,Family,FALSE,FALSE,FALSE,FALSE
ENG_062_MZB_LO_2614,England,52.44823128,-0.18449215,1173799,2002,2023,16,22,0.999902001,1.087253588,0.087351587,-0.356354,0.722726,0.4946,-4.850562,-0.815954,-0.051605996,0.007017,0.003942,Family,FALSE,FALSE,FALSE,FALSE
ENG_062_MZB_LO_2616,England,52.12627803,-0.210838887,1173799,2004,2019,7,16,0.683283327,0.630090791,-0.053192536,-3.760425,-2.729509,-4.465826,0.419051,-6.767283,0.034732985,0.022738,0.002451,Family,FALSE,FALSE,FALSE,FALSE
ENG_062_MZB_LO_2618,England,52.01195903,-0.217556833,1173799,2006,2024,13,19,0.858122832,0.842172509,-0.015950323,-0.160323,-1.051384,-1.301137,4.71204,-1.147003,0.021223529,0.059837,0.003004,Family,FALSE,FALSE,FALSE,FALSE
ENG_062_MZB_LO_2619,England,52.11136185,-0.219219876,1173799,2003,2019,11,17,0.658734205,0.753886252,0.095152047,-0.288849,-0.468902,-1.585641,0.989814,-1.004096,-0.028303882,0.045784,0.008945,Family,FALSE,FALSE,FALSE,FALSE
ENG_062_MZB_LO_2621,England,51.95557774,-0.258958097,1173799,2002,2018,7,17,0.819026948,0.910735363,0.091708415,2.490307,1.16607,-0.929991,3.714958,4.471302,-0.051776106,0.017782,0.004137,Family,FALSE,FALSE,FALSE,FALSE
ENG_062_MZB_LO_2624,England,52.03149092,-0.266462663,1173799,2002,2024,20,23,0.98728387,1.099878945,0.112595075,0.844056,-0.310423,-1.02538,2.706579,1.499435,-0.051514077,0.036785,0.004951,Family,FALSE,FALSE,FALSE,FALSE
ENG_062_MZB_LO_2625,England,52.02621291,-0.267089212,1173799,2002,2013,8,12,0.892829918,1.03449852,0.141668601,1.195296,2.118051,0.636003,-4.873357,4.018951,0.145882279,0.117348,0.025215,Family,FALSE,FALSE,FALSE,FALSE
ENG_062_MZB_LO_2626,England,52.51315317,-0.248681214,1173799,2004,2014,9,11,0.981268593,1.0320597,0.050791107,1.133779,1.132871,-3.110887,-1.281252,2.329962,0.071808456,0.102683,0.005124,Family,FALSE,FALSE,FALSE,FALSE
ENG_062_MZB_LO_2627,England,51.97716083,-0.271907384,1173799,2002,2019,10,18,0.742161093,0.975858513,0.23369742,2.598532,2.459099,4.869114,-4.626208,5.151057,-0.059662301,0.060279,0.016613,Family,FALSE,FALSE,FALSE,FALSE
ENG_062_MZB_LO_2628,England,51.96520695,-0.275337988,1173799,2003,2019,10,17,0.890428154,1.048828839,0.158400685,4.949847,4.410209,5.595797,-0.678749,10.056411,-0.066532818,0.045469,0.000807,Family,FALSE,FALSE,FALSE,FALSE
ENG_062_MZB_LO_2629,England,52.24217262,-0.262105519,1173799,2002,2019,7,18,0.890836203,1.014372909,0.123536706,-2.070342,-2.071302,-6.09503,1.088461,-3.26273,0.008549737,0.020632,0.010011,Family,FALSE,FALSE,FALSE,FALSE
ENG_062_MZB_LO_2632,England,52.1672365,-0.305939359,1173799,2003,2023,7,21,0.933220335,0.878744603,-0.054475732,0.212732,-0.474507,-1.121934,1.574707,1.058059,-0.013882639,0.050809,0.012832,Family,FALSE,FALSE,FALSE,FALSE
ENG_062_MZB_LO_2633,England,52.26880345,-0.353557095,1173799,2002,2024,19,23,0.827126073,0.889834867,0.062708794,1.24473,0.621801,-0.683822,3.137814,2.518438,0.015694711,0.046896,0.006676,Family,FALSE,FALSE,FALSE,FALSE
ENG_062_MZB_LO_2634,England,51.99249076,-0.384534411,1173799,2002,2013,10,12,1.055390499,1.01638722,-0.03900328,4.863465,2.758534,-2.910157,8.787933,10.370606,0.007062859,0.047802,0.013688,Family,FALSE,FALSE,FALSE,FALSE
ENG_062_MZB_LO_2636,England,52.28938718,-0.379744125,1173799,2002,2017,9,16,0.795370283,0.816857521,0.021487238,1.816097,1.439032,0.565831,4.389299,3.765948,0.029921144,0.032908,0.004599,Family,FALSE,FALSE,FALSE,FALSE
ENG_062_MZB_LO_2637,England,52.03245354,-0.389378732,1173799,2002,2013,8,12,0.868870798,0.956507126,0.087636328,0.88301,-2.440164,-4.187661,12.923893,2.288661,-0.011726072,0.10687,0.007113,Family,FALSE,FALSE,FALSE,FALSE
ENG_062_MZB_LO_2638,England,52.1392227,-0.387666002,1173799,2002,2014,7,13,0.874442663,0.926253428,0.051810765,5.177218,3.384569,6.55479,9.438357,11.498533,0.014816797,0.038511,0.026701,Family,FALSE,FALSE,FALSE,FALSE
ENG_062_MZB_LO_2639,England,52.01680965,-0.480175933,1173799,2003,2023,8,21,0.702269244,0.808967913,0.106698669,0.898619,2.015922,3.250883,-5.916649,0.36767,-0.074737684,0.05558,0.012114,Family,FALSE,FALSE,FALSE,FALSE
ENG_062_MZB_LO_2640,England,51.97403281,-0.505878089,1173799,2002,2017,7,16,0.905446989,0.901447769,-0.003999219,1.007439,-0.79843,-3.928586,8.269527,2.603373,0.067907318,0.001139,7.40E-05,Family,FALSE,FALSE,FALSE,FALSE
ENG_062_MZB_LO_2642,England,52.11784569,-0.506102348,1173799,2002,2020,13,19,0.97175267,1.029366754,0.057614084,-0.04728,-0.082373,-0.810057,0.512542,0.1578,-0.020906516,0.053402,0.006608,Family,FALSE,FALSE,FALSE,FALSE
ENG_062_MZB_LO_2643,England,52.72129586,0.793967398,1173799,2004,2023,9,20,0.948744122,0.976172869,0.027428747,0.527456,0.092235,-0.479072,0.525931,1.230129,0.052680625,0.031447,0.006879,Family,FALSE,FALSE,FALSE,FALSE
ENG_062_MZB_LO_2644,England,52.63878477,0.788765061,1173799,2003,2020,11,18,0.870850337,0.976951877,0.10610154,1.617433,1.395307,-2.311974,-0.487573,3.58686,-0.001834181,0.010033,0.015877,Family,FALSE,FALSE,FALSE,FALSE
ENG_062_MZB_LO_2645,England,52.57280637,0.760723537,1173799,2003,2023,8,21,0.983333936,0.90055054,-0.082783396,1.046516,1.152828,2.606298,-1.762665,2.186202,-0.046922722,0.06422,0.015361,Family,FALSE,FALSE,FALSE,FALSE
ENG_062_MZB_LO_2646,England,52.62654894,0.755594252,1173799,2002,2020,7,19,1.027612042,0.937146092,-0.09046595,0.358103,0.039735,0.684999,0.787908,0.444381,-0.079456247,0.011864,0.005997,Family,FALSE,FALSE,FALSE,FALSE
ENG_062_MZB_LO_2650,England,52.68818982,0.582470197,1173799,2002,2020,16,19,0.890955546,1.023121302,0.132165756,1.250372,-0.091078,-0.044729,5.520987,1.958733,-0.027317539,0.059688,0.015166,Family,FALSE,FALSE,FALSE,FALSE
ENG_062_MZB_LO_2655,England,52.90879895,0.50314987,1165534,2002,2017,11,16,0.910540218,0.926755852,0.016215634,-1.899756,-2.007713,-7.383184,0.379796,-3.542344,0.031043486,0.047125,0.013956,Family,FALSE,FALSE,FALSE,FALSE
ENG_062_MZB_LO_2656,England,52.87245821,0.500819924,1162998,2002,2023,16,22,0.892689379,0.863259038,-0.029430341,0.029133,-0.87396,-3.961115,-0.298143,-0.210359,0.009088841,0.010893,0.011221,Family,FALSE,FALSE,FALSE,FALSE
ENG_062_MZB_LO_2662,England,52.58286316,0.343858335,1173799,2002,2014,7,13,0.978343969,1.017207395,0.038863426,5.243161,2.739216,1.070446,7.385238,13.609258,0.045292311,0.096838,0.019997,Family,FALSE,FALSE,FALSE,FALSE
ENG_062_MZB_LO_2663,England,52.58815501,0.339534385,1173799,2003,2017,10,15,1.011607578,1.013407682,0.001800104,8.73204,-0.298817,-0.083463,11.278689,21.799646,-0.09193559,0.050191,0.019189,Family,FALSE,FALSE,FALSE,FALSE
ENG_062_MZB_LO_2665,England,52.58968195,0.059843594,1173799,2003,2014,9,12,1.013915108,1.034202575,0.020287466,2.835015,0.765745,-0.555948,7.542927,3.952967,-0.176701213,0.084938,0.015821,Family,FALSE,FALSE,FALSE,FALSE
ENG_062_MZB_LO_2667,England,51.89765814,-0.591939397,1173799,2003,2018,9,16,0.963193016,0.921547022,-0.041645993,2.862706,-0.223236,-0.35323,7.49142,6.39859,-0.019679507,0.030989,0.017779,Family,FALSE,FALSE,FALSE,FALSE
ENG_062_MZB_LO_2668,England,52.19877279,-0.602687417,1173799,2002,2019,10,18,1.0910938,1.040265487,-0.050828313,0.324693,-1.035092,-3.050865,6.043712,-0.172448,-0.004242778,0.053102,0.011338,Family,FALSE,FALSE,FALSE,FALSE
ENG_062_MZB_LO_2669,England,51.88262874,-0.627293156,1173799,2002,2015,9,14,0.915826809,0.960309887,0.044483078,3.762305,0.709544,-2.545739,6.738897,9.166585,-0.076623065,0.068994,0.026814,Family,FALSE,FALSE,FALSE,FALSE
ENG_062_MZB_LO_2670,England,52.04121927,-0.639635255,1173799,2002,2024,11,23,0.753249008,0.900624274,0.147375266,0.214018,0.241919,0.156191,-1.041391,1.087527,0.009564771,0.044922,0.011406,Family,FALSE,FALSE,FALSE,FALSE
ENG_062_MZB_LO_2671,England,51.9183493,-0.648015398,1173799,2004,2023,16,20,0.854871714,0.959968478,0.105096764,0.997061,-0.00412,-0.547224,3.824277,2.78796,-0.029476412,0.048968,0.010403,Family,FALSE,FALSE,FALSE,FALSE
ENG_062_MZB_LO_2672,England,52.05472427,-0.70016116,1173799,2002,2019,13,18,0.72256389,0.864926315,0.142362425,0.300202,1.409801,0.644646,-5.594642,0.924171,0.030528235,0.08626,0.007166,Family,FALSE,FALSE,FALSE,FALSE
ENG_062_MZB_LO_2673,England,52.0601031,-0.715131536,1173799,2002,2017,7,16,1.048113953,0.92807254,-0.120041413,1.316393,-0.327064,-2.148584,0.001816,3.684654,-0.000369378,0.076183,0.015256,Family,FALSE,FALSE,FALSE,FALSE
ENG_062_MZB_LO_2676,England,51.91029395,-0.899461566,1173799,2006,2018,9,13,0.755636729,0.706206081,-0.049430648,-8.933507,-2.007269,-3.120592,-23.232609,-3.059464,-0.070653049,0.005057,0.03351,Family,FALSE,FALSE,FALSE,FALSE
ENG_062_MZB_LO_2677,England,51.94208906,-0.9170441,1173799,2003,2018,11,16,0.971999439,0.930253727,-0.041745712,-0.884555,0.193019,1.163996,-2.653323,-2.304906,-0.099100075,0.039503,0.016128,Family,FALSE,FALSE,FALSE,FALSE
ENG_062_MZB_LO_2681,England,52.1325848,-0.957857282,1173799,2004,2024,19,21,0.983313923,1.086320478,0.103006555,0.300897,-0.267271,-0.321076,0.713771,-0.255954,-0.024443319,0.019286,0.00723,Family,FALSE,FALSE,FALSE,FALSE
ENG_062_MZB_LO_2684,England,51.95372349,-0.977357205,1173799,2002,2021,7,20,0.977142262,0.863168136,-0.113974126,3.605521,0.49339,-0.688599,11.899604,6.826438,-0.016875046,0.038906,0.023533,Family,FALSE,FALSE,FALSE,FALSE
ENG_062_MZB_LO_2685,England,52.11754846,-1.006433323,1173799,2003,2023,10,21,0.834748978,1.01485997,0.180110993,-1.157549,-0.51327,-3.42183,-1.007979,-1.959569,-0.032147178,0.089843,0.019519,Family,FALSE,FALSE,FALSE,FALSE
ENG_062_MZB_LO_2688,England,52.06735702,-1.069928034,1173799,2002,2012,7,11,0.823174582,0.901257289,0.078082707,10.319875,4.941254,2.067951,-4.43888,22.820301,0.010681746,0.189117,0.039345,Family,FALSE,FALSE,FALSE,FALSE
ENG_062_MZB_LO_2690,England,52.01564424,-1.132943856,1173799,2002,2012,7,11,0.770189075,0.785933125,0.01574405,3.192132,-1.398974,-6.118008,22.338946,8.547328,0.069926607,0.043276,0.005392,Family,FALSE,FALSE,FALSE,FALSE
ENG_062_MZB_LO_2692,England,52.08913758,-1.169309341,1173799,2002,2016,8,15,0.812820331,0.785289899,-0.027530433,-1.006301,-2.265222,-4.316474,0.142175,-2.194106,0.041265381,0.07062,0.013983,Family,FALSE,FALSE,FALSE,FALSE
ENG_062_MZB_LO_2693,England,51.85331068,0.573281149,1170198,2002,2015,7,14,0.80019821,0.917482899,0.117284689,5.243735,1.859018,2.271178,11.880813,9.678447,-0.135708847,0.104074,0.028874,Family,FALSE,FALSE,FALSE,FALSE
ENG_062_MZB_LO_2694,England,52.47111196,-0.975339371,1173800,2002,2017,14,16,0.935467155,1.03201115,0.096543995,-1.253042,-0.744591,-2.310034,-3.323738,-1.467187,0.097342087,0.094737,0.004637,Family,FALSE,FALSE,FALSE,FALSE
ENG_062_MZB_LO_2697,England,54.51478125,-3.339211387,1154983,2004,2021,11,18,0.938323445,0.968158274,0.029834829,2.398136,0.476826,1.233455,1.565982,4.586597,0.032841844,0.026918,0.009402,Family,FALSE,FALSE,FALSE,FALSE
ENG_062_MZB_LO_2698,England,54.899005,-2.916734501,1174206,2002,2019,17,18,0.862024499,1.009627586,0.147603086,3.266946,2.784264,4.939593,2.283676,6.671876,-0.033336177,0.030865,0.012247,Family,FALSE,FALSE,FALSE,FALSE
ENG_062_MZB_LO_2699,England,54.4334699,-3.037670492,1173526,2002,2022,7,21,0.954044962,0.97069882,0.016653858,-0.406089,-0.99624,-1.800441,1.820873,-1.312319,-0.014912369,0.039897,0.003069,Family,FALSE,FALSE,FALSE,FALSE
ENG_062_MZB_LO_2702,England,54.44038222,-3.532056348,1154983,2002,2019,16,18,0.990198332,0.972012292,-0.01818604,-2.730703,-1.700857,-4.845673,-6.050235,-5.242732,0.018549774,0.067111,0.018735,Family,FALSE,FALSE,FALSE,FALSE
ENG_062_MZB_LO_2704,England,54.50266688,-3.527222111,1154983,2002,2014,7,13,0.847114245,0.947938076,0.100823831,-0.512323,0.491364,0.841815,-5.113913,-0.403105,-0.0053489,0.088117,0.020495,Family,FALSE,FALSE,FALSE,FALSE
ENG_062_MZB_LO_2706,England,54.19906329,-2.589822007,1173826,2002,2015,7,14,0.971640805,1.039441988,0.067801183,4.281099,-5.125375,-10.990186,32.444937,7.993158,-0.063337057,0.079151,0.005025,Family,FALSE,FALSE,FALSE,FALSE
ENG_062_MZB_LO_2707,England,54.61319828,-2.637933714,1174206,2003,2013,7,11,0.888822444,0.964377028,0.075554584,0.055577,-5.753144,-6.167623,21.588407,-0.241423,0.023795293,0.092349,0.009525,Family,FALSE,FALSE,FALSE,FALSE
ENG_062_MZB_LO_2708,England,54.65166558,-2.741399921,1174206,2002,2013,9,12,0.947762625,1.017927215,0.07016459,1.005314,-0.160028,1.099557,9.598238,2.433205,-0.137104752,0.081466,0.011958,Family,FALSE,FALSE,FALSE,FALSE
ENG_062_MZB_LO_2714,England,54.84212695,-3.278584194,1168477,2002,2017,8,16,0.731226773,0.797957261,0.066730487,1.770201,-2.391659,-3.043173,8.419627,3.948976,0.020063417,0.102674,0.027902,Family,FALSE,FALSE,FALSE,FALSE
ENG_062_MZB_LO_2715,England,54.55152027,-2.746337491,1174206,2004,2018,10,15,0.883841087,0.956213031,0.072371944,1.415888,-0.595064,0.574676,9.088189,2.461117,-0.025897617,0.021816,0.0045,Family,FALSE,FALSE,FALSE,FALSE
ENG_062_MZB_LO_2716,England,54.53689262,-2.758805317,1174206,2011,2021,11,11,0.796219286,0.824297622,0.028078335,3.609905,3.335202,1.136039,2.673577,5.309429,-0.060636958,0.020358,0.009373,Family,FALSE,FALSE,FALSE,FALSE
ENG_062_MZB_LO_2718,England,54.58119983,-3.318737272,1172425,2002,2023,10,22,0.963512571,0.856201061,-0.10731151,-1.080766,1.196099,4.689827,-10.420315,-1.63817,0.000676811,0.05837,0.016489,Family,FALSE,FALSE,FALSE,FALSE
ENG_062_MZB_LO_2720,England,54.66780558,-2.655813983,1174206,2002,2017,11,16,0.845802012,0.927734094,0.081932082,1.634359,1.790237,4.521947,0.964348,2.477924,-0.097349633,0.077476,0.011157,Family,FALSE,FALSE,FALSE,FALSE
ENG_062_MZB_LO_2721,England,53.4884288,-2.520334325,1172537,2002,2013,7,12,0.668588504,0.732490091,0.063901587,-0.052221,0.155943,2.465879,0.015031,0.26579,0.135276288,0.005241,0.013878,Family,FALSE,FALSE,FALSE,FALSE
ENG_062_MZB_LO_2724,England,54.64814458,-3.53628349,1172425,2002,2019,17,18,0.982484392,0.906769863,-0.075714529,-1.059677,-0.194327,-1.048249,-7.529385,-2.277183,-0.052865983,0.072227,0.009019,Family,FALSE,FALSE,FALSE,FALSE
ENG_062_MZB_LO_2726,England,54.41098488,-3.502499246,1150107,2002,2014,8,13,0.962652232,1.013945722,0.05129349,-3.856777,-1.695307,-11.59804,-9.035944,-7.085373,0.049842496,0.091375,0.024255,Family,FALSE,FALSE,FALSE,FALSE
ENG_062_MZB_LO_2727,England,54.20988626,-2.77217392,1159606,2002,2013,7,12,0.942797408,0.907298517,-0.035498891,0.033075,0.473256,-0.026193,-3.715797,-0.45049,0.008082042,0.120446,0.021321,Family,FALSE,FALSE,FALSE,FALSE
ENG_062_MZB_LO_2728,England,54.64684964,-2.738290413,1174206,2002,2015,9,14,0.977325663,0.985728662,0.008402999,-1.104231,-2.702644,-5.521149,7.040379,-3.711221,-0.06240233,0.087102,0.000656,Family,FALSE,FALSE,FALSE,FALSE
ENG_062_MZB_LO_2730,England,54.51584619,-3.497482237,1154983,2002,2023,18,22,0.970380731,0.964974444,-0.005406287,-1.639266,0.369229,0.348324,-9.044331,-3.078941,0.052688394,0.006429,0.001706,Family,FALSE,FALSE,FALSE,FALSE
ENG_062_MZB_LO_2734,England,54.50346654,-2.321245548,1174206,2002,2016,7,15,1.007459353,1.065866183,0.058406831,0.854049,-2.416123,-2.007804,15.187289,1.586068,0.043680484,0.067819,0.012022,Family,FALSE,FALSE,FALSE,FALSE
ENG_062_MZB_LO_2737,England,54.61235466,-3.062439316,1172425,2002,2021,18,20,0.836789059,0.963533966,0.126744907,0.339675,0.325669,-0.427984,-3.79131,0.718645,-0.012534722,0.042345,0.009992,Family,FALSE,FALSE,FALSE,FALSE
ENG_062_MZB_LO_2738,England,54.42231307,-2.977773322,1173526,2002,2023,19,22,0.850892087,0.937713717,0.086821631,0.088135,0.543932,0.552612,-3.389975,0.576303,0.012344532,0.0369,0.006188,Family,FALSE,FALSE,FALSE,FALSE
ENG_062_MZB_LO_2739,England,54.54808467,-3.152940255,1172425,2002,2016,7,15,0.984433697,0.952681759,-0.031751938,-2.150482,0.135161,-0.139925,-9.989121,-5.686135,-0.06723967,0.096136,0.019106,Family,FALSE,FALSE,FALSE,FALSE
ENG_062_MZB_LO_2742,England,54.66105289,-3.361768732,1172425,2002,2016,10,15,1.006122329,0.989089465,-0.017032864,0.445752,0.019665,-0.894141,0.275382,0.116116,-0.040092209,0.063067,0.011449,Family,FALSE,FALSE,FALSE,FALSE
ENG_062_MZB_LO_2743,England,54.72410651,-2.794175967,1174206,2002,2014,7,13,0.845762918,0.93300012,0.087237201,1.577707,0.132875,-5.753889,8.202357,2.107472,-0.026646855,0.066527,0.010506,Family,FALSE,FALSE,FALSE,FALSE
ENG_062_MZB_LO_2744,England,54.3047959,-2.749055351,1174190,2002,2017,7,16,0.916519525,0.911326021,-0.005193505,-1.680822,-0.740295,-2.108291,-5.280696,-2.817561,-0.038435272,0.014042,0.003391,Family,FALSE,FALSE,FALSE,FALSE
ENG_062_MZB_LO_2745,England,54.97148947,-2.740142581,1174206,2002,2016,7,15,0.993537066,1.013874778,0.020337712,1.765343,0.424453,0.995745,6.57258,4.090119,-0.018793894,0.054629,0.009924,Family,FALSE,FALSE,FALSE,FALSE
ENG_062_MZB_LO_2746,England,54.90109017,-2.94599039,1174206,2002,2019,18,18,0.963028314,0.998461079,0.035432765,-0.578864,-1.361879,-5.386335,0.0614,-1.196315,0.040467512,0.024981,0.013043,Family,FALSE,FALSE,FALSE,FALSE
ENG_062_MZB_LO_2749,England,54.98814519,-2.916374101,1172887,2002,2017,8,16,0.987673306,1.063092241,0.075418935,1.854732,0.199412,-3.129759,3.190921,3.147804,0.043476452,0.043774,0.017159,Family,FALSE,FALSE,FALSE,FALSE
ENG_062_MZB_LO_2751,England,54.44006105,-3.474083693,1150107,2003,2022,9,20,0.973076387,0.993261048,0.02018466,-3.115094,-1.30243,-2.312016,-6.935798,-5.144426,0.023761985,0.046637,0.012276,Family,FALSE,FALSE,FALSE,FALSE
ENG_062_MZB_LO_2752,England,54.3972085,-3.224488381,1173834,2003,2022,9,20,0.891017564,1.008221558,0.117203993,0.06264,-0.436381,-0.410233,1.342141,-0.202937,-0.021560057,0.031954,0.011664,Family,FALSE,FALSE,FALSE,FALSE
ENG_062_MZB_LO_2753,England,54.38274101,-3.417318209,1173115,2002,2024,18,23,1.02691966,0.967989688,-0.058929972,-1.29867,-0.269997,-0.433037,-4.659057,-3.140662,0.008808293,0.025634,0.002485,Family,FALSE,FALSE,FALSE,FALSE
ENG_062_MZB_LO_2755,England,54.36851103,-3.34035607,1173834,2002,2023,17,22,0.993866252,0.963885037,-0.029981215,-0.834646,1.648252,3.10009,-7.111448,-1.791001,0.012790413,0.027936,0.005573,Family,FALSE,FALSE,FALSE,FALSE
ENG_062_MZB_LO_2756,England,54.42166256,-3.345482317,1173115,2002,2022,7,21,0.914484485,0.97406695,0.059582465,-0.351642,-1.739763,-4.116788,2.919367,-1.242618,-0.032251813,0.060689,0.01351,Family,FALSE,FALSE,FALSE,FALSE
ENG_062_MZB_LO_2757,England,54.60306509,-3.143951634,1172425,2002,2016,7,15,1.014192809,0.997557436,-0.016635372,-2.137706,-0.640541,-6.624022,-7.542719,-3.504637,0.052985399,0.10142,0.022475,Family,FALSE,FALSE,FALSE,FALSE
ENG_062_MZB_LO_2758,England,54.53983405,-2.718673848,1174206,2002,2018,12,17,0.91870082,0.913879956,-0.004820864,3.839343,0.054518,-0.427575,12.230042,7.60103,-0.027549404,0.082494,0.012917,Family,FALSE,FALSE,FALSE,FALSE
ENG_062_MZB_LO_2759,England,54.80573053,-2.85410274,1174206,2003,2016,8,14,0.829504378,0.855676771,0.026172393,-0.070557,1.185942,5.303772,-6.702017,-2.515004,-0.014131795,0.030042,0.004246,Family,FALSE,FALSE,FALSE,FALSE
ENG_062_MZB_LO_2760,England,54.52790693,-3.43827667,1154983,2002,2019,13,18,1.018453296,0.989577773,-0.028875523,-2.105459,0.59467,1.513748,-10.033993,-4.324437,-0.04054321,0.051529,0.012105,Family,FALSE,FALSE,FALSE,FALSE
ENG_062_MZB_LO_2761,England,54.26850019,-3.399096171,1156450,2002,2017,9,16,0.852869036,0.883197984,0.030328948,0.340848,1.633268,2.381615,-4.460301,0.074596,-0.050838124,0.039384,0.012607,Family,FALSE,FALSE,FALSE,FALSE
ENG_062_MZB_LO_2762,England,54.89027076,-3.181871325,1168557,2002,2013,7,12,0.588426398,0.650113511,0.061687112,-1.63954,6.74021,10.790267,-23.602434,-1.79267,-0.009917951,0.158189,0.045066,Family,FALSE,FALSE,FALSE,FALSE
ENG_062_MZB_LO_2765,England,54.91370694,-2.973351324,1174206,2002,2017,7,16,0.910501133,0.992301286,0.081800154,-1.166319,-1.914422,-3.364803,5.104041,-2.424063,-0.047050497,0.042377,0.001762,Family,FALSE,FALSE,FALSE,FALSE
ENG_062_MZB_LO_2769,England,53.27970653,-2.599726869,1174159,2002,2016,7,15,0.694950505,0.665130774,-0.029819731,1.877745,0.015598,-2.00964,5.72395,4.079955,-0.013658727,0.071224,0.033362,Family,FALSE,FALSE,FALSE,FALSE
ENG_062_MZB_LO_2770,England,53.20220729,-2.046275564,1174159,2004,2024,9,21,0.887863634,0.8918517,0.003988066,2.278617,1.239473,2.242046,3.571752,5.350453,0.004009441,0.05267,0.009695,Family,FALSE,FALSE,FALSE,FALSE
ENG_062_MZB_LO_2771,England,53.54304263,-3.047023787,1165653,2003,2017,7,15,0.812455589,0.910267635,0.097812046,1.509068,0.401428,0.627376,4.696269,2.784223,-0.038642226,0.025376,0.001566,Family,FALSE,FALSE,FALSE,FALSE
ENG_062_MZB_LO_2773,England,53.48331324,-2.459346102,1172537,2002,2017,10,16,0.681669314,0.725702518,0.044033204,1.508017,0.057072,1.702873,3.458026,4.987045,-0.004715762,0.051742,0.011539,Family,FALSE,FALSE,FALSE,FALSE
ENG_062_MZB_LO_2774,England,54.20899974,-3.071145919,1159099,2002,2019,16,18,1.025733949,1.017372891,-0.008361058,-0.571362,0.233287,-1.034441,-5.956219,-1.100696,-0.040714875,0.009618,0.006693,Family,FALSE,FALSE,FALSE,FALSE
ENG_062_MZB_LO_2775,England,54.27822549,-3.371671778,1156450,2003,2017,7,15,0.750462468,0.819062802,0.068600335,0.887709,1.780156,3.169968,0.019773,3.369849,-0.046074599,0.050894,0.005131,Family,FALSE,FALSE,FALSE,FALSE
ENG_062_MZB_LO_2776,England,53.79378811,-2.345846704,1173824,2002,2023,18,22,0.835034479,0.789113769,-0.04592071,1.352391,0.344861,0.054442,4.088821,2.945479,-0.012691852,0.02716,0.000285,Family,FALSE,FALSE,FALSE,FALSE
ENG_062_MZB_LO_2777,England,54.6185798,-3.315361971,1172425,2002,2023,13,22,1.03209042,0.988518322,-0.043572098,-1.756154,-1.080778,-1.695799,-3.418586,-3.883122,0.023782628,0.021417,0.011438,Family,FALSE,FALSE,FALSE,FALSE
ENG_062_MZB_LO_2779,England,53.92624214,-2.522296504,1173824,2002,2019,15,18,1.002885131,1.078676716,0.075791585,3.031085,1.148803,2.177636,7.239482,5.787262,-0.062548641,0.053042,0.005741,Family,FALSE,FALSE,FALSE,FALSE
ENG_062_MZB_LO_2780,England,54.98720536,-2.997008376,1172887,2002,2013,7,12,0.937213434,1.065743383,0.128529949,5.031074,1.369536,7.534203,8.760808,8.065872,-0.109635317,0.043841,0.016551,Family,FALSE,FALSE,FALSE,FALSE
ENG_062_MZB_LO_2781,England,53.743294,-2.644093559,1173824,2002,2017,9,16,0.616941608,0.836006944,0.219065337,4.360073,1.242343,-1.362906,2.82945,7.621575,-0.106644873,0.10393,0.014866,Family,FALSE,FALSE,FALSE,FALSE
ENG_062_MZB_LO_2784,England,54.90365511,-2.956983,1174206,2002,2017,9,16,0.952776505,0.989704582,0.036928076,0.714843,-2.011955,-3.713066,12.831527,0.954471,-0.050019117,0.00528,0.009283,Family,FALSE,FALSE,FALSE,FALSE
ENG_062_MZB_LO_2786,England,54.12720885,-3.135920261,1156637,2002,2013,7,12,0.758817629,0.849271806,0.090454177,2.091665,-0.536464,-3.342325,17.536767,4.999374,-0.024683732,0.033746,0.01772,Family,FALSE,FALSE,FALSE,FALSE
ENG_062_MZB_LO_2787,England,53.91966683,-2.770411937,1173825,2002,2019,15,18,0.984425975,1.013690596,0.02926462,1.616309,-1.411638,-1.359946,12.438704,3.079862,-0.019589242,0.039639,0.004138,Family,FALSE,FALSE,FALSE,FALSE
ENG_062_MZB_LO_2788,England,54.62351669,-3.173442953,1172425,2003,2016,7,14,0.905876651,1.058042878,0.152166227,-1.610046,2.087202,0.664878,-13.344343,-3.491115,-0.100929005,0.080526,0.021015,Family,FALSE,FALSE,FALSE,FALSE
ENG_062_MZB_LO_2794,England,54.02096067,-2.437629717,1173824,2012,2023,11,12,0.947885341,0.83789115,-0.10999419,3.24648,0.946295,2.123053,1.458921,6.701091,-0.046984464,0.092172,0.016368,Family,FALSE,FALSE,FALSE,FALSE
ENG_062_MZB_LO_2795,England,53.67199236,-2.745950536,1173824,2002,2015,7,14,0.707490384,0.889843613,0.182353229,1.20765,-1.295414,-4.748539,14.03853,3.282595,-0.037177041,0.070835,0.01939,Family,FALSE,FALSE,FALSE,FALSE
ENG_062_MZB_LO_2796,England,54.92492306,-2.751738505,1174206,2002,2019,18,18,1.021707316,1.010697668,-0.011009648,0.234406,0.34707,0.521036,0.46809,0.193683,0.008111463,0.007361,0.010433,Family,FALSE,FALSE,FALSE,FALSE
ENG_062_MZB_LO_2798,England,53.68847005,-2.617770827,1173824,2002,2018,8,17,0.829329023,0.896820325,0.067491302,0.5578,0.236671,0.123571,0.835836,1.337671,-0.124387984,0.075732,0.01579,Family,FALSE,FALSE,FALSE,FALSE
ENG_062_MZB_LO_2799,England,53.84795118,-2.450928595,1173824,2003,2014,11,12,1.017173817,1.073795977,0.05662216,0.699593,0.066716,0.915829,8.779722,0.158442,-0.108626476,0.017299,0.005353,Family,FALSE,FALSE,FALSE,FALSE
ENG_062_MZB_LO_2800,England,54.71433476,-3.491950322,1160298,2002,2013,7,12,0.962227535,1.026921734,0.0646942,1.232159,0.407723,-0.66534,2.613845,3.926161,0.094687149,0.077542,0.00328,Family,FALSE,FALSE,FALSE,FALSE
ENG_062_MZB_LO_2803,England,54.61239377,-3.307311855,1172425,2002,2017,7,16,0.953023457,1.011863102,0.058839645,-1.586047,0.655301,-0.695117,-6.220331,-3.062809,-0.032703601,0.062484,0.019075,Family,FALSE,FALSE,FALSE,FALSE
ENG_062_MZB_LO_2810,England,55.06295745,-2.707447055,1172887,2003,2022,11,20,0.897765885,1.021727563,0.123961678,2.378399,0.143115,-0.675768,8.478149,4.658876,-0.016806328,0.050527,0.001896,Family,FALSE,FALSE,FALSE,FALSE
ENG_062_MZB_LO_2811,England,54.75194949,-2.628461774,1174206,2003,2017,7,15,0.8145271,0.963514701,0.148987601,1.487214,-0.970868,-1.650702,10.457022,2.722727,0.017692697,0.00499,0.009502,Family,FALSE,FALSE,FALSE,FALSE
ENG_062_MZB_LO_2815,England,54.62282019,-2.487792975,1174206,2002,2018,8,17,0.936423288,1.01450257,0.078079282,3.249834,0.675548,0.723834,11.776168,6.268652,-0.040849901,0.038475,0.013369,Family,FALSE,FALSE,FALSE,FALSE
ENG_062_MZB_LO_2818,England,54.51107517,-2.271248485,1174206,2003,2018,7,16,0.968902447,1.011270078,0.042367631,-0.329778,-1.87543,-2.196124,6.895703,-0.960754,0.012711298,0.043363,0.00553,Family,FALSE,FALSE,FALSE,FALSE
ENG_062_MZB_LO_2825,England,54.27802632,-2.757077373,1174190,2003,2022,15,20,0.931259084,0.981040081,0.049780997,1.116289,1.190071,1.225388,-3.575901,1.457531,-0.051327916,0.015832,0.007568,Family,FALSE,FALSE,FALSE,FALSE
ENG_062_MZB_LO_2826,England,54.49406106,-2.381721774,1174206,2002,2018,8,17,0.956002997,1.023012599,0.067009602,2.158371,1.189022,3.227673,8.096798,4.748459,-0.001105811,0.061318,0.01005,Family,FALSE,FALSE,FALSE,FALSE
ENG_062_MZB_LO_2827,England,54.25471542,-3.065638196,1173526,2002,2014,8,13,0.926222754,0.850737663,-0.075485091,-1.334206,1.404541,2.82032,-11.653263,-2.662685,0.040274235,0.073352,0.015081,Family,FALSE,FALSE,FALSE,FALSE
ENG_062_MZB_LO_2828,England,53.92340264,-2.894007244,1160299,2002,2023,7,22,0.870179595,0.827582428,-0.042597167,-2.564854,-4.367969,-5.976853,3.438858,-3.149618,0.061055701,0.056896,0.021363,Family,FALSE,FALSE,FALSE,FALSE
ENG_062_MZB_LO_2829,England,53.99408562,-2.62656192,1173825,2002,2012,10,11,0.855202002,0.894710548,0.039508546,-2.494402,-0.783563,-1.936162,-9.233435,-5.162294,-0.0539818,0.130709,0.039267,Family,FALSE,FALSE,FALSE,FALSE
ENG_062_MZB_LO_2830,England,54.64687228,-2.615325065,1174206,2002,2022,21,21,1.018750505,1.033506817,0.014756312,1.076457,0.562639,0.950284,3.282083,2.053014,-0.027858335,0.023025,0.004303,Family,FALSE,FALSE,FALSE,FALSE
ENG_062_MZB_LO_2831,England,53.79334844,-2.238777368,1173824,2002,2015,7,14,0.864976665,0.934610584,0.069633918,0.943954,-2.690442,-6.109583,13.461129,2.184097,-0.000871219,0.038609,0.017367,Family,FALSE,FALSE,FALSE,FALSE
ENG_062_MZB_LO_2832,England,53.78185393,-2.22421871,1173824,2002,2019,14,18,0.958929984,0.964368087,0.005438103,0.655273,-1.798965,-3.029877,8.816655,1.659361,0.01216951,0.058382,0.010333,Family,FALSE,FALSE,FALSE,FALSE
ENG_062_MZB_LO_2833,England,54.90089248,-2.826548492,1174206,2002,2019,18,18,0.985108677,0.991365663,0.006256986,0.380671,1.322159,3.506146,-1.677227,0.955998,-0.053412739,0.031383,0.006543,Family,FALSE,FALSE,FALSE,FALSE
ENG_062_MZB_LO_2834,England,54.29170431,-3.090223477,1173526,2002,2021,16,20,0.978716973,0.89642217,-0.082294803,-1.038562,-1.06566,-3.512384,-1.209387,-1.929031,0.092031328,0.013619,0.005135,Family,FALSE,FALSE,FALSE,FALSE
ENG_062_MZB_LO_2835,England,54.12438768,-2.587705052,1173826,2002,2015,7,14,0.926474616,1.064645133,0.138170517,2.081456,-0.368477,-1.531486,8.609371,3.893857,-0.016930119,0.061319,0.001581,Family,FALSE,FALSE,FALSE,FALSE
ENG_062_MZB_LO_2838,England,53.04442397,-2.510063159,1174159,2002,2013,10,12,0.970478194,0.982274399,0.011796205,-0.933509,1.045609,2.032924,-6.905841,-1.558699,-0.001089924,0.02607,0.001714,Family,FALSE,FALSE,FALSE,FALSE
ENG_062_MZB_LO_2841,England,53.40997129,-3.077466518,1163231,2002,2019,11,18,0.658984044,0.661749418,0.002765374,0.746372,0.09136,-0.036104,7.404067,1.936436,0.001992084,0.051049,0.01635,Family,FALSE,FALSE,FALSE,FALSE
ENG_062_MZB_LO_2842,England,53.39716822,-2.481909206,1172537,2003,2016,7,14,0.567861023,0.608734961,0.040873938,0.963178,-0.425271,-0.100469,7.422374,1.103315,0.016143608,0.082282,0.010357,Family,FALSE,FALSE,FALSE,FALSE
ENG_062_MZB_LO_2843,England,53.6049076,-2.404884032,1172537,2002,2023,20,22,0.858036318,0.847313641,-0.010722677,0.642957,0.02271,0.08391,2.356241,1.861101,-0.031128545,0.043268,0.005224,Family,FALSE,FALSE,FALSE,FALSE
ENG_062_MZB_LO_2844,England,53.97494232,-2.529446575,1173824,2002,2017,13,16,1.01538582,0.992348411,-0.023037409,0.754051,0.362003,-0.497398,2.097985,1.551632,0.011963798,0.054078,0.000489,Family,FALSE,FALSE,FALSE,FALSE
ENG_062_MZB_LO_2846,England,53.59997743,-2.826554497,1173824,2002,2017,7,16,0.709161935,0.702120056,-0.007041879,2.027634,-1.394695,-1.524991,12.362919,3.998452,-0.047168288,0.005173,0.004716,Family,FALSE,FALSE,FALSE,FALSE
ENG_062_MZB_LO_2849,England,53.37366007,-2.820031517,1172537,2002,2015,8,14,0.539513462,0.755909078,0.216395615,7.804139,9.347326,9.075538,-3.270991,13.91853,0.011116156,0.109327,0.042081,Family,FALSE,FALSE,FALSE,FALSE
ENG_062_MZB_LO_2850,England,53.41298762,-2.052419482,1172537,2002,2013,7,12,0.793983839,0.831929587,0.037945748,2.47686,2.823899,2.78027,-6.482147,6.179545,0.030931142,0.072522,0.002451,Family,FALSE,FALSE,FALSE,FALSE
ENG_062_MZB_LO_2851,England,53.67629933,-2.937423398,1165653,2002,2021,8,20,0.906476242,0.929825599,0.023349357,1.343578,1.096077,1.772082,1.887628,2.858704,0.039701444,0.039038,0.004014,Family,FALSE,FALSE,FALSE,FALSE
ENG_062_MZB_LO_2852,England,53.26837417,-2.633903722,1174159,2002,2024,9,23,0.735848935,0.943515102,0.207666167,2.314431,2.528646,2.513246,-0.886695,3.930907,-0.064968235,0.044039,0.012491,Family,FALSE,FALSE,FALSE,FALSE
ENG_062_MZB_LO_2853,England,54.60232858,-3.176718851,1172425,2002,2016,8,15,0.9984784,0.945141076,-0.053337325,-3.921512,-1.097715,-2.582203,-12.504958,-6.599293,0.049644104,0.062183,0.015305,Family,FALSE,FALSE,FALSE,FALSE
ENG_062_MZB_LO_2854,England,54.61338374,-2.821700358,1174206,2002,2013,9,12,0.806812088,0.841586278,0.03477419,-1.293706,-0.847887,1.632189,5.553538,-1.928982,0.02620462,0.094827,0.01838,Family,FALSE,FALSE,FALSE,FALSE
ENG_062_MZB_LO_2856,England,54.36847462,-3.075388158,1173526,2002,2018,8,17,0.928915457,0.904608661,-0.024306797,-5.313191,2.065714,2.994299,-16.285331,-11.302433,-0.022608129,0.004032,0.008782,Family,FALSE,FALSE,FALSE,FALSE
ENG_062_MZB_LO_2858,England,53.83790645,-2.901455125,1173825,2002,2023,7,22,0.719409367,0.646111093,-0.073298274,-0.416068,-0.913513,0.233549,4.462795,-0.181894,-0.006660583,0.009028,0.010777,Family,FALSE,FALSE,FALSE,FALSE
ENG_062_MZB_LO_2860,England,54.24543642,-2.88638409,1159454,2002,2014,8,13,0.870633406,0.813684278,-0.056949128,-1.492168,-0.003395,-0.700519,-4.900504,-4.739252,-0.017039674,0.124578,0.026969,Family,FALSE,FALSE,FALSE,FALSE
ENG_062_MZB_LO_2862,England,54.29798906,-2.896948436,1159454,2002,2014,8,13,0.994890745,0.995590934,0.000700189,-0.612967,-1.040688,-2.633517,2.868748,-0.166881,0.036821867,0.09157,0.019376,Family,FALSE,FALSE,FALSE,FALSE
ENG_062_MZB_LO_2865,England,54.45179388,-2.58239512,1173826,2002,2018,7,17,0.794878827,0.939641355,0.144762528,0.922474,-3.149789,-5.905449,16.980251,1.34161,-0.088946466,0.078273,0.017444,Family,FALSE,FALSE,FALSE,FALSE
ENG_062_MZB_LO_2866,England,53.25154021,-2.60411364,1174159,2003,2021,7,19,0.867446286,0.943795865,0.076349578,2.034464,3.686382,7.678837,-5.724458,4.316077,-0.051233896,0.027782,0.018922,Family,FALSE,FALSE,FALSE,FALSE
ENG_062_MZB_LO_2867,England,54.33426318,-2.953073725,1173526,2002,2014,8,13,1.026742218,0.950568313,-0.076173905,0.049879,0.5175,-1.649191,-5.068497,-0.679373,-0.090556614,0.04066,0.014186,Family,FALSE,FALSE,FALSE,FALSE
ENG_062_MZB_LO_2868,England,53.62951379,-2.446370843,1172537,2008,2021,7,14,0.919863515,0.874142496,-0.045721019,3.442574,1.827137,2.506579,4.440686,6.032677,-0.026599265,0.074786,0.011404,Family,FALSE,FALSE,FALSE,FALSE
ENG_062_MZB_LO_2870,England,54.18069466,-2.981865595,1160300,2002,2013,8,12,0.772936945,1.005296018,0.232359072,3.850027,1.300605,1.017186,9.006428,6.433026,-0.119794903,0.102951,0.014641,Family,FALSE,FALSE,FALSE,FALSE
ENG_062_MZB_LO_2871,England,54.07601145,-2.745673671,1173826,2002,2023,22,22,0.920058953,0.9334147,0.013355748,1.095562,-0.393181,-0.38523,5.537161,2.239789,0.003712002,0.011307,0.000605,Family,FALSE,FALSE,FALSE,FALSE
ENG_062_MZB_LO_2872,England,53.99091398,-2.663240268,1173825,2003,2014,9,12,1.022265247,0.813380549,-0.208884698,-5.69808,-8.21079,-13.538744,5.142014,-11.578762,0.160174307,0.124048,0.021565,Family,FALSE,FALSE,FALSE,FALSE
ENG_062_MZB_LO_2874,England,53.09366483,-2.431008917,1174159,2002,2024,9,23,0.793917573,0.991702698,0.197785125,4.487304,0.724729,1.024695,5.856973,10.342705,-0.00659201,0.018226,0.000116,Family,FALSE,FALSE,FALSE,FALSE
ENG_062_MZB_LO_2875,England,53.3349743,-2.362827385,1172537,2003,2017,7,15,0.898747239,0.819242621,-0.079504618,-0.833166,0.84359,3.258948,-7.483012,-2.476888,-0.030934609,0.003227,0.0058,Family,FALSE,FALSE,FALSE,FALSE
ENG_062_MZB_LO_2876,England,54.34201675,-2.735212542,1174190,2002,2013,7,12,1.039250275,1.007621302,-0.031628973,1.117724,1.199358,-0.320931,-3.73759,2.164645,0.009869674,0.0266,0.011614,Family,FALSE,FALSE,FALSE,FALSE
ENG_062_MZB_LO_2878,England,53.99199415,-2.790674904,1161234,2002,2015,7,14,0.743125837,0.973941225,0.230815388,1.615756,0.27192,0.805189,16.266074,3.013941,-0.182297297,0.120356,0.021956,Family,FALSE,FALSE,FALSE,FALSE
ENG_062_MZB_LO_2879,England,54.14095036,-2.723161697,1162169,2002,2019,15,18,0.989935937,1.05665328,0.066717343,-0.929344,-0.826368,-1.245313,-2.508064,-1.658135,-0.011116662,0.051227,0.00217,Family,FALSE,FALSE,FALSE,FALSE
ENG_062_MZB_LO_2881,England,54.28869109,-3.017509777,1173526,2002,2014,8,13,0.9559185,1.001088934,0.045170433,-0.044984,0.463296,0.816928,-2.939475,-1.00045,-0.029641635,0.056538,0.001727,Family,FALSE,FALSE,FALSE,FALSE
ENG_062_MZB_LO_2882,England,53.53323524,-2.639062274,1172537,2002,2017,12,16,0.711524733,0.667646978,-0.043877754,0.362637,-0.127428,0.184883,0.055691,1.313634,-0.000847839,0.003665,0.008866,Family,FALSE,FALSE,FALSE,FALSE
ENG_062_MZB_LO_2883,England,54.35697725,-2.750344177,1174190,2002,2016,8,15,1.056512386,1.024251425,-0.032260961,0.81299,1.534469,0.173078,-5.0893,2.088953,-0.036227565,0.042704,1.00E-06,Family,FALSE,FALSE,FALSE,FALSE
ENG_062_MZB_LO_2885,England,53.86330349,-2.820588629,1173825,2002,2019,13,18,0.834382494,0.890377071,0.055994577,0.849937,-2.240839,-4.982079,9.372304,3.021551,-0.051796642,0.032758,0.010836,Family,FALSE,FALSE,FALSE,FALSE
ENG_062_MZB_LO_2887,England,53.29481612,-2.92826857,1149044,2002,2024,9,23,0.608352259,0.650712396,0.042360137,0.132856,1.406567,3.291073,-6.042439,0.752052,0.015427758,0.041099,0.007558,Family,FALSE,FALSE,FALSE,FALSE
ENG_062_MZB_LO_2888,England,54.26961126,-2.972800361,1173526,2002,2019,9,18,0.914245096,0.803640124,-0.110604972,1.675951,1.432141,0.825359,0.781454,3.128292,-0.008049591,0.071532,0.012211,Family,FALSE,FALSE,FALSE,FALSE
ENG_062_MZB_LO_2889,England,53.92163107,-2.706723988,1173825,2006,2021,10,16,0.951705558,0.955771949,0.004066391,-1.094989,-1.435517,-2.293748,0.535831,-2.180646,-0.039679574,0.00269,0.015749,Family,FALSE,FALSE,FALSE,FALSE
ENG_062_MZB_LO_2891,England,54.26543967,-3.181116489,1173525,2002,2015,7,14,0.718605782,0.657998391,-0.060607391,-1.071597,-0.350223,-1.45052,-3.89545,-3.987098,-0.064096976,0.087869,0.01289,Family,FALSE,FALSE,FALSE,FALSE
ENG_062_MZB_LO_2892,England,53.47720001,-2.754871191,1172537,2002,2018,8,17,0.645592935,0.744459611,0.098866675,1.37775,0.899943,2.838658,2.695923,4.243825,-0.001785042,0.036382,0.017751,Family,FALSE,FALSE,FALSE,FALSE
ENG_062_MZB_LO_2894,England,53.6175058,-2.438972752,1172537,2002,2012,11,11,0.576264689,0.916837867,0.340573177,5.519406,8.810415,16.595585,-8.191697,13.062781,-0.104677871,0.211651,0.050923,Family,FALSE,FALSE,FALSE,FALSE
ENG_062_MZB_LO_2895,England,53.69950666,-2.714885481,1173824,2002,2020,15,19,0.742826834,0.789044859,0.046218025,-0.390563,-0.714936,-1.331334,1.318847,0.06633,-0.038167469,0.050542,0.013282,Family,FALSE,FALSE,FALSE,FALSE
ENG_062_MZB_LO_2896,England,53.68363714,-2.311101455,1172537,2002,2014,7,13,0.690269969,0.86029664,0.170026671,6.561824,7.147981,14.808594,6.654098,13.26089,-0.113800667,0.084268,0.00166,Family,FALSE,FALSE,FALSE,FALSE
ENG_062_MZB_LO_2897,England,53.55829486,-2.388300977,1172537,2002,2014,8,13,0.65915425,0.835389544,0.176235294,4.118455,6.684474,9.987737,-2.664172,9.141377,-0.095068054,0.039695,0.006285,Family,FALSE,FALSE,FALSE,FALSE
ENG_062_MZB_LO_2898,England,53.54607077,-2.979229401,1165653,2007,2017,9,11,0.810870272,0.7410482,-0.069822072,0.433086,-2.741472,-3.768428,13.82331,1.760852,-0.083173283,0.141906,0.047152,Family,FALSE,FALSE,FALSE,FALSE
ENG_062_MZB_LO_2899,England,53.58291758,-3.014565946,1165653,2002,2016,7,15,0.881272267,0.927495948,0.04622368,-3.924864,-5.520622,-6.052801,9.605728,-8.071182,0.095926217,0.01834,0.016305,Family,FALSE,FALSE,FALSE,FALSE
ENG_062_MZB_LO_2901,England,53.25101651,-2.518871115,1174159,2002,2016,7,15,0.660830713,0.686751626,0.025920914,-0.849122,2.384775,5.660136,2.339935,-2.545741,-0.047246483,0.006011,0.016196,Family,FALSE,FALSE,FALSE,FALSE
ENG_062_MZB_LO_2902,England,53.14924469,-2.748268221,1164752,2002,2019,17,18,0.740777833,0.83007407,0.089296237,-1.005356,2.142523,5.901499,-9.683932,-2.171911,0.045710618,0.073223,0.024158,Family,FALSE,FALSE,FALSE,FALSE
ENG_062_MZB_LO_2904,England,53.24206488,-2.090297691,1172537,2002,2023,20,22,0.821048457,0.904652456,0.083604,-0.470057,-0.308765,-0.408073,-1.080056,-0.841466,0.005090462,0.052007,0.008655,Family,FALSE,FALSE,FALSE,FALSE
ENG_062_MZB_LO_2907,England,54.29263554,-2.833963721,1174190,2002,2023,9,22,0.794454206,0.777402174,-0.017052032,-0.057028,-0.952473,-1.624055,1.9664,0.264917,0.02815085,0.00641,0.000425,Family,FALSE,FALSE,FALSE,FALSE
ENG_062_MZB_LO_2909,England,54.97822061,-2.99678572,1172887,2002,2017,7,16,0.844914514,0.830695235,-0.014219279,-5.013164,-0.725466,0.858264,-9.054245,-9.275266,0.086612244,0.031885,0.00011,Family,FALSE,FALSE,FALSE,FALSE
ENG_062_MZB_LO_2911,England,53.85486876,-2.793134972,1173825,2002,2021,15,20,0.784531281,0.820384319,0.035853038,0.549651,-0.783884,-2.382897,2.949456,1.51409,0.002677632,0.044916,0.005378,Family,FALSE,FALSE,FALSE,FALSE
ENG_062_MZB_LO_2912,England,53.40104086,-2.097118988,1172537,2010,2021,11,12,0.92362056,0.968845581,0.04522502,0.946493,-0.118937,0.586029,5.637892,2.159206,-0.067067594,0.013919,0.021151,Family,FALSE,FALSE,FALSE,FALSE
ENG_062_MZB_LO_2913,England,53.58696227,-2.772793449,1173824,2002,2017,7,16,0.782364772,0.917635594,0.135270821,-0.235161,-1.971417,-5.779243,2.795714,-0.570284,-0.050043192,0.070622,0.021656,Family,FALSE,FALSE,FALSE,FALSE
ENG_062_MZB_LO_2914,England,53.47688298,-2.215627538,1172537,2002,2014,7,13,0.76484982,0.727390879,-0.037458941,-0.17788,-1.473121,-1.692039,6.286662,1.200876,-0.001850762,0.046476,0.003585,Family,FALSE,FALSE,FALSE,FALSE
ENG_062_MZB_LO_2917,England,53.98208567,-2.665295676,1173825,2003,2019,14,17,0.824526214,0.991319895,0.166793681,0.926563,-0.361211,-1.304534,2.113713,1.33811,-0.117071365,0.054678,0.01488,Family,FALSE,FALSE,FALSE,FALSE
ENG_062_MZB_LO_2923,England,53.64095575,-2.618195854,1173824,2002,2014,10,13,0.939948921,0.910767636,-0.029181286,1.655417,0.293162,0.435633,1.949061,4.207118,-0.003877799,0.067265,0.018637,Family,FALSE,FALSE,FALSE,FALSE
ENG_062_MZB_LO_2925,England,53.38145932,-1.956107401,1172537,2004,2023,12,20,0.835089818,0.936821233,0.101731415,0.835592,-0.23491,0.189673,5.937209,2.115803,0.024900757,0.044126,0.001885,Family,FALSE,FALSE,FALSE,FALSE
ENG_062_MZB_LO_2927,England,53.53804679,-2.012497943,1172537,2003,2024,7,22,0.758510461,0.858431631,0.09992117,-0.731568,-0.447286,-0.606383,4.580121,-1.22029,-0.057723355,0.067271,0.018677,Family,FALSE,FALSE,FALSE,FALSE
ENG_062_MZB_LO_2931,England,54.32194377,-3.092638174,1173526,2004,2017,7,14,1.015498566,0.976773638,-0.038724929,-2.069831,-1.181977,-3.109998,-4.267286,-4.079227,0.020194462,0.054366,0.014364,Family,FALSE,FALSE,FALSE,FALSE
ENG_062_MZB_LO_2933,England,53.96716996,-2.435113995,1173824,2002,2015,7,14,1.037801104,1.056237061,0.018435957,1.005944,-1.094292,-1.045489,7.178877,1.61143,0.067096893,0.058181,0.016372,Family,FALSE,FALSE,FALSE,FALSE
ENG_062_MZB_LO_2934,England,54.2371121,-2.724000011,1159606,2002,2015,7,14,0.998128304,0.968033262,-0.030095041,-1.220961,-1.506111,-1.86017,2.235934,-3.163079,0.050067291,0.022939,0.00299,Family,FALSE,FALSE,FALSE,FALSE
ENG_062_MZB_LO_2935,England,53.45444479,-1.986466034,1172537,2002,2023,19,22,0.733651194,0.78853799,0.054886795,-1.203588,-0.242436,0.501548,-0.487544,-1.959799,-0.043240866,0.010834,0.004797,Family,FALSE,FALSE,FALSE,FALSE
ENG_062_MZB_LO_2936,England,54.14737658,-3.19722411,1173829,2002,2016,7,15,0.656906865,0.786924358,0.130017493,3.214696,1.091697,1.960462,3.064733,5.644175,-0.099651002,0.074748,0.01509,Family,FALSE,FALSE,FALSE,FALSE
ENG_062_MZB_LO_2937,England,53.61997069,-2.142294955,1172537,2003,2014,9,12,0.686845091,0.890670554,0.203825463,4.034337,2.846976,11.933177,9.286816,8.179534,-0.156636711,0.160651,0.041293,Family,FALSE,FALSE,FALSE,FALSE
ENG_062_MZB_LO_2940,England,53.56820883,-2.024874226,1172537,2002,2019,16,18,0.821332129,0.944290832,0.122958703,0.302769,-0.251913,-0.702514,5.157816,0.616043,-0.06111009,0.067454,0.014779,Family,FALSE,FALSE,FALSE,FALSE
ENG_062_MZB_LO_2941,England,53.95010382,-2.546669518,1173824,2002,2018,16,17,0.997676355,0.892229758,-0.105446597,1.161685,0.33091,0.69307,0.194423,2.33127,-0.042269844,0.039079,0.00143,Family,FALSE,FALSE,FALSE,FALSE
ENG_062_MZB_LO_2942,England,53.95480665,-2.561741305,1173824,2002,2018,16,17,0.991445103,0.92699139,-0.064453713,2.42014,-1.261359,-3.065323,7.750443,4.767658,-0.000685185,0.072758,0.017387,Family,FALSE,FALSE,FALSE,FALSE
ENG_062_MZB_LO_2946,England,53.85114855,-2.189157386,1173824,2002,2017,8,16,0.894259448,0.947651339,0.05339189,0.158673,-1.659089,-3.481253,3.343018,-0.300644,-0.034187613,0.070443,0.014852,Family,FALSE,FALSE,FALSE,FALSE
ENG_062_MZB_LO_2949,England,53.24123045,-2.109775358,1172537,2002,2023,8,22,0.769945615,0.893725332,0.123779718,-0.417373,-0.77353,-0.969489,2.368582,-0.418164,0.027474019,0.065476,0.00506,Family,FALSE,FALSE,FALSE,FALSE
ENG_062_MZB_LO_2952,England,53.45387847,-1.986134915,1172537,2002,2016,8,15,0.754925435,0.922346905,0.167421471,3.259174,7.075903,12.307988,-3.462714,6.853275,-0.169684233,0.121948,0.030087,Family,FALSE,FALSE,FALSE,FALSE
ENG_062_MZB_LO_2954,England,53.41852064,-2.151686385,1172537,2002,2017,9,16,0.616474452,0.878721185,0.262246733,3.558816,4.411831,8.188356,-1.970231,7.16201,-0.113017836,0.12323,0.021932,Family,FALSE,FALSE,FALSE,FALSE
ENG_062_MZB_LO_2955,England,53.37009662,-1.998832655,1172537,2002,2014,8,13,0.909291881,0.921532387,0.012240506,2.078236,0.995364,2.475566,19.07756,4.022814,-0.008112669,0.038918,0.014292,Family,FALSE,FALSE,FALSE,FALSE
ENG_062_MZB_LO_2960,England,53.69237454,-2.253407678,1172537,2002,2013,7,12,0.629748915,0.835218113,0.205469199,8.582295,-0.199266,0.812776,27.025606,17.910717,-0.114292846,0.07548,0.021017,Family,FALSE,FALSE,FALSE,FALSE
ENG_062_MZB_LO_2961,England,53.37984477,-1.926299079,1172537,2002,2024,23,23,0.954878052,0.952526533,-0.002351519,0.195195,0.740332,1.392072,-2.30215,0.659918,0.021011132,0.009259,0.003487,Family,FALSE,FALSE,FALSE,FALSE
ENG_062_MZB_LO_2963,England,54.31319216,-2.542314445,1173826,2002,2016,8,15,1.022501405,1.020051804,-0.002449601,2.634649,1.00387,0.265124,5.303851,5.36373,-0.022850587,0.047406,0.000231,Family,FALSE,FALSE,FALSE,FALSE
ENG_062_MZB_LO_2965,England,53.36192593,-1.99784119,1172537,2002,2019,16,18,0.760770422,0.849639325,0.088868903,1.118531,1.799641,5.922565,0.411129,1.806834,-0.01481009,0.054785,0.014404,Family,FALSE,FALSE,FALSE,FALSE
ENG_062_MZB_LO_2966,England,53.53499105,-2.010067921,1172537,2002,2014,9,13,0.824835335,0.845360535,0.020525201,-2.553695,-1.699536,-2.665139,-4.201823,-3.718638,-0.029109902,0.094912,0.025207,Family,FALSE,FALSE,FALSE,FALSE
ENG_062_MZB_LO_2968,England,53.41423685,-2.155793424,1172537,2002,2013,7,12,0.784746113,0.864869893,0.08012378,-0.198305,-1.550027,-1.691232,10.222944,-1.510462,0.01752193,0.057389,0.025869,Family,FALSE,FALSE,FALSE,FALSE
ENG_062_MZB_LO_2969,England,52.97408198,-2.52259188,1174159,2002,2016,8,15,1.009417889,1.083205862,0.073787973,0.971983,-1.120042,-0.62533,8.346396,0.827573,-0.062165244,0.0195,0.00848,Family,FALSE,FALSE,FALSE,FALSE
ENG_062_MZB_LO_2972,England,53.91194226,-2.764013112,1173825,2002,2019,17,18,1.016529727,1.006796856,-0.009732871,0.756461,0.008347,-0.574908,4.137395,0.399258,-0.059385336,0.024507,0.005748,Family,FALSE,FALSE,FALSE,FALSE
ENG_062_MZB_LO_2973,England,54.69206069,-3.310335725,1172425,2003,2018,7,16,1.013732579,0.905081965,-0.108650614,-1.197311,0.449133,-1.601567,-10.883192,-2.662346,-0.08450425,0.032496,0.014803,Family,FALSE,FALSE,FALSE,FALSE
ENG_062_MZB_LO_2978,England,53.33753267,-2.239673586,1172537,2002,2018,7,17,0.679474206,0.920752221,0.241278015,4.641938,2.588157,3.942958,11.255625,10.066749,-0.094087034,0.084864,0.021487,Family,FALSE,FALSE,FALSE,FALSE
ENG_062_MZB_LO_2981,England,54.24573506,-3.250058516,1159645,2002,2018,9,17,0.898708946,0.918665668,0.019956722,-0.353267,1.212928,0.629631,-5.346215,0.118931,-0.016916226,0.075053,0.015278,Family,FALSE,FALSE,FALSE,FALSE
ENG_062_MZB_LO_2982,England,53.93969241,-2.521246041,1173824,2003,2019,13,17,0.940449533,0.888901182,-0.05154835,2.352405,0.386351,0.987583,9.65121,3.751631,-0.054050967,0.043685,0.001749,Family,FALSE,FALSE,FALSE,FALSE
ENG_062_MZB_LO_2983,England,53.94566537,-2.517999255,1173824,2002,2019,14,18,0.974183744,0.985679209,0.011495465,1.320215,-0.285425,-0.49857,5.278693,2.829583,0.020107473,0.001416,0.004116,Family,FALSE,FALSE,FALSE,FALSE
ENG_062_MZB_LO_2985,England,53.4007489,-2.221439864,1172537,2002,2015,8,14,0.775115881,0.873215129,0.098099248,2.93697,1.956421,1.715079,3.121125,6.672364,-0.009348562,0.020581,0.009286,Family,FALSE,FALSE,FALSE,FALSE
ENG_062_MZB_LO_2987,England,53.60392158,-2.226943683,1172537,2003,2019,15,17,0.857507876,0.939758975,0.082251099,3.488993,1.119168,1.984399,6.57132,7.417906,-0.151794536,0.044262,0.003998,Family,FALSE,FALSE,FALSE,FALSE
ENG_062_MZB_LO_2991,England,53.57394487,-2.404225473,1172537,2002,2024,23,23,0.86437598,0.825862171,-0.038513809,0.660435,1.038636,1.960322,-0.54855,1.038966,-0.030705743,0.055262,0.01129,Family,FALSE,FALSE,FALSE,FALSE
ENG_062_MZB_LO_2995,England,53.24119478,-2.109475584,1172537,2002,2022,18,21,0.917828392,0.922274957,0.004446565,0.20945,0.09246,0.89568,1.342706,0.666863,-0.023818829,0.024181,0.003637,Family,FALSE,FALSE,FALSE,FALSE
ENG_062_MZB_LO_2997,England,53.43685161,-2.623780371,1172537,2002,2014,10,13,0.681298732,0.773663271,0.092364539,3.242108,4.832531,6.656389,-4.660067,5.810899,-0.094927177,0.104924,0.022251,Family,FALSE,FALSE,FALSE,FALSE
ENG_062_MZB_LO_2998,England,54.43236664,-2.971507171,1173526,2002,2018,8,17,0.902539092,0.823412402,-0.079126689,-0.344536,0.094471,-0.107975,-0.286923,-0.46948,-0.082664996,0.04577,0.003674,Family,FALSE,FALSE,FALSE,FALSE
ENG_062_MZB_LO_3004,England,53.97479104,-2.531136968,1173824,2002,2017,14,16,0.904220061,0.90848933,0.004269269,0.361889,0.120126,-0.206023,1.482268,0.481876,-0.006260717,0.022221,0.000875,Family,FALSE,FALSE,FALSE,FALSE
ENG_062_MZB_LO_3006,England,54.39079971,-2.931653695,1173526,2002,2013,7,12,0.935517041,1.094015991,0.158498949,2.891194,5.029825,7.627348,-12.260999,5.604275,-0.093985842,0.143105,0.028275,Family,FALSE,FALSE,FALSE,FALSE
ENG_062_MZB_LO_3007,England,53.64127025,-2.618215572,1173824,2002,2013,12,12,0.713237276,0.93111928,0.217882004,3.646288,2.861607,5.916653,8.135179,7.561812,-0.148228131,0.119175,0.015377,Family,FALSE,FALSE,FALSE,FALSE
ENG_062_MZB_LO_3010,England,53.48182463,-2.492225318,1172537,2002,2016,8,15,0.602839033,0.728928879,0.126089846,3.654485,-0.516256,-2.309909,19.142885,8.04184,-0.036001828,0.093712,0.030411,Family,FALSE,FALSE,FALSE,FALSE
ENG_062_MZB_LO_3011,England,53.4882449,-2.533474153,1172537,2002,2014,7,13,0.578512719,0.634328686,0.055815968,1.085243,1.092838,2.008534,2.270609,3.94556,0.106321244,0.030864,0.022291,Family,FALSE,FALSE,FALSE,FALSE
ENG_062_MZB_LO_3016,England,53.20115797,-2.444854405,1174159,2002,2018,8,17,0.813355779,0.944918929,0.131563151,4.773095,1.608054,3.252485,10.122062,11.11066,-0.051281105,0.075229,0.022405,Family,FALSE,FALSE,FALSE,FALSE
ENG_062_MZB_LO_3019,England,53.29590434,-2.154131297,1172537,2002,2021,10,20,0.843182816,0.96288498,0.119702164,0.269938,-0.003219,1.137338,3.166328,1.108315,-0.037664184,0.052339,0.005465,Family,FALSE,FALSE,FALSE,FALSE
ENG_062_MZB_LO_3020,England,53.60208996,-2.559630804,1172537,2012,2023,10,12,0.65357935,0.786024556,0.132445206,4.442432,3.417951,11.966148,4.18067,11.769327,-0.069065821,0.111343,0.041443,Family,FALSE,FALSE,FALSE,FALSE
ENG_062_MZB_LO_3021,England,53.53101773,-1.986215983,1172537,2002,2013,8,12,0.908378484,0.84371326,-0.064665224,2.471933,1.735192,4.084184,2.933222,6.458589,0.035671036,0.069998,0.031785,Family,FALSE,FALSE,FALSE,FALSE
ENG_062_MZB_LO_3023,England,53.31540941,-1.989888238,1172537,2002,2023,22,22,0.968983052,1.020373129,0.051390078,-0.124118,0.19423,-0.167645,-2.007369,-0.702495,-0.024104954,0.000703,0.005873,Family,FALSE,FALSE,FALSE,FALSE
ENG_062_MZB_LO_3025,England,54.2829703,-3.231862806,1159194,2002,2019,17,18,0.915047035,0.930244005,0.01519697,-0.034099,1.642138,2.705419,-5.426577,-0.288552,-0.031327007,0.055984,0.010836,Family,FALSE,FALSE,FALSE,FALSE
ENG_062_MZB_LO_3028,England,53.53755884,-2.573626826,1172537,2003,2016,7,14,0.802879081,0.883754754,0.080875673,3.243991,2.469011,4.304282,1.64512,6.944887,-0.007037062,0.093964,0.021365,Family,FALSE,FALSE,FALSE,FALSE
ENG_062_MZB_LO_3030,England,54.40755053,-2.60788111,1173826,2002,2016,8,15,0.914590832,0.910477407,-0.004113425,-2.761959,-1.932865,-1.417565,-2.029529,-5.455309,-0.002424597,0.085551,0.015785,Family,FALSE,FALSE,FALSE,FALSE
ENG_062_MZB_LO_3031,England,53.40925539,-2.374742544,1172537,2002,2018,9,17,0.688744315,0.792407089,0.103662774,4.510604,6.594376,11.692279,-4.128948,7.740723,-0.0232805,0.097655,0.04308,Family,FALSE,FALSE,FALSE,FALSE
ENG_062_MZB_LO_3032,England,53.88364069,-2.763816619,1173825,2002,2023,20,22,0.997991961,1.021091943,0.023099982,0.503253,0.139662,0.297093,1.404159,1.169554,-0.079290738,0.000841,0.002886,Family,FALSE,FALSE,FALSE,FALSE
ENG_062_MZB_LO_3033,England,53.0291164,-2.701930911,1174159,2004,2024,7,21,0.733683192,0.90633533,0.172652138,0.492185,-2.123456,-2.879395,10.396145,1.249309,-0.079366485,0.074667,0.017238,Family,FALSE,FALSE,FALSE,FALSE
ENG_062_MZB_LO_3034,England,53.97754269,-2.432355866,1173824,2002,2023,13,22,1.013897049,0.973540576,-0.040356473,-1.695045,-1.419726,-2.075721,-0.336338,-3.718831,-0.010065972,0.02353,0.002305,Family,FALSE,FALSE,FALSE,FALSE
ENG_062_MZB_LO_3035,England,53.63784836,-2.489396947,1172537,2002,2020,16,19,0.940272799,0.883471526,-0.056801273,-0.610231,0.944723,2.710443,-3.661544,-1.750575,-0.029942949,0.059471,0.005531,Family,FALSE,FALSE,FALSE,FALSE
ENG_062_MZB_LO_3036,England,53.56829955,-2.304318918,1172537,2002,2013,7,12,0.650379582,0.855884067,0.205504485,7.938828,4.291195,6.337975,25.243788,16.3902,-0.051791977,0.145364,0.045295,Family,FALSE,FALSE,FALSE,FALSE
ENG_062_MZB_LO_3037,England,53.6353629,-2.468119684,1172537,2002,2014,13,13,0.953501551,0.954959858,0.001458307,-0.058627,-0.393248,1.239951,4.592565,-0.11386,0.00737058,0.09814,0.014649,Family,FALSE,FALSE,FALSE,FALSE
ENG_062_MZB_LO_3038,England,53.94764413,-2.757930595,1173825,2005,2019,14,15,0.898067197,1.003249805,0.105182608,1.483446,-1.135674,-2.145088,7.699956,3.249855,0.041867831,0.007177,0.004768,Family,FALSE,FALSE,FALSE,FALSE
ENG_062_MZB_LO_3039,England,53.49429557,-2.228994811,1172537,2002,2013,7,12,0.576232661,0.719663013,0.143430351,2.2514,-0.335577,0.309596,14.302737,6.990173,0.032052322,0.045611,0.027099,Family,FALSE,FALSE,FALSE,FALSE
ENG_062_MZB_LO_3040,England,53.26757412,-2.486940897,1174159,2002,2018,16,17,1.039009002,0.993132917,-0.045876085,2.170241,1.994865,3.887206,0.045808,3.723664,-0.030978291,0.096735,0.027515,Family,FALSE,FALSE,FALSE,FALSE
ENG_062_MZB_LO_3043,England,53.44997571,-1.930002271,1172537,2003,2024,10,22,0.925480497,0.998021343,0.072540846,0.780841,2.135189,6.912267,-1.748667,0.775344,-0.077035754,0.04742,0.012956,Family,FALSE,FALSE,FALSE,FALSE
ENG_062_MZB_LO_3044,England,53.9359397,-2.708245292,1173825,2002,2014,11,13,0.90625486,0.940723109,0.03446825,2.600946,1.838609,2.052228,9.624114,4.049529,-0.126246813,0.103037,0.025449,Family,FALSE,FALSE,FALSE,FALSE
ENG_062_MZB_LO_3046,England,53.45404711,-2.095870302,1172537,2002,2022,12,21,0.498462746,0.638126193,0.139663447,2.473325,1.826086,1.895703,-2.313329,5.594489,-0.048732229,0.005634,0.003673,Family,FALSE,FALSE,FALSE,FALSE
ENG_062_MZB_LO_3048,England,53.63228378,-2.397524627,1172537,2004,2023,14,20,0.946412954,0.897173525,-0.04923943,0.938633,0.680962,1.086158,2.022851,1.565871,-0.037729728,0.063348,0.013286,Family,FALSE,FALSE,FALSE,FALSE
ENG_062_MZB_LO_3050,England,54.19048903,-3.076720716,1158996,2002,2019,16,18,0.826861396,0.875213459,0.048352063,-0.325848,0.248639,-0.614634,-3.935159,0.667079,-0.0180715,0.051035,0.012693,Family,FALSE,FALSE,FALSE,FALSE
ENG_062_MZB_LO_3051,England,54.24451538,-3.005954908,1173526,2004,2019,7,16,0.882951064,0.840154578,-0.042796486,-2.132242,-1.455895,-2.474055,-3.259174,-5.269719,-0.022497215,0.03698,0.00046,Family,FALSE,FALSE,FALSE,FALSE
ENG_062_MZB_LO_3055,England,53.19621214,-2.459532136,1174159,2002,2013,7,12,0.634820016,0.758205942,0.123385925,4.817359,10.342934,17.806304,-17.813888,13.54639,0.101479004,0.160938,0.056465,Family,FALSE,FALSE,FALSE,FALSE
ENG_062_MZB_LO_3056,England,53.56473063,-2.293814992,1172537,2002,2018,9,17,0.786159214,0.831467823,0.04530861,2.492009,1.607654,3.350673,4.875723,5.912828,-0.048052551,0.011827,0.004185,Family,FALSE,FALSE,FALSE,FALSE
ENG_062_MZB_LO_3057,England,53.24570434,-2.121535614,1172537,2002,2024,16,23,0.868040207,0.922148509,0.054108302,-0.308705,-0.49354,-1.20049,1.323259,-0.755912,-0.009562667,0.038869,0.003214,Family,FALSE,FALSE,FALSE,FALSE
ENG_062_MZB_LO_3059,England,53.6078003,-2.55131811,1172537,2002,2020,14,19,0.931466105,0.923822797,-0.007643308,-0.473355,-0.929,-1.507562,1.646954,-1.119053,0.021510071,0.054955,0.003795,Family,FALSE,FALSE,FALSE,FALSE
ENG_062_MZB_LO_3060,England,53.61110385,-2.17897851,1172537,2002,2018,8,17,0.684397233,0.87720783,0.192810598,4.632228,5.322901,6.683709,-4.013991,10.412388,-0.085855449,0.106061,0.000425,Family,FALSE,FALSE,FALSE,FALSE
ENG_062_MZB_LO_3061,England,53.86263223,-2.792095837,1173825,2003,2021,7,19,0.922484806,1.07398449,0.151499684,2.93012,-0.035594,0.002051,10.352929,5.308671,-0.060524604,0.051583,0.007088,Family,FALSE,FALSE,FALSE,FALSE
ENG_062_MZB_LO_3063,England,53.19638724,-2.307993804,1174159,2002,2018,9,17,0.874965041,0.996680412,0.121715372,1.632726,1.849662,7.061716,-0.699796,3.707901,-0.081350054,0.096508,0.027083,Family,FALSE,FALSE,FALSE,FALSE
ENG_062_MZB_LO_3064,England,53.25605595,-2.511332626,1174159,2002,2021,9,20,0.7299168,1.003585506,0.273668706,2.739636,1.906397,3.481274,3.803278,5.248347,-0.097018055,0.070673,0.016663,Family,FALSE,FALSE,FALSE,FALSE
ENG_062_MZB_LO_3065,England,53.66539236,-2.60644579,1173824,2002,2013,12,12,0.731020038,0.774147987,0.043127949,1.974872,1.193797,0.120876,3.891801,2.778829,-0.101435728,0.072475,0.020566,Family,FALSE,FALSE,FALSE,FALSE
ENG_062_MZB_LO_3066,England,53.62687462,-2.575970596,1173824,2002,2014,10,13,0.798835721,0.803927131,0.00509141,0.819104,-1.463677,-6.460752,10.17093,4.367646,0.063689942,0.141443,0.034197,Family,FALSE,FALSE,FALSE,FALSE
ENG_062_MZB_LO_3067,England,54.36915853,-3.071250066,1173526,2002,2018,8,17,0.904478839,1.028494942,0.124016103,-0.735447,0.405252,0.438536,-5.87389,-1.564788,-0.082013111,0.083156,0.018928,Family,FALSE,FALSE,FALSE,FALSE
ENG_062_MZB_LO_3068,England,53.49005164,-2.268685985,1172537,2002,2018,9,17,0.591632674,0.748936232,0.157303558,4.346163,4.184093,11.421824,1.172871,9.057095,-0.078328301,0.073354,0.019691,Family,FALSE,FALSE,FALSE,FALSE
ENG_062_MZB_LO_3069,England,53.60735474,-2.793720425,1173824,2002,2023,9,22,0.608970538,0.716863128,0.107892591,-1.361734,-0.58796,0.065099,-3.035694,-1.426033,0.003205208,0.047585,0.024312,Family,FALSE,FALSE,FALSE,FALSE
ENG_062_MZB_LO_3070,England,53.39479713,-2.449144161,1172537,2002,2021,11,20,0.728514131,0.875242598,0.146728467,2.915225,0.98267,1.235697,3.572537,5.909313,-0.059172963,0.049383,0.004546,Family,FALSE,FALSE,FALSE,FALSE
ENG_062_MZB_LO_3071,England,53.5538354,-2.62402101,1172537,2002,2019,14,18,0.779754172,0.911538554,0.131784382,3.257484,1.056254,1.920917,10.115728,5.323765,-0.067523698,0.046059,0.012552,Family,FALSE,FALSE,FALSE,FALSE
ENG_062_MZB_LO_3073,England,51.27140994,1.166343865,1170721,2002,2021,19,20,0.944410986,1.076178401,0.131767415,1.060827,0.640977,-4.015256,-0.188372,2.853478,-0.007827293,0.046722,0.008801,Family,FALSE,FALSE,FALSE,FALSE
ENG_062_MZB_LO_3078,England,51.28576911,1.19534534,1170721,2002,2021,18,20,0.991205793,1.00816731,0.016961517,1.459447,0.135518,-4.338301,0.58039,3.127007,0.026153603,0.039344,0.012595,Family,FALSE,FALSE,FALSE,FALSE
ENG_062_MZB_LO_3079,England,52.69651965,-2.333890545,1173087,2002,2021,20,20,0.760838845,0.83757885,0.076740005,-0.636965,-0.487066,2.221967,1.107916,-0.978626,-0.032314608,0.019725,0.006728,Family,FALSE,FALSE,FALSE,FALSE
ENG_062_MZB_LO_3083,England,54.98942693,-2.129692131,1173538,2002,2021,11,20,0.94994791,1.019259853,0.069311943,-1.626084,-0.386636,-0.511693,-4.313893,-3.500378,0.007435974,0.041835,0.00755,Family,FALSE,FALSE,FALSE,FALSE
ENG_062_MZB_LO_3087,England,54.83455524,-1.917014805,1173538,2003,2023,14,21,1.035625288,1.035585633,-3.97E-05,-2.058591,-1.562977,-1.808292,-3.13933,-4.487937,0.035994389,0.053173,0.004948,Family,FALSE,FALSE,FALSE,FALSE
ENG_062_MZB_LO_3090,England,55.0227353,-1.665264792,1173538,2003,2021,9,19,0.69940846,0.79209423,0.09268577,-2.397295,0.223276,2.867316,-9.246618,-4.88024,-0.007729153,0.061928,0.018651,Family,FALSE,FALSE,FALSE,FALSE
ENG_062_MZB_LO_3093,England,54.02243429,-2.102797887,1174178,2002,2019,13,18,1.05329509,1.040505205,-0.012789886,1.593529,1.53451,3.954831,4.098187,3.544928,0.009404964,0.042927,0.00155,Family,FALSE,FALSE,FALSE,FALSE
ENG_062_MZB_LO_3095,England,53.6641232,-2.003427725,1174178,2002,2021,17,20,0.871324333,0.933672929,0.062348596,0.425522,-0.548709,-0.921028,3.182469,0.953319,0.000825679,0.027779,0.008106,Family,FALSE,FALSE,FALSE,FALSE
ENG_062_MZB_LO_3096,England,53.64856142,-1.946590251,1174178,2002,2023,19,22,0.881835765,0.919570376,0.03773461,2.175185,2.203715,3.708239,-0.425284,4.778458,-0.068138883,0.045162,0.005785,Family,FALSE,FALSE,FALSE,FALSE
ENG_062_MZB_LO_3098,England,53.52227592,-1.719417756,1174178,2002,2023,17,22,0.878138968,0.856503895,-0.021635073,0.832024,0.016312,0.360019,1.624884,0.849498,-0.021054162,0.052231,0.002426,Family,FALSE,FALSE,FALSE,FALSE
ENG_062_MZB_LO_3099,England,53.43968139,-1.534739678,1174178,2002,2013,11,12,0.671166765,0.840084974,0.168918209,3.884457,2.453397,4.276516,-0.152719,6.510258,-0.194131464,0.006137,0.001548,Family,FALSE,FALSE,FALSE,FALSE
ENG_062_MZB_LO_3100,England,53.4489463,-1.548265317,1174178,2002,2018,14,17,0.665054173,0.917733176,0.252679003,3.402296,2.531546,3.71763,4.720741,6.732689,-0.123436687,0.110866,0.028802,Family,FALSE,FALSE,FALSE,FALSE
ENG_062_MZB_LO_3101,England,53.52570581,-1.470684453,1174178,2002,2016,10,15,0.699169222,0.682864914,-0.016304309,2.127011,1.260955,-0.10322,12.713366,4.451844,-0.012664953,0.020693,0.011706,Family,FALSE,FALSE,FALSE,FALSE
ENG_062_MZB_LO_3104,England,53.37441426,-1.591093193,1174178,2002,2014,11,13,0.97924022,1.001009412,0.021769192,0.699899,0.427062,0.336623,-0.172403,0.354718,0.039641586,0.025679,0.016898,Family,FALSE,FALSE,FALSE,FALSE
ENG_062_MZB_LO_3107,England,53.53403353,-1.81788881,1174178,2002,2023,19,22,0.904979172,0.965791919,0.060812747,1.457626,1.233452,2.395855,1.199577,2.615879,-0.038890569,0.04509,0.004567,Family,FALSE,FALSE,FALSE,FALSE
ENG_062_MZB_LO_3109,England,52.41949034,-1.549416734,1173087,2002,2021,19,20,0.700012995,0.78527952,0.085266526,2.181741,5.989012,9.544342,-8.773857,3.170979,-0.091643284,0.07575,0.033962,Family,FALSE,FALSE,FALSE,FALSE
ENG_062_MZB_LO_3112,England,54.01132111,-0.384024421,1170587,2002,2015,10,14,0.931728957,0.991480081,0.059751125,1.301866,1.878791,7.159742,0.072294,2.317354,-0.063045737,0.0777,0.031755,Family,FALSE,FALSE,FALSE,FALSE
ENG_062_MZB_LO_3114,England,53.98078731,-0.472754867,1170587,2002,2024,9,23,0.970693833,1.068867763,0.09817393,0.654173,0.649175,1.576049,1.821694,1.968015,0.006981423,0.048639,0.018606,Family,FALSE,FALSE,FALSE,FALSE
ENG_062_MZB_LO_3115,England,54.0272408,-0.340522657,1170587,2002,2019,18,18,0.98496785,1.007349105,0.022381256,0.489101,0.351693,-1.738215,-1.462216,0.789619,0.00064822,0.012785,0.004249,Family,FALSE,FALSE,FALSE,FALSE
ENG_062_MZB_LO_3121,England,50.29149647,-3.679089609,1163636,2002,2023,7,22,1.013952226,0.990310153,-0.023642074,-2.265286,-1.734756,-3.425553,-2.338437,-4.265235,0.092412531,0.064279,0.010651,Family,FALSE,FALSE,FALSE,FALSE
ENG_062_MZB_LO_3123,England,53.98839308,-0.378170215,1170587,2002,2022,20,21,0.951824448,1.024817032,0.072992584,1.736327,1.613163,2.823738,2.718682,3.499031,-0.005808396,0.00032,0.002022,Family,FALSE,FALSE,FALSE,FALSE
ENG_062_MZB_LO_3125,England,54.26971766,-1.748033377,1174178,2002,2016,11,15,0.946572632,1.037911451,0.091338819,2.160304,2.15965,5.468665,0.070178,3.278388,-0.053957841,0.062034,0.016268,Family,FALSE,FALSE,FALSE,FALSE
ENG_062_MZB_LO_3126,England,54.26757311,-1.694907218,1174178,2002,2013,10,12,0.992994861,1.038992286,0.045997425,0.261816,0.574867,-0.76597,1.501675,-0.023108,0.050541373,0.085197,0.015563,Family,FALSE,FALSE,FALSE,FALSE
ENG_062_MZB_LO_3127,England,54.28506875,-1.482821187,1174178,2002,2013,8,12,0.85861773,1.051143369,0.192525639,-1.542178,-1.335855,0.508013,1.928382,-3.423244,-0.142350222,0.132984,0.043357,Family,FALSE,FALSE,FALSE,FALSE
ENG_062_MZB_LO_3130,England,52.69776114,-2.34915622,1173087,2003,2021,19,19,0.715353026,0.784948126,0.0695951,-0.836062,0.245356,-0.636952,0.33119,-1.110014,-0.009663845,0.072178,0.010447,Family,FALSE,FALSE,FALSE,FALSE
ENG_062_MZB_LO_3131,England,52.78077525,-2.315737749,1173087,2002,2014,8,13,0.849908018,0.919256296,0.069348278,2.022065,2.720712,7.466792,-8.642952,1.500171,0.003777168,0.141352,0.038153,Family,FALSE,FALSE,FALSE,FALSE
ENG_062_MZB_LO_3132,England,52.78433463,-2.329107682,1173087,2003,2023,10,21,0.869936596,0.917437213,0.047500617,0.518121,0.260206,-0.357641,1.404639,1.529664,-0.03397354,0.031457,0.002384,Family,FALSE,FALSE,FALSE,FALSE
ENG_062_MZB_LO_3135,England,53.29977727,-1.982074539,1172537,2002,2023,18,22,1.000057032,0.994421603,-0.005635429,-0.087442,0.516887,1.134561,-2.226205,0.136051,0.011705848,0.018448,0.005233,Family,FALSE,FALSE,FALSE,FALSE
ENG_062_MZB_LO_3139,England,50.73804588,-2.895205914,1156293,2003,2018,9,16,1.062079328,1.027142862,-0.034936466,0.094263,-1.374563,-2.775011,3.843669,0.671744,-0.033225391,0.007347,0.001108,Family,FALSE,FALSE,FALSE,FALSE
ENG_062_MZB_LO_3140,England,50.7085837,-2.640366775,1167082,2003,2023,20,21,1.057563876,1.062985933,0.005422057,1.060868,-0.104377,0.186879,5.842447,2.620404,-0.002296274,0.013263,0.000664,Family,FALSE,FALSE,FALSE,FALSE
ENG_062_MZB_LO_3143,England,50.22936814,-5.387541365,1159697,2002,2017,8,16,1.052731911,0.993345329,-0.059386582,-0.666914,0.651444,1.261803,-2.909119,-0.739952,0.11118267,0.03838,0.005706,Family,FALSE,FALSE,FALSE,FALSE
ENG_062_MZB_LO_3147,England,50.56103243,-4.478399958,1173733,2002,2022,8,21,0.994978379,1.021509093,0.026530714,0.307887,0.701212,1.295942,1.533875,2.11196,0.012716413,0.025886,0.003995,Family,FALSE,FALSE,FALSE,FALSE
ENG_062_MZB_LO_3149,England,54.52383697,-3.419900929,1154983,2002,2023,16,22,0.93229315,0.878302918,-0.053990232,-1.373607,-0.495651,-2.07759,-5.827191,-2.802036,0.012346922,0.000292,0.005454,Family,FALSE,FALSE,FALSE,FALSE
ENG_062_MZB_LO_3150,England,53.37390026,-1.759576127,1174178,2002,2024,22,23,1.030365043,1.04795157,0.017586526,0.293448,0.922958,0.906625,-3.411663,1.165972,0.012214439,0.033967,0.003068,Family,FALSE,FALSE,FALSE,FALSE
ENG_062_MZB_LO_3153,England,53.49081207,-0.170152064,1167591,2002,2023,20,22,1.096885536,1.022860102,-0.074025434,-0.545218,-0.308605,-1.367932,-1.239427,-1.075547,0.01710799,0.03813,0.004233,Family,FALSE,FALSE,FALSE,FALSE
ENG_062_MZB_LO_3155,England,53.37497859,-0.120999105,1171036,2002,2024,7,23,0.993930529,0.797463223,-0.196467306,-3.033281,-1.002316,3.137105,-5.144259,-5.98243,-0.005767661,0.06671,0.020702,Family,FALSE,FALSE,FALSE,FALSE
ENG_062_MZB_LO_3157,England,52.97729932,-0.476393684,1171036,2002,2022,11,21,0.938297469,0.91891122,-0.019386249,-2.352671,-2.936582,-5.70707,1.665362,-4.702627,0.029321279,0.054308,0.023389,Family,FALSE,FALSE,FALSE,FALSE
ENG_062_MZB_LO_3158,England,52.86411924,-0.556120856,1173800,2002,2021,17,20,0.783996245,0.669998975,-0.11399727,-2.099813,-1.397262,-0.927828,2.835167,-3.858274,-0.008941032,0.042414,0.013999,Family,FALSE,FALSE,FALSE,FALSE
ENG_062_MZB_LO_3161,England,51.05538839,-3.48541558,1173451,2002,2023,7,22,0.959225963,0.978593776,0.019367813,-1.568922,-0.369244,-1.558426,-6.799698,-2.257268,0.024651724,0.039481,0.005838,Family,FALSE,FALSE,FALSE,FALSE
ENG_062_MZB_LO_3162,England,51.74466709,0.618240232,1170198,2002,2021,11,20,0.921362325,0.885792835,-0.03556949,-0.498085,0.309554,0.216365,-2.84028,-1.640651,-0.04775579,0.070216,0.010965,Family,FALSE,FALSE,FALSE,FALSE
ENG_062_MZB_LO_3163,England,52.34416922,1.495852333,1173268,2002,2019,14,18,0.889799595,0.938782258,0.048982663,1.71828,0.540719,0.937572,5.86796,2.99083,-0.037276828,0.062242,0.006849,Family,FALSE,FALSE,FALSE,FALSE
ENG_062_MZB_LO_3168,England,50.64553485,-4.273484343,1173226,2002,2023,7,22,1.015631293,0.945535252,-0.07009604,0.2131,0.284578,-1.440713,-4.060315,0.617799,0.03339347,0.051065,0.009354,Family,FALSE,FALSE,FALSE,FALSE
ENG_062_MZB_LO_3170,England,52.88489362,0.767148332,1174152,2002,2023,7,22,0.998624914,1.081907125,0.083282211,0.847982,1.014995,3.220985,5.555168,1.362947,-0.05891863,0.078506,0.017161,Family,FALSE,FALSE,FALSE,FALSE
ENG_062_MZB_LO_3172,England,51.09060666,-2.26409931,1173229,2002,2019,7,18,0.762938148,0.907269745,0.144331597,1.464011,0.931046,0.959849,3.379515,3.186789,-0.080665074,0.031382,0.003278,Family,FALSE,FALSE,FALSE,FALSE
ENG_062_MZB_LO_3173,England,51.09152492,-2.255537081,1173229,2002,2019,7,18,1.007130496,0.946438462,-0.060692035,0.405979,-0.107169,-0.04885,-0.799736,1.548153,-0.017280583,0.032921,0.001475,Family,FALSE,FALSE,FALSE,FALSE
ENG_062_MZB_LO_3174,England,51.58529386,0.114634131,1172947,2002,2020,11,19,0.788387279,0.873771832,0.085384554,1.998549,1.198782,1.692166,1.92868,4.110204,-0.049614042,0.044225,0.011642,Family,FALSE,FALSE,FALSE,FALSE
ENG_062_MZB_LO_3178,England,51.98080042,0.957501695,1174138,2002,2014,7,13,1.006217567,1.070628848,0.064411281,-2.580636,-1.382054,-2.362832,-6.301093,-6.426137,0.024267537,0.13566,0.027779,Family,FALSE,FALSE,FALSE,FALSE
ENG_062_MZB_LO_3179,England,50.8630086,-0.992506422,1167171,2003,2018,7,16,0.64081169,0.771911936,0.131100247,-1.50266,2.048047,2.952462,-8.154128,-2.554215,-0.107651527,0.121596,0.039626,Family,FALSE,FALSE,FALSE,FALSE
ENG_062_MZB_LO_3183,England,51.51081395,0.206505596,1172947,2002,2019,8,18,0.940040136,0.924194808,-0.015845328,-0.588852,0.528187,0.061705,7.952896,-1.611254,-0.055094151,0.058963,0.012151,Family,FALSE,FALSE,FALSE,FALSE
ENG_062_MZB_LO_3189,England,51.17050254,-0.787568589,1172947,2002,2020,13,19,1.03182319,1.090480624,0.058657434,-0.749189,-1.710233,-4.078998,3.677757,-0.751785,-0.042781016,0.075392,0.017047,Family,FALSE,FALSE,FALSE,FALSE
ENG_062_MZB_LO_3191,England,50.86590937,-0.920624997,1164665,2002,2023,8,22,0.736273424,1.046516927,0.310243504,0.782807,0.965315,1.188391,-0.274718,1.686118,-0.043738002,0.06998,0.005876,Family,FALSE,FALSE,FALSE,FALSE
ENG_062_MZB_LO_3192,England,50.13249739,-5.481043564,1164145,2002,2021,7,20,1.004535734,0.980792062,-0.023743672,-1.65645,-0.877612,-3.109742,-7.170883,-3.432261,0.022639844,0.024582,0.001193,Family,FALSE,FALSE,FALSE,FALSE
ENG_062_MZB_LO_3194,England,52.31255031,-1.968410851,1173087,2005,2021,17,17,0.89567358,0.823022452,-0.072651128,-3.220315,-0.118121,0.738319,-10.319392,-7.184983,-0.006543724,0.044404,0.011458,Family,FALSE,FALSE,FALSE,FALSE
ENG_062_MZB_LO_3195,England,52.27932545,-1.986697404,1173087,2004,2021,18,18,0.88104476,0.908682084,0.027637324,-1.890598,-0.82326,0.296937,-4.697372,-3.478274,0.045207755,0.037959,0.010693,Family,FALSE,FALSE,FALSE,FALSE
ENG_062_MZB_LO_3197,England,50.9596492,-1.13408923,1171493,2002,2023,18,22,0.965903762,1.09570948,0.129805717,-2.189261,-0.594573,-2.701904,-7.79012,-4.018862,-0.021582894,0.039631,0.006561,Family,FALSE,FALSE,FALSE,FALSE
ENG_062_MZB_LO_3198,England,53.28311022,0.104489473,1170057,2003,2024,19,22,0.828105029,0.938360156,0.110255128,-1.586327,-0.836548,-1.840651,-2.823553,-3.250847,0.02217577,0.028097,0.004433,Family,FALSE,FALSE,FALSE,FALSE
ENG_062_MZB_LO_3199,England,51.39230573,0.114160757,1172947,2003,2023,21,21,0.930460977,1.04044025,0.109979273,1.454678,1.207686,-0.286322,-0.119476,3.210104,-0.002469186,0.024459,0.003014,Family,FALSE,FALSE,FALSE,FALSE
ENG_062_MZB_LO_3202,England,50.93768496,0.054544565,1172941,2002,2021,9,20,1.038486546,1.043076291,0.004589745,-1.257795,-0.113181,-0.600952,-6.565541,-2.744599,0.003429283,0.029889,0.011848,Family,FALSE,FALSE,FALSE,FALSE
ENG_062_MZB_LO_3203,England,50.66767514,-3.906740464,1172754,2002,2023,18,22,1.016077157,1.030268449,0.014191291,-1.169084,-0.370342,1.728194,-5.029353,-2.380926,0.017946808,0.030655,0.011522,Family,FALSE,FALSE,FALSE,FALSE
ENG_062_MZB_LO_3204,England,51.15511162,-2.038677252,1173229,2002,2024,16,23,0.901981141,1.09831653,0.196335388,0.577729,0.466849,-2.403726,2.347798,1.297202,-0.092814799,0.050421,0.011078,Family,FALSE,FALSE,FALSE,FALSE
ENG_062_MZB_LO_3207,England,55.44447089,-2.004962101,1172284,2004,2022,15,19,0.966195798,0.942150335,-0.024045464,-0.663446,0.041094,0.37083,-1.026189,-0.872385,0.005124438,0.046479,0.001316,Family,FALSE,FALSE,FALSE,FALSE
ENG_062_MZB_LO_3210,England,50.50950303,-4.93428,1172442,2003,2019,13,17,0.977411482,0.99095553,0.013544048,0.348643,0.116426,-2.277557,2.967412,0.537436,-0.041628716,0.0584,0.009305,Family,FALSE,FALSE,FALSE,FALSE
ENG_062_MZB_LO_3211,England,51.09730112,-0.038678902,1172862,2003,2017,8,15,1.049058069,0.966277917,-0.082780152,-2.329323,-2.541017,-7.354548,0.959242,-4.641502,0.007592087,0.061717,0.020159,Family,FALSE,FALSE,FALSE,FALSE
ENG_062_MZB_LO_3213,England,50.64648663,-2.421692566,1155929,2003,2014,7,12,1.035832782,0.96265024,-0.073182542,-4.101515,-1.213898,-4.341368,-9.221817,-7.392936,0.057170399,0.072997,0.002819,Family,FALSE,FALSE,FALSE,FALSE
ENG_062_MZB_LO_3214,England,50.08249245,-5.120057626,1173064,2004,2018,13,15,0.997001778,1.031176776,0.034174998,-0.433201,-0.685445,-4.355338,0.908645,-0.69788,-0.018353408,0.039046,0.014434,Family,FALSE,FALSE,FALSE,FALSE
ENG_062_MZB_LO_3216,England,52.75634978,0.527792668,1173799,2003,2020,17,18,0.892823455,1.016137734,0.123314279,0.718114,-0.630696,-1.832639,-1.701567,1.906819,0.005534079,0.038709,0.009611,Family,FALSE,FALSE,FALSE,FALSE
ENG_062_MZB_LO_3218,England,51.70637761,-1.880928144,1172947,2002,2012,10,11,0.94716289,1.040813814,0.093650924,2.306237,0.624037,-1.888046,8.825967,4.684541,-0.093235532,0.01871,0.006908,Family,FALSE,FALSE,FALSE,FALSE
ENG_062_MZB_LO_3222,England,52.57467401,-0.056504536,1173799,2004,2023,13,20,1.08416968,1.00448155,-0.07968813,-3.003569,-1.501245,-2.742855,-4.339494,-5.535488,0.005998334,0.058376,0.015381,Family,FALSE,FALSE,FALSE,FALSE
ENG_062_MZB_LO_3223,England,51.55455218,0.187501405,1172947,2003,2023,8,21,0.81668518,0.81869838,0.002013201,0.99152,0.021885,0.990881,3.543151,1.624115,-0.014054007,0.062784,0.007182,Family,FALSE,FALSE,FALSE,FALSE
ENG_062_MZB_LO_3224,England,50.64756485,-1.253164828,1173452,2003,2023,19,21,0.81779374,1.008369287,0.190575547,1.187142,0.868924,1.171661,0.312697,2.858451,0.007879525,0.074069,0.012252,Family,FALSE,FALSE,FALSE,FALSE
ENG_062_MZB_LO_3225,England,53.93000255,-2.693722347,1173825,2002,2021,15,20,0.965407834,0.941619692,-0.023788141,0.430103,-0.178112,-0.220691,1.788381,1.197251,0.036759697,0.00121,0.001966,Family,FALSE,FALSE,FALSE,FALSE
ENG_062_MZB_LO_3226,England,53.88616809,-2.746397204,1173825,2002,2021,16,20,0.970427015,0.971239292,0.000812277,-0.954051,2.301242,3.290454,-7.050647,-1.822307,-0.009068798,0.008813,0.003006,Family,FALSE,FALSE,FALSE,FALSE
ENG_062_MZB_LO_3232,England,51.6700016,-1.904043843,1172947,2003,2018,15,16,1.034494429,1.037116467,0.002622038,1.814652,2.539672,2.982924,-1.522844,4.539959,-0.080321459,0.052464,0.011958,Family,FALSE,FALSE,FALSE,FALSE
ENG_062_MZB_LO_3233,England,52.48583744,-2.211432168,1173087,2004,2021,9,18,0.820178604,1.010040872,0.189862268,2.066529,6.304016,10.24797,-4.628218,5.665225,0.012694216,0.040164,0.031053,Family,FALSE,FALSE,FALSE,FALSE
ENG_062_MZB_LO_3240,England,53.55391381,-1.789260897,1174178,2004,2018,9,15,0.922340263,1.034303243,0.111962981,3.305103,0.189191,-1.208368,9.943053,6.231771,-0.084624043,0.044845,0.000264,Family,FALSE,FALSE,FALSE,FALSE
ENG_062_MZB_LO_3243,England,51.66257849,-1.888083345,1172947,2003,2014,11,12,1.017922666,1.008361087,-0.009561579,-1.531498,1.42941,5.050022,-7.158628,-3.366248,0.041980076,0.031949,0.018945,Family,FALSE,FALSE,FALSE,FALSE
ENG_062_MZB_LO_3245,England,51.71364741,-1.895383358,1172947,2003,2022,19,20,0.981672012,1.042803706,0.061131695,0.964025,-0.541667,-1.115433,5.271306,1.69673,-0.061339675,0.029958,0.008754,Family,FALSE,FALSE,FALSE,FALSE
ENG_062_MZB_LO_3246,England,53.40183582,-1.792643074,1174178,2004,2023,20,20,0.995022179,1.037131172,0.042108993,0.82905,-0.533842,-1.563422,1.476667,1.543395,-0.033464523,0.031442,0.006137,Family,FALSE,FALSE,FALSE,FALSE
ENG_062_MZB_LO_3250,England,51.95415337,-0.508808971,1173799,2004,2017,9,14,0.735534701,0.754521414,0.018986713,1.083872,1.893414,-2.892714,1.998643,1.172061,-0.019577036,0.0551,0.006659,Family,FALSE,FALSE,FALSE,FALSE
ENG_062_MZB_LO_3253,England,52.76250516,0.456079842,1173799,2004,2017,12,14,0.830141208,0.883665765,0.053524557,0.309548,0.353884,-1.495194,-1.228431,-1.235148,0.007860366,0.071564,0.003469,Family,FALSE,FALSE,FALSE,FALSE
ENG_062_MZB_LO_3255,England,51.24266815,-0.980940065,1172947,2004,2023,12,20,0.808257512,0.928470216,0.120212704,-0.35815,1.026127,2.024183,-2.873219,-1.348973,-0.01941202,0.021317,0.001396,Family,FALSE,FALSE,FALSE,FALSE
ENG_062_MZB_LO_3256,England,51.55080466,0.232701119,1172947,2005,2023,11,19,0.686044998,0.786325852,0.100280854,0.832028,0.612394,1.760801,2.176844,2.101145,-0.043206961,0.042561,0.012523,Family,FALSE,FALSE,FALSE,FALSE
ENG_062_MZB_LO_3258,England,53.77971342,-0.653165686,1174178,2005,2022,17,18,1.025340753,1.084973278,0.059632526,4.246421,4.734394,8.95978,0.340796,8.763033,-0.129110516,0.088364,0.017656,Family,FALSE,FALSE,FALSE,FALSE
ENG_062_MZB_LO_3259,England,52.70090236,-0.446072887,1173800,2006,2018,7,13,0.880622875,0.997745786,0.11712291,-0.14479,-3.20935,-6.612458,13.869137,0.187763,-0.090078975,0.087465,0.017646,Family,FALSE,FALSE,FALSE,FALSE
ENG_062_MZB_LO_3260,England,51.27186603,-2.777805072,1162852,2007,2021,13,15,0.978474086,0.959094701,-0.019379385,1.04746,0.253894,0.12227,-0.837418,2.780713,0.028501681,0.012677,0.000226,Family,FALSE,FALSE,FALSE,FALSE
ENG_062_MZB_LO_3261,England,55.56395697,-2.002090772,1172284,2005,2022,12,18,1.018753781,1.013658171,-0.00509561,3.090078,2.925367,5.700668,0.766124,6.127531,-0.04944556,0.027508,0.001294,Family,FALSE,FALSE,FALSE,FALSE
ENG_062_MZB_LO_3264,England,52.56506902,1.133223204,1173269,2010,2023,12,14,1.018466037,1.019100455,0.000634418,-2.809328,-0.901981,-3.774783,-8.111373,-4.601174,0.082311719,0.030956,0.01133,Family,FALSE,FALSE,FALSE,FALSE
ENG_062_MZB_LO_3265,England,52.43152054,-1.549779324,1173087,2006,2021,16,16,0.726006954,0.700837139,-0.025169815,-2.09561,-2.869422,-2.584295,0.161529,-5.36186,0.024977079,0.044909,0.013199,Family,FALSE,FALSE,FALSE,FALSE
ENG_062_MZB_LO_3266,England,54.03019786,-2.093916861,1174178,2006,2019,9,14,0.974105686,1.036600382,0.062494697,2.366002,1.147695,2.288649,10.057784,4.147483,-0.139231711,0.088343,0.007093,Family,FALSE,FALSE,FALSE,FALSE
ENG_062_MZB_LO_3268,England,53.67803761,-0.374017204,1163503,2006,2023,11,18,0.795672806,0.718148847,-0.077523959,0.66095,-0.730448,-0.160239,17.157067,-1.094285,-0.001508497,0.050071,0.013766,Family,FALSE,FALSE,FALSE,FALSE
ENG_062_MZB_LO_3274,England,53.40876119,-1.568487127,1174178,2002,2023,19,22,0.773485384,0.758897725,-0.014587659,1.223587,1.073068,0.149904,0.104915,2.173737,-0.024638716,0.01219,0.005558,Family,FALSE,FALSE,FALSE,FALSE
ENG_062_MZB_LO_3277,England,51.60472025,-0.019490201,1172947,2006,2019,7,14,0.567521034,0.686843477,0.119322443,-0.777247,2.100374,2.242131,-9.610405,-2.393806,-0.033519969,0.047121,0.003686,Family,FALSE,FALSE,FALSE,FALSE
ENG_062_MZB_LO_3279,England,52.81655948,-2.559957574,1173087,2005,2023,8,19,0.813503937,0.822917825,0.009413888,1.214999,-0.327443,0.393765,6.651912,2.683345,-0.013521931,0.045,0.011137,Family,FALSE,FALSE,FALSE,FALSE
ENG_062_MZB_LO_3284,England,55.20255036,-2.486706095,1173538,2007,2020,8,14,1.019350075,0.958825285,-0.06052479,-2.258986,-1.492085,-3.822289,-10.850115,-2.740707,-0.005864151,0.042861,0.010536,Family,FALSE,FALSE,FALSE,FALSE
ENG_062_MZB_LO_3287,England,55.15503486,-2.01229846,1173540,2007,2023,8,17,1.06307682,0.968975035,-0.094101784,0.007107,1.320532,1.469501,-4.206212,0.804266,-0.099032016,0.063466,0.007666,Family,FALSE,FALSE,FALSE,FALSE
ENG_062_MZB_LO_3289,England,55.16250982,-2.493203033,1173538,2007,2020,8,14,0.974157066,0.997205035,0.02304797,-1.466607,-0.532499,-0.726199,-7.631352,-2.493426,0.026678376,0.04471,0.009771,Family,FALSE,FALSE,FALSE,FALSE
ENG_062_MZB_LO_3290,England,55.21333978,-2.532444883,1173538,2007,2022,10,16,0.957963697,0.921953006,-0.036010691,-2.062081,-1.28719,-3.802023,-5.75431,-2.944161,-0.018692216,0.018409,0.002598,Family,FALSE,FALSE,FALSE,FALSE
ENG_062_MZB_LO_3291,England,55.25669497,-2.547026631,1173538,2007,2023,10,17,1.019741895,0.984053969,-0.035687925,-3.664063,-2.841108,-4.286368,-5.908422,-7.142656,0.010261718,0.061932,0.003052,Family,FALSE,FALSE,FALSE,FALSE
ENG_062_MZB_LO_3293,England,50.87778729,-2.005626564,1173229,2005,2022,11,18,0.773954221,0.822305953,0.048351732,3.059206,3.979757,5.081629,-3.057227,5.176325,-0.019351019,0.030379,0.018772,Family,FALSE,FALSE,FALSE,FALSE
ENG_062_MZB_LO_3294,England,55.16402191,-2.531065656,1173538,2007,2020,8,14,0.987763811,1.081027376,0.093263565,-3.461968,-1.582536,-1.24484,-11.385107,-5.489972,-0.068898862,0.065692,0.026816,Family,FALSE,FALSE,FALSE,FALSE
ENG_062_MZB_LO_3301,England,52.76713996,-0.80233458,1174178,2007,2017,9,11,0.824290145,0.881722118,0.057431973,-0.003621,1.774005,10.061222,-6.600886,-0.132275,0.048782736,0.081628,0.005899,Family,FALSE,FALSE,FALSE,FALSE
ENG_062_MZB_LO_3304,England,52.10853571,-1.31103948,1172947,2007,2017,7,11,1.014293317,1.053263849,0.038970531,-3.029938,-3.318522,-2.372555,1.017237,-5.988767,0.055985558,0.103082,0.01783,Family,FALSE,FALSE,FALSE,FALSE
ENG_062_MZB_LO_3305,England,52.17117723,-1.209544991,1172947,2007,2023,14,17,0.89522972,0.904682434,0.009452714,1.578111,-1.276131,-0.239552,12.582587,2.427317,-0.03741465,0.046796,0.001269,Family,FALSE,FALSE,FALSE,FALSE
ENG_062_MZB_LO_3311,England,50.59088751,-4.574071868,1173448,2008,2018,11,11,0.967587208,0.953549398,-0.01403781,-0.042061,-0.539263,-0.248309,-4.767051,1.034138,0.031501148,0.005922,0.005385,Family,FALSE,FALSE,FALSE,FALSE
ENG_062_MZB_LO_3312,England,50.58455832,-4.019504692,1173225,2008,2018,11,11,0.936104558,0.949581551,0.013476993,-0.379478,2.03103,5.279021,-8.132433,0.899692,-0.061787801,0.016068,0.020955,Family,FALSE,FALSE,FALSE,FALSE
ENG_062_MZB_LO_3313,England,50.03230796,-5.183421752,1143855,2008,2022,15,15,0.95695935,0.883916756,-0.073042594,0.88262,0.015582,-0.077725,3.437259,1.866169,0.037365339,0.020723,0.007579,Family,FALSE,FALSE,FALSE,FALSE
ENG_062_MZB_LO_3315,England,52.5661342,1.110231403,1173269,2010,2023,12,14,0.9208388,0.944634121,0.023795321,-2.240323,0.630022,-0.605799,-7.324727,-3.142029,0.030168558,0.110867,0.030448,Family,FALSE,FALSE,FALSE,FALSE
ENG_062_MZB_LO_3316,England,53.93037649,-1.659232014,1174178,2008,2023,14,16,0.907180558,0.97719271,0.070012152,1.049343,0.335703,0.321604,2.390362,1.433021,-0.013680148,0.009468,0.00335,Family,FALSE,FALSE,FALSE,FALSE
ENG_062_MZB_LO_3318,England,55.17992256,-1.944205437,1173540,2009,2022,9,14,1.005937236,0.9657379,-0.040199336,-5.705272,-2.379958,-2.936279,-15.150107,-10.880044,0.041433244,0.084995,0.002846,Family,FALSE,FALSE,FALSE,FALSE
ENG_062_MZB_LO_3319,England,53.95368114,-1.702974249,1174178,2008,2023,13,16,1.055344573,0.965302637,-0.090041936,1.557326,0.883122,0.548523,4.33696,3.599338,-0.020468385,0.02944,0.000985,Family,FALSE,FALSE,FALSE,FALSE
ENG_062_MZB_LO_3320,England,53.49515884,-1.829676273,1172537,2013,2024,10,12,1.036392339,0.96973991,-0.066652429,-0.904693,3.204917,6.419039,-14.125857,0.203375,0.110291748,0.019357,0.003199,Family,FALSE,FALSE,FALSE,FALSE
ENG_062_MZB_LO_3322,England,50.91011147,-2.583804302,1174098,2009,2018,10,10,0.973232358,1.013405803,0.040173444,4.68634,-2.156539,-4.969607,19.027293,9.791688,-0.075584186,0.060227,0.01885,Family,FALSE,FALSE,FALSE,FALSE
ENG_062_MZB_LO_3324,England,54.52093329,-2.738224644,1174206,2009,2021,13,13,0.97188859,0.980826853,0.008938263,0.795544,0.827099,1.846113,1.458339,1.584624,-0.029716555,0.028298,0.00252,Family,FALSE,FALSE,FALSE,FALSE
ENG_062_MZB_LO_3329,England,52.30126179,-1.986529774,1173087,2009,2021,12,13,0.818921753,0.780288844,-0.03863291,-2.512226,2.663341,4.229304,-10.232789,-5.719263,-0.002484494,0.016926,0.009565,Family,FALSE,FALSE,FALSE,FALSE
ENG_062_MZB_LO_3334,England,53.04784348,-1.074009886,1174178,2009,2024,16,16,0.967630681,1.048664509,0.081033827,-0.885978,2.285794,3.124446,-8.848832,-2.473064,0.10150825,0.095151,0.021288,Family,FALSE,FALSE,FALSE,FALSE
ENG_062_MZB_LO_3336,England,54.57648434,-2.783566433,1174206,2009,2021,12,13,0.972740241,0.962286193,-0.010454048,1.333566,-0.007765,0.327509,3.077192,1.890451,-0.067341742,0.021569,0.016125,Family,FALSE,FALSE,FALSE,FALSE
ENG_062_MZB_LO_3338,England,54.57992819,-2.770698508,1174206,2009,2018,10,10,0.980917343,1.034491527,0.053574184,1.163231,0.387859,0.560425,4.097597,1.521132,-0.041540638,0.042823,0.001237,Family,FALSE,FALSE,FALSE,FALSE
ENG_062_MZB_LO_3339,England,54.57589184,-2.760953613,1174206,2009,2018,10,10,0.97099887,1.007448719,0.036449849,3.33844,1.602782,-1.597243,4.786935,5.118516,-0.068754254,0.025538,0.001982,Family,FALSE,FALSE,FALSE,FALSE
ENG_062_MZB_LO_3340,England,54.55230062,-2.76951219,1174206,2009,2021,13,13,1.021824983,1.007379402,-0.014445581,1.192315,0.920838,2.519786,2.259359,2.262241,-0.029461499,0.00202,0.001312,Family,FALSE,FALSE,FALSE,FALSE
ENG_062_MZB_LO_3342,England,54.5119435,-2.750341787,1174206,2009,2021,12,13,0.932250006,0.966553818,0.034303812,2.847332,3.262791,7.442273,-1.345287,5.34649,-0.041332479,0.02762,0.020153,Family,FALSE,FALSE,FALSE,FALSE
ENG_062_MZB_LO_3343,England,54.5282392,-2.73240755,1174206,2009,2021,13,13,0.908331765,0.942509386,0.034177621,-0.225007,-1.38806,-3.62627,3.13229,-0.176604,-0.011989073,0.011582,0.009657,Family,FALSE,FALSE,FALSE,FALSE
ENG_062_MZB_LO_3345,England,52.02286739,0.525864647,1173778,2010,2023,7,14,0.765921077,0.867575745,0.101654668,-0.149414,-0.646948,-6.654477,-4.597072,-1.869319,0.033582725,0.107457,0.031472,Family,FALSE,FALSE,FALSE,FALSE
ENG_062_MZB_LO_3349,England,51.13936206,-4.1354191,1164646,2013,2022,8,10,1.048911884,1.025769044,-0.023142841,3.810303,4.56907,4.702893,-6.047976,8.130051,-0.047231796,0.038268,0.005711,Family,FALSE,FALSE,FALSE,FALSE
ENG_062_MZB_LO_3354,England,51.87554615,0.161975063,1172947,2010,2023,10,14,1.040388885,0.993486966,-0.046901919,-1.021166,-1.04065,-3.26562,0.165653,-1.324887,0.095821404,0.044504,0.002182,Family,FALSE,FALSE,FALSE,FALSE
ENG_062_MZB_LO_3355,England,50.82780547,-1.572216203,1174086,2010,2023,14,14,1.021855433,1.032062548,0.010207116,-1.023487,1.047266,1.839621,-8.522386,-1.944696,0.062687941,0.026701,0.006376,Family,FALSE,FALSE,FALSE,FALSE
ENG_062_MZB_LO_3356,England,52.40434651,-1.13846166,1173087,2010,2021,11,12,0.888755597,0.949962274,0.061206677,-0.063803,-3.205513,-3.95668,9.379515,0.73754,0.064290459,0.075974,0.022186,Family,FALSE,FALSE,FALSE,FALSE
ENG_062_MZB_LO_3357,England,52.72138138,-1.846465285,1174178,2010,2019,7,10,0.710565286,0.824681248,0.114115962,1.366941,2.422842,7.629758,-0.929093,3.930124,-0.129081593,0.14112,0.036811,Family,FALSE,FALSE,FALSE,FALSE
ENG_062_MZB_LO_3363,England,51.07038747,-2.572148839,1174098,2010,2021,7,12,1.019483957,1.018110732,-0.001373225,1.968527,1.779376,1.774863,1.322122,4.233636,-0.038617593,0.087676,0.014993,Family,FALSE,FALSE,FALSE,FALSE
ENG_062_MZB_LO_3364,England,54.0627548,-1.923624518,1174178,2012,2023,7,12,0.959396014,0.922833046,-0.036562968,0.354138,0.567108,0.46858,-0.115,2.013414,0.14809196,0.028986,0.001234,Family,FALSE,FALSE,FALSE,FALSE
ENG_062_MZB_LO_3370,England,51.84482273,0.992339678,1150374,2011,2021,11,11,0.86260224,0.887738551,0.025136311,-1.53089,1.129391,-1.211792,-8.619495,-3.410755,-0.001846614,0.057884,0.000914,Family,FALSE,FALSE,FALSE,FALSE
ENG_062_MZB_LO_3373,England,53.83284185,-2.204587898,1173824,2011,2021,9,11,0.847076737,0.844685879,-0.002390858,0.450123,1.532908,3.601579,-5.168107,0.284753,-0.041496378,0.030124,0.003196,Family,FALSE,FALSE,FALSE,FALSE
ENG_062_MZB_LO_3375,England,54.50624555,-2.903948023,1174206,2011,2020,8,10,0.962171865,0.954743653,-0.007428211,0.319242,2.466665,3.394575,-6.43032,1.431863,-0.091764068,0.03346,0.000465,Family,FALSE,FALSE,FALSE,FALSE
ENG_062_MZB_LO_3376,England,54.39968457,-2.878219206,1174190,2011,2022,10,12,0.92037673,0.894009259,-0.026367471,1.621792,2.637064,2.004825,-2.685236,2.80541,0.05859444,0.080128,0.020334,Family,FALSE,FALSE,FALSE,FALSE
ENG_062_MZB_LO_3379,England,53.16745665,-1.70373846,1174178,2014,2024,7,11,0.855709247,0.94242283,0.086713584,1.609241,0.0218,-1.612956,-0.331285,2.134376,-0.109328243,0.001679,0.018042,Family,FALSE,FALSE,FALSE,FALSE
ENG_062_MZB_LO_3380,England,53.17275696,-1.688352884,1174178,2014,2024,7,11,0.971399959,0.988346943,0.016946984,-1.501132,0.939324,8.258684,-7.243704,-3.692885,0.026953625,0.078463,0.02451,Family,FALSE,FALSE,FALSE,FALSE
ENG_062_MZB_LO_3382,England,53.11797778,-2.070136448,1174178,2011,2023,11,13,0.574525433,0.642681495,0.068156062,8.854976,2.225975,3.569421,15.560374,21.128088,-0.033450316,0.061289,0.008232,Family,FALSE,FALSE,FALSE,FALSE
ENG_062_MZB_LO_3387,England,52.63659366,-2.522974652,1173087,2012,2022,11,11,1.014993395,0.99595579,-0.019037605,-0.882608,0.637263,1.519427,-5.564749,0.155453,0.00766998,0.008222,0.006999,Family,FALSE,FALSE,FALSE,FALSE
ENG_062_MZB_LO_3388,England,53.08025421,-2.102200438,1174178,2012,2021,10,10,0.736698856,0.716464326,-0.02023453,-0.135988,0.665962,1.479098,-5.94178,-1.207161,0.118483457,0.11569,0.029924,Family,FALSE,FALSE,FALSE,FALSE
ENG_062_MZB_LO_3389,England,52.39750281,-1.021561517,1173087,2012,2021,9,10,0.75062984,0.731525758,-0.019104081,-2.094068,-3.136328,2.385052,13.162671,-3.358509,0.014384091,0.034105,0.010364,Family,FALSE,FALSE,FALSE,FALSE
ENG_062_MZB_LO_3391,England,53.78061601,-1.917152506,1174178,2012,2023,11,12,0.986723152,0.995594449,0.008871297,1.642101,2.115514,3.528595,-0.538819,4.513645,-0.02098341,0.031109,0.001108,Family,FALSE,FALSE,FALSE,FALSE
ENG_062_MZB_LO_3392,England,53.5215595,-1.791321267,1174178,2012,2023,10,12,0.906131848,1.084148368,0.17801652,-0.978788,-5.420455,-9.54014,14.713968,-5.068919,-0.134231786,0.075647,0.029739,Family,FALSE,FALSE,FALSE,FALSE
ENG_062_MZB_LO_3393,England,53.66151517,-2.407696434,1172537,2012,2023,10,12,0.964249424,0.989700556,0.025451133,3.033399,0.193358,-2.996595,3.765792,6.267005,-0.092642171,0.003336,0.005355,Family,FALSE,FALSE,FALSE,FALSE
ENG_062_MZB_LO_3394,England,53.25633509,-1.981926188,1172537,2012,2023,10,12,1.015471858,1.026607558,0.011135699,-0.205542,0.172433,0.365342,-1.407659,-0.257343,-0.060783277,0.046705,0.014452,Family,FALSE,FALSE,FALSE,FALSE
ENG_062_MZB_LO_3395,England,54.50600009,-3.050982342,1172425,2014,2023,9,10,1.051322731,0.990589993,-0.060732738,-0.278986,0.164008,0.372678,-1.977985,-1.368628,-0.010641248,0.003291,0.006184,Family,FALSE,FALSE,FALSE,FALSE
ENG_062_MZB_LO_3396,England,52.56761957,1.091297374,1173269,2012,2023,11,12,0.938603457,0.808214463,-0.130388993,-4.601135,-0.873389,-1.242634,-13.282259,-8.576741,-0.028123525,0.040381,0.012209,Family,FALSE,FALSE,FALSE,FALSE
ENG_062_MZB_LO_3399,England,54.38983507,-2.089211487,1174178,2012,2024,7,13,1.083943122,1.060198254,-0.023744868,-0.102791,0.647292,-1.144913,-2.895961,0.525228,-0.005045819,0.003906,0.010809,Family,FALSE,FALSE,FALSE,FALSE
ENG_062_MZB_LO_3400,England,54.39764631,-2.032763853,1174178,2012,2024,7,13,1.029392281,0.976919189,-0.052473092,0.96087,1.379679,1.278254,-4.757654,2.830914,0.035202082,0.019666,0.001016,Family,FALSE,FALSE,FALSE,FALSE
ENG_062_MZB_LO_3402,England,52.37185919,-2.723113676,1173087,2009,2023,15,15,1.010852893,0.99220489,-0.018648003,1.424622,-0.501691,-2.596424,6.85169,3.075089,-0.012872952,0.055827,0.005333,Family,FALSE,FALSE,FALSE,FALSE
ENG_062_MZB_LO_3407,England,53.3666833,-1.793805244,1174178,2012,2024,12,13,0.963849908,1.062367433,0.098517525,1.267219,0.080566,0.000937,2.896623,3.776894,0.033962702,0.038822,0.006442,Family,FALSE,FALSE,FALSE,FALSE
ENG_062_MZB_LO_3408,England,52.32636322,1.4841862,1173268,2013,2022,7,10,1.041322796,0.984224489,-0.057098307,0.401827,0.435181,-3.414224,-3.508759,4.500871,0.123620021,0.083197,0.036522,Family,FALSE,FALSE,FALSE,FALSE
ENG_062_MZB_LO_3410,England,54.25877462,-2.423461566,1173826,2013,2022,7,10,0.985057362,1.052304783,0.067247421,1.228251,-0.831636,-4.240251,8.250031,2.351412,-0.164047226,0.06131,0.007013,Family,FALSE,FALSE,FALSE,FALSE
ENG_062_MZB_LO_3413,England,52.32580467,0.540195741,1173799,2013,2022,7,10,0.881268866,0.888907697,0.007638831,1.965733,4.425463,8.317406,-9.277912,2.235987,-0.124246517,0.167048,0.038136,Family,FALSE,FALSE,FALSE,FALSE
ENG_062_MZB_LO_3414,England,51.98294124,0.214793342,1173799,2013,2024,7,12,0.817228662,0.756524267,-0.060704395,0.662468,-1.764195,-3.667226,13.362335,4.824538,0.020865552,0.030962,0.003523,Family,FALSE,FALSE,FALSE,FALSE
ENG_062_MZB_LO_3417,England,53.38565911,-1.924229171,1172537,2013,2023,10,11,0.942717144,0.951059911,0.008342766,0.117672,0.019454,2.651587,5.204354,-0.189412,0.017788532,0.000475,0.001465,Family,FALSE,FALSE,FALSE,FALSE
ENG_062_MZB_LO_3418,England,54.15014129,-1.682679813,1174178,2013,2024,8,12,0.940614579,1.023430366,0.082815787,2.847567,2.653683,6.10896,4.289881,6.6452,-0.091197673,0.007654,0.011242,Family,FALSE,FALSE,FALSE,FALSE
ENG_062_MZB_LO_3419,England,54.15694751,-1.694204264,1174178,2013,2024,7,12,0.971235967,0.962324715,-0.008911252,1.08807,1.875194,1.967273,-1.438064,2.884548,0.022971141,0.044548,0.002529,Family,FALSE,FALSE,FALSE,FALSE
ENG_062_MZB_LO_3421,England,54.1049099,-1.780353037,1174178,2004,2023,10,20,0.936949218,0.944798232,0.007849014,-1.589148,-0.069864,0.305037,-6.874966,-3.298275,0.09081575,0.015688,0.003393,Family,FALSE,FALSE,FALSE,FALSE
ENG_062_MZB_LO_3422,England,51.71490007,-1.957794565,1172947,2013,2023,10,11,0.889885005,0.947791492,0.057906487,3.613661,0.851598,-1.789226,9.083857,5.766883,-0.157180826,0.048459,0.004595,Family,FALSE,FALSE,FALSE,FALSE
ENG_062_MZB_LO_3427,England,52.74393371,-2.798406936,1173087,2014,2024,10,11,0.960974148,1.05142237,0.090448221,1.26401,1.229157,-0.134039,0.826574,1.880047,-0.108357803,0.037173,0.023355,Family,FALSE,FALSE,FALSE,FALSE
ENG_062_MZB_LO_3439,England,51.85334919,-0.102569381,1172947,2014,2023,9,10,0.966112795,1.060829205,0.094716409,1.215053,0.752157,4.138767,13.024223,3.331315,0.00543199,0.088533,0.025809,Family,FALSE,FALSE,FALSE,FALSE
ENG_062_MZB_LO_3441,England,51.8711542,-0.14659179,1172947,2014,2023,9,10,0.833457817,0.902015099,0.068557282,0.942221,1.516866,4.352063,-2.218694,2.938928,0.011042922,0.038154,0.010629,Family,FALSE,FALSE,FALSE,FALSE
ENG_062_MZB_LO_3443,England,51.80781957,-2.508366835,1173087,2010,2020,11,11,0.665996242,0.749466942,0.0834707,-0.585689,-0.935019,-3.826789,3.94781,-0.950038,0.034130433,0.117373,0.023347,Family,FALSE,FALSE,FALSE,FALSE
ESP_034_MZB_LO_1,Spain,43.03135,-2.180836,1173402,1987,2021,27,35,0.412420954,0.894031814,0.48161086,1.719372,2.609079,3.132146,-4.673027,4.011462,-0.003658474,0.054813,0.013267,Family,TRUE,TRUE,FALSE,FALSE
ESP_034_MZB_LO_12,Spain,43.17473,-2.504809,1167864,1996,2021,24,26,0.798733465,0.858198242,0.059464778,0.785916,1.948814,1.880112,-5.832518,1.578975,0.041372742,0.016079,0.007878,Family,TRUE,TRUE,FALSE,FALSE
ESP_034_MZB_LO_13,Spain,43.12391,-2.420182,1167864,2006,2016,11,11,0.024090909,0.835909091,0.811818182,12.212346,11.530412,3.956414,-8.416122,24.414601,-0.025923981,0.187234,0.071686,Family,TRUE,TRUE,FALSE,FALSE
ESP_034_MZB_LO_14,Spain,43.13155,-2.420216,1167864,1987,2021,31,35,0.016769468,0.825121562,0.808352095,6.061702,3.579865,3.313878,-1.206333,11.400278,-0.056163387,0.076977,0.029488,Family,TRUE,TRUE,FALSE,FALSE
ESP_034_MZB_LO_15,Spain,43.17846,-2.413068,1167864,1993,2021,27,29,0.133494308,0.921767998,0.78827369,4.814251,4.529614,2.409759,-7.433535,10.16966,-0.008474296,0.06765,0.020093,Family,TRUE,TRUE,FALSE,FALSE
ESP_034_MZB_LO_16,Spain,43.19976,-2.432347,1167864,1996,2017,22,22,0.036512411,0.826828617,0.790316205,8.53026,9.271055,7.092865,-7.850084,16.048595,-0.017320681,0.105843,0.036822,Family,TRUE,TRUE,FALSE,FALSE
ESP_034_MZB_LO_18,Spain,43.26457,-2.375938,1167864,1989,2021,31,33,0.087359051,0.795124086,0.707765034,4.225794,3.659622,2.175059,-3.639658,7.792177,-0.035256148,0.063333,0.024879,Family,TRUE,TRUE,FALSE,FALSE
ESP_034_MZB_LO_2,Spain,43.05200484,-2.232755612,1173402,1996,2017,22,22,0.595543001,0.874455239,0.278912239,2.331513,3.589468,2.733583,-6.258606,4.350928,-0.032221863,0.043889,0.012579,Family,TRUE,TRUE,FALSE,FALSE
ESP_034_MZB_LO_20,Spain,43.19199992,-2.44253436,1167864,1996,2021,22,26,0.075877093,0.521391771,0.445514678,8.971894,6.784453,5.204232,6.726437,13.072173,-0.050569472,0.070853,0.023222,Family,TRUE,TRUE,FALSE,FALSE
ESP_034_MZB_LO_21,Spain,43.2936662,-1.729694356,1172400,1996,2021,24,26,0.977689948,0.997293869,0.019603922,1.065699,1.176262,1.265521,-4.908031,2.555313,0.058418227,0.014386,0.012439,Family,TRUE,TRUE,FALSE,FALSE
ESP_034_MZB_LO_22,Spain,43.05044425,-2.296948533,1173402,1998,2011,14,14,0.495753078,0.82826019,0.332507112,4.269508,5.19085,7.534654,-1.080177,8.139137,-0.121121052,0.084162,0.023044,Family,TRUE,TRUE,FALSE,FALSE
ESP_034_MZB_LO_24,Spain,43.03957,-2.26676,1173402,1998,2017,20,20,0.362951869,0.716219136,0.353267268,3.473163,4.300129,5.951012,-4.201247,7.205874,0.009813302,0.051523,0.00213,Family,TRUE,TRUE,FALSE,FALSE
ESP_034_MZB_LO_25,Spain,43.05029869,-2.219227779,1173402,1996,2021,24,26,0.007011032,0.783477937,0.776466905,5.259301,6.212088,5.234234,-10.839109,10.728322,0.009191716,0.085015,0.027284,Family,TRUE,TRUE,FALSE,FALSE
ESP_034_MZB_LO_26,Spain,43.31027562,-1.88159135,1173405,1999,2021,18,23,0.01911597,0.129166791,0.110050821,2.660478,4.500852,6.261049,-18.379541,5.645555,0.057409142,0.090819,0.030009,Family,TRUE,TRUE,FALSE,FALSE
ESP_034_MZB_LO_27,Spain,43.135,-2.231134,1170058,1996,2021,23,26,0.864709762,0.909987332,0.045277571,1.198069,1.113711,0.137591,-1.256648,2.941982,0.030974528,0.034906,0.007134,Family,TRUE,TRUE,FALSE,FALSE
ESP_034_MZB_LO_271,Spain,42.8630546,-2.5774594,1172636,2000,2021,22,22,0.375407809,0.588139833,0.212732024,0.114623,-1.000568,-2.440227,1.050464,0.197659,-0.068982739,0.064518,0.014159,Family,TRUE,TRUE,FALSE,FALSE
ESP_034_MZB_LO_272,Spain,43.1548249,-2.6123288,1173198,1994,2021,28,28,0.419769203,0.607341534,0.187572332,0.047972,0.527952,1.126966,-1.928558,-0.721953,-0.039705566,0.04887,0.001013,Family,TRUE,TRUE,FALSE,FALSE
ESP_034_MZB_LO_273,Spain,42.9112402,-2.494877,1172636,2007,2021,15,15,0.455073597,0.571073597,0.116,2.075255,1.190088,-1.113726,13.49892,5.331874,-0.044265604,0.05338,0.010009,Family,TRUE,TRUE,FALSE,FALSE
ESP_034_MZB_LO_274,Spain,42.9966532,-2.5672215,1167864,2007,2021,15,15,0.46734774,0.72284774,0.2555,4.015308,0.233548,-4.910245,29.12044,11.066982,-0.081494261,0.082789,0.028779,Family,TRUE,TRUE,FALSE,FALSE
ESP_034_MZB_LO_275,Spain,43.0447023,-2.6692665,1172636,2001,2021,16,21,0.328589621,0.204432864,-0.124156757,0.739045,-1.731315,-3.588828,5.656688,0.394985,-0.084770856,0.043389,0.014095,Family,TRUE,TRUE,FALSE,FALSE
ESP_034_MZB_LO_276,Spain,43.254945,-2.3870691,1167864,2007,2021,15,15,0.232083333,0.746583333,0.5145,5.27152,5.313706,12.068699,4.293826,8.600609,-0.160191464,0.103213,0.039667,Family,TRUE,TRUE,FALSE,FALSE
ESP_034_MZB_LO_277,Spain,42.9070481,-2.6275809,1172636,2010,2021,11,12,0.438233083,0.673368421,0.235135338,2.382236,3.987525,3.629538,-3.735987,3.473164,-0.131621492,0.059564,0.018719,Family,TRUE,TRUE,FALSE,FALSE
ESP_034_MZB_LO_278,Spain,43.2467883,-3.3720556,1174028,1997,2021,25,25,0.816942722,0.899006665,0.082063943,0.098112,-0.444747,0.76378,3.547533,-0.042737,-0.029161174,0.008239,0.00435,Family,TRUE,TRUE,FALSE,FALSE
ESP_034_MZB_LO_279,Spain,43.0736528,-3.0168528,1173198,2007,2021,15,15,0.301416667,0.423916667,0.1225,2.409513,1.737855,2.870639,3.384141,5.965778,-0.046001636,0.00804,0.001155,Family,TRUE,TRUE,FALSE,FALSE
ESP_034_MZB_LO_28,Spain,43.179,-2.256234,1170058,1993,2021,26,29,0.635316243,0.724513306,0.089197063,0.947374,1.394628,0.029414,-6.656756,2.366039,0.063575135,0.018583,0.003157,Family,TRUE,TRUE,FALSE,FALSE
ESP_034_MZB_LO_280,Spain,43.3077983,-2.4050954,1151682,1999,2015,10,17,0.31994485,0.793645161,0.473700311,12.265406,9.883963,-0.247417,4.336931,29.00526,-0.026189706,0.107135,0.031852,Family,TRUE,TRUE,FALSE,FALSE
ESP_034_MZB_LO_281,Spain,43.2911899,-2.6880517,1174025,2012,2021,10,10,0.885553839,0.796099294,-0.089454545,-0.845109,-0.845065,-0.816356,7.244959,-1.846873,0.064442032,0.06247,0.000954,Family,TRUE,TRUE,FALSE,FALSE
ESP_034_MZB_LO_282,Spain,42.8126215,-2.8131382,1172636,2007,2021,15,15,0.377166667,0.580166667,0.203,0.275457,-0.577716,2.095081,2.068342,0.454198,0.011293745,0.068907,0.012788,Family,TRUE,TRUE,FALSE,FALSE
ESP_034_MZB_LO_284,Spain,43.2670084,-2.2341908,1170058,2007,2021,15,15,0.317295235,0.829147327,0.511852092,4.47431,4.034302,3.807805,7.020477,10.730542,-0.144660278,0.081389,0.031285,Family,TRUE,TRUE,FALSE,FALSE
ESP_034_MZB_LO_285,Spain,42.7585288,-2.5872138,1172636,1997,2013,16,17,0.590640913,1.074574188,0.483933275,1.700285,0.461612,3.456001,8.2167,3.971913,-0.006048626,0.121475,0.030696,Family,TRUE,TRUE,FALSE,FALSE
ESP_034_MZB_LO_286,Spain,43.2208537,-3.0250444,1173198,2007,2021,15,15,0.933833333,1.004833333,0.071,0.669789,-0.236685,1.503289,4.603158,2.085832,-0.037322427,0.060228,0.011351,Family,TRUE,TRUE,FALSE,FALSE
ESP_034_MZB_LO_288,Spain,42.6340018,-2.473415,1172636,2007,2021,15,15,0.741979891,0.770479892,0.028500001,0.634858,-0.108731,2.899159,4.473107,2.027027,-0.035324591,0.085641,0.023387,Family,TRUE,TRUE,FALSE,FALSE
ESP_034_MZB_LO_289,Spain,43.34284,-2.5064511,1174023,1993,2021,29,29,0.714549006,0.589737011,-0.124811995,-0.448686,-0.563256,2.05059,-2.473593,-1.277994,0.007179784,0.033175,0.007948,Family,TRUE,TRUE,FALSE,FALSE
ESP_034_MZB_LO_291,Spain,43.0573502,-2.1733788,1173402,2007,2021,15,15,0.023365208,0.690365208,0.667,6.742012,3.272499,10.500173,15.144981,16.213104,-0.146213112,0.13259,0.053465,Family,TRUE,TRUE,FALSE,FALSE
ESP_034_MZB_LO_292,Spain,43.0367927,-2.6471017,1172636,2001,2021,7,21,0.404644901,0.698540717,0.293895816,2.836264,2.61266,5.155908,-0.5546,6.972781,-0.089836976,0.063133,0.016531,Family,TRUE,TRUE,FALSE,FALSE
ESP_034_MZB_LO_293,Spain,43.2827593,-3.2586967,1172846,2003,2021,19,19,0.989383818,1.093594344,0.104210526,0.320319,0.237419,0.400255,-0.570306,0.559026,-0.019290888,0.043075,0.007526,Family,TRUE,TRUE,FALSE,FALSE
ESP_034_MZB_LO_295,Spain,42.7109263,-2.9276707,1172636,1993,2021,23,29,0.297771696,0.493271623,0.195499928,3.208401,2.677101,3.946151,2.301834,6.230735,-0.056429864,0.052316,0.019408,Family,TRUE,TRUE,FALSE,FALSE
ESP_034_MZB_LO_296,Spain,43.3048952,-2.476168,1162272,2012,2021,10,10,0.925212628,0.673212628,-0.252,-3.269546,-2.68051,-1.027396,-8.250699,-6.574083,0.045136832,0.056012,0.017272,Family,TRUE,TRUE,FALSE,FALSE
ESP_034_MZB_LO_297,Spain,43.0632717,-2.6604225,1172636,2000,2013,8,14,0.690052883,0.820301386,0.130248503,1.518189,-1.103399,-1.501545,17.806389,2.162668,0.011855614,0.121187,0.027793,Family,TRUE,TRUE,FALSE,FALSE
ESP_034_MZB_LO_298,Spain,42.8482494,-3.2299022,1172636,2000,2020,14,21,1.02141487,0.778744698,-0.242670172,-1.079318,-1.060532,-4.399226,-4.754437,-1.723143,0.021269345,0.031593,0.008326,Family,TRUE,TRUE,FALSE,FALSE
ESP_034_MZB_LO_299,Spain,42.8023358,-3.0139784,1172636,2007,2021,15,15,0.344561307,0.149724153,-0.194837154,0.88779,0.447917,-0.437697,1.816154,1.740097,-0.09205744,7.30E-05,0.003164,Family,TRUE,TRUE,FALSE,FALSE
ESP_034_MZB_LO_3,Spain,43.19187,-2.053799,1173402,1998,2021,22,24,0.286064203,0.890581281,0.604517079,3.507791,2.975731,2.520611,-1.993343,6.319978,-0.030076817,0.052557,0.017621,Family,TRUE,TRUE,FALSE,FALSE
ESP_034_MZB_LO_30,Spain,43.21689,-2.020428,1173402,1996,2017,22,22,0.22952015,1.047158585,0.817638434,7.014928,8.3608,9.021253,-3.261627,11.474656,-0.099126134,0.097775,0.026602,Family,TRUE,TRUE,FALSE,FALSE
ESP_034_MZB_LO_300,Spain,42.8584039,-2.3992561,1172636,1993,2021,26,29,0.119078464,0.072330257,-0.046748207,0.945087,-2.005038,-2.424425,23.324343,-0.418766,-0.002257165,0.049505,0.026532,Family,TRUE,TRUE,FALSE,FALSE
ESP_034_MZB_LO_301,Spain,43.1304116,-2.569218,1173198,2007,2021,15,15,0.591483127,0.510983127,-0.0805,-0.501505,-0.351796,0.258651,5.726284,-0.816287,-0.0302012,0.015716,0.004529,Family,TRUE,TRUE,FALSE,FALSE
ESP_034_MZB_LO_302,Spain,43.3097565,-2.5408751,1174023,1993,2021,17,29,0.901495652,0.855898296,-0.045597356,-0.514254,-0.520017,1.240646,-1.933659,-1.13988,0.01375676,0.012073,0.006481,Family,TRUE,TRUE,FALSE,FALSE
ESP_034_MZB_LO_304,Spain,43.3670659,-2.702943,1174025,1999,2021,21,23,0.701533843,0.974379638,0.272845795,1.542905,0.97154,-0.486612,2.249717,2.185731,-0.052728555,0.033272,0.00692,Family,TRUE,TRUE,FALSE,FALSE
ESP_034_MZB_LO_306,Spain,43.2920754,-2.9375133,1173198,1993,2021,29,29,0.241111997,0.339318894,0.098206897,1.085767,1.321659,1.515134,-4.167352,1.267247,-0.043677536,0.04801,0.004924,Family,TRUE,TRUE,FALSE,FALSE
ESP_034_MZB_LO_307,Spain,42.6748491,-2.3345495,1172636,2003,2021,19,19,0.833360966,0.794388657,-0.03897231,-0.253962,-0.116083,4.223222,-5.256706,-0.048306,-0.013249255,0.033326,0.012995,Family,TRUE,TRUE,FALSE,FALSE
ESP_034_MZB_LO_308,Spain,42.6943557,-2.398154,1172636,2000,2021,22,22,0.463204582,0.651860708,0.188656127,0.142711,0.195056,0.683786,-2.596461,0.580875,-0.037398113,0.040221,0.004353,Family,TRUE,TRUE,FALSE,FALSE
ESP_034_MZB_LO_309,Spain,43.313009,-3.1211689,1173689,1993,2021,29,29,0.634972255,0.960867559,0.325895304,0.812626,0.471436,-0.420706,0.23606,1.171414,-0.024652317,0.039789,0.009348,Family,TRUE,TRUE,FALSE,FALSE
ESP_034_MZB_LO_31,Spain,43.28322,-1.818994,1173405,1996,2021,24,26,0.657156451,0.982206854,0.325050404,2.264888,2.278162,2.759809,-2.901134,4.317066,-0.019666678,0.031154,0.009014,Family,TRUE,TRUE,FALSE,FALSE
ESP_034_MZB_LO_310,Spain,43.0271427,-3.0096229,1173198,2012,2021,10,10,0.884727273,0.705272727,-0.179454545,-2.243598,-0.252366,1.883681,0.786554,-5.001553,0.186459434,0.035745,0.00824,Family,TRUE,TRUE,FALSE,FALSE
ESP_034_MZB_LO_311,Spain,43.0217141,-2.2418122,1173402,2004,2021,18,18,0.706959064,0.75748538,0.050526316,-0.234786,-0.499271,-0.322048,2.358351,-0.525454,-0.014435279,0.071096,0.013652,Family,TRUE,TRUE,FALSE,FALSE
ESP_034_MZB_LO_312,Spain,43.2093752,-2.0328358,1173402,1993,2021,29,29,0.19167858,0.495578811,0.303900231,1.05912,1.27233,2.324368,-4.505249,1.166217,-0.051062332,0.049217,0.009231,Family,TRUE,TRUE,FALSE,FALSE
ESP_034_MZB_LO_314,Spain,43.0580425,-2.5400191,1167864,2009,2021,10,13,0.927849739,0.707830211,-0.220019528,-1.698084,-2.091997,-1.658337,7.778339,-3.953646,0.024249861,0.09714,0.020098,Family,TRUE,TRUE,FALSE,FALSE
ESP_034_MZB_LO_316,Spain,43.1402113,-2.9392667,1173198,1996,2021,26,26,0.489061703,0.678062676,0.189000973,-0.120089,-0.33446,-1.118237,1.577073,-0.623433,-0.088737775,0.028217,0.003733,Family,TRUE,TRUE,FALSE,FALSE
ESP_034_MZB_LO_317,Spain,42.8463023,-2.7736786,1172636,2007,2021,15,15,0.154262088,0.181825338,0.02756325,0.627286,0.23408,1.420968,5.252058,0.532193,0.026641395,0.06554,0.019787,Family,TRUE,TRUE,FALSE,FALSE
ESP_034_MZB_LO_318,Spain,43.1705192,-2.8979978,1173198,2003,2021,19,19,0.672263158,0.703526316,0.031263158,0.124194,-0.853338,-4.983312,4.606764,0.771181,-0.046210486,0.060539,0.025203,Family,TRUE,TRUE,FALSE,FALSE
ESP_034_MZB_LO_319,Spain,42.7014825,-2.5957968,1172636,2007,2020,12,14,1.074562106,0.997929161,-0.076632945,-1.462425,-1.361124,-0.812195,-5.797583,-2.81554,-0.013938734,0.099532,0.015215,Family,TRUE,TRUE,FALSE,FALSE
ESP_034_MZB_LO_32,Spain,43.29124,-1.837662,1173405,1993,2021,27,29,0.482388447,0.814980899,0.332592452,3.015826,2.807696,4.117741,-6.28832,6.816468,-0.012068462,0.015807,0.009406,Family,TRUE,TRUE,FALSE,FALSE
ESP_034_MZB_LO_320,Spain,42.9416236,-2.6373866,1172636,2003,2021,19,19,0.177842105,0.094789474,-0.083052632,-2.043991,-1.123535,2.419009,1.002104,-5.159763,-0.016642278,0.042886,0.009815,Family,TRUE,TRUE,FALSE,FALSE
ESP_034_MZB_LO_321,Spain,43.3379944,-1.8214359,1173691,1999,2021,21,23,0.092116096,0.516159288,0.424043192,5.005694,6.473198,10.458977,-14.000273,8.93086,-0.022066187,0.077118,0.036868,Family,TRUE,TRUE,FALSE,FALSE
ESP_034_MZB_LO_322,Spain,43.3718546,-2.9087701,1172311,2012,2021,10,10,0.486363636,0.477636364,-0.008727273,0.442644,0.254615,-0.455925,2.374516,1.293491,-0.110398027,0.100516,0.027138,Family,TRUE,TRUE,FALSE,FALSE
ESP_034_MZB_LO_323,Spain,43.1550378,-2.2413836,1170058,2007,2021,15,15,1.083258304,1.030620744,-0.052637561,-0.472924,-0.945051,-2.01404,0.449915,-0.721332,-0.003714249,0.085611,0.012108,Family,TRUE,TRUE,FALSE,FALSE
ESP_034_MZB_LO_324,Spain,43.1532234,-2.9394998,1173198,1993,2021,19,29,0.125020196,0.055720748,-0.069299448,-1.03974,-1.894465,-1.372487,0.834821,-2.234374,0.007867559,0.008008,0.004392,Family,TRUE,TRUE,FALSE,FALSE
ESP_034_MZB_LO_326,Spain,43.2263534,-2.8210656,1173198,2007,2021,12,15,0.149489158,0.743374307,0.593885149,6.185632,2.58086,2.700874,25.376192,14.718866,-0.124343378,0.106173,0.026501,Family,TRUE,TRUE,FALSE,FALSE
ESP_034_MZB_LO_327,Spain,42.8251275,-3.0496335,1172636,1993,2021,29,29,0.782148498,0.875515496,0.093366998,-0.049224,-0.20601,0.670816,-0.930921,-0.278803,-0.068763412,0.040382,0.007907,Family,TRUE,TRUE,FALSE,FALSE
ESP_034_MZB_LO_329,Spain,43.2818792,-2.8548711,1173198,1994,2021,28,28,0.2609373,0.394976708,0.134039409,0.778125,0.425178,0.720362,3.542023,0.828584,-0.057313707,0.046346,0.013557,Family,TRUE,TRUE,FALSE,FALSE
ESP_034_MZB_LO_33,Spain,43.30039,-1.874856,1173405,1996,2021,24,26,0.395527452,0.857461893,0.461934441,3.136377,2.582283,3.042584,0.66437,6.491962,-0.02752829,0.027684,0.008441,Family,TRUE,TRUE,FALSE,FALSE
ESP_034_MZB_LO_330,Spain,43.0103093,-2.6842373,1172636,2007,2021,15,15,0.536333333,0.874333333,0.338,2.869969,0.269097,4.564418,19.149062,5.502588,0.008245353,0.107153,0.022649,Family,TRUE,TRUE,FALSE,FALSE
ESP_034_MZB_LO_332,Spain,42.6769964,-2.8965875,1172636,1993,2021,29,29,0.241103448,0.401655172,0.160551724,0.304576,-0.517292,-0.825999,3.611908,0.042525,-0.027552724,0.034581,0.010612,Family,TRUE,TRUE,FALSE,FALSE
ESP_034_MZB_LO_334,Spain,42.8564825,-2.7261004,1172636,2007,2021,15,15,0.419363714,0.365363714,-0.054,-1.26746,-1.095514,-4.733873,-3.913911,-3.799969,0.037982197,0.028766,0.014441,Family,TRUE,TRUE,FALSE,FALSE
ESP_034_MZB_LO_335,Spain,43.1855882,-3.0577141,1173198,2007,2021,15,15,0.794027828,1.032027828,0.238,1.469335,1.014472,1.619513,2.977193,3.014132,-0.03714218,0.077984,0.013758,Family,TRUE,TRUE,FALSE,FALSE
ESP_034_MZB_LO_336,Spain,43.0646151,-2.4425529,1167864,1997,2021,25,25,0.222104049,0.793590707,0.571486658,2.503603,2.17577,-0.355342,1.740331,3.81603,-0.118479798,0.07898,0.020445,Family,TRUE,TRUE,FALSE,FALSE
ESP_034_MZB_LO_337,Spain,43.191011,-2.0704154,1173402,2007,2021,15,15,0.456115389,0.74862929,0.292513901,2.779036,2.44307,3.63359,0.692053,6.995008,-0.101744495,0.060077,0.007324,Family,TRUE,TRUE,FALSE,FALSE
ESP_034_MZB_LO_338,Spain,43.2738424,-2.6863781,1174025,1997,2021,23,25,0.702378943,1.055845014,0.353466071,1.263585,0.786677,0.252008,1.764871,1.848974,-0.033465867,0.037123,0.007324,Family,TRUE,TRUE,FALSE,FALSE
ESP_034_MZB_LO_34,Spain,43.10196,-2.095364,1173402,1996,2021,24,26,0.220277564,1.015649126,0.795371562,3.531048,3.050845,3.791316,-0.937842,6.601141,-0.04865649,0.068142,0.018793,Family,TRUE,TRUE,FALSE,FALSE
ESP_034_MZB_LO_340,Spain,43.1015275,-2.3915388,1167864,2007,2021,15,15,0.48077948,0.74177948,0.261,1.236899,1.002618,12.954032,0.246878,3.092509,-0.095337305,0.108601,0.020684,Family,TRUE,TRUE,FALSE,FALSE
ESP_034_MZB_LO_341,Spain,42.9190446,-2.6171307,1172636,1994,2011,18,18,0.630782004,0.261308319,-0.369473684,-6.094085,-6.066376,-7.857741,-7.263054,-11.045599,0.028734978,0.089701,0.038377,Family,TRUE,TRUE,FALSE,FALSE
ESP_034_MZB_LO_343,Spain,43.1478708,-2.763284,1173198,2012,2021,10,10,0.795272727,0.788727272,-0.006545455,-0.44562,0.326799,-4.293552,-5.540664,0.003036,0.034080042,0.096453,0.038909,Family,TRUE,TRUE,FALSE,FALSE
ESP_034_MZB_LO_344,Spain,43.2117777,-2.7546532,1173198,1993,2021,29,29,0.117769281,0.746051197,0.628281916,2.345645,2.559369,3.765186,-0.500728,3.011907,-0.077430266,0.06885,0.023683,Family,TRUE,TRUE,FALSE,FALSE
ESP_034_MZB_LO_346,Spain,43.26160527,-2.277857247,1170058,2007,2020,12,14,1.024984472,0.827316701,-0.197667771,-1.31344,-1.732524,-1.278576,2.155479,-3.151324,0.035911378,0.036686,0.009872,Family,TRUE,TRUE,FALSE,FALSE
ESP_034_MZB_LO_347,Spain,43.2346257,-2.88092,1173198,1993,2021,29,29,0.091752796,0.790285749,0.698532953,2.60438,2.297451,3.909972,-1.236725,4.321726,-0.088009977,0.094406,0.02861,Family,TRUE,TRUE,FALSE,FALSE
ESP_034_MZB_LO_348,Spain,43.0504046,-2.2191363,1173402,2002,2021,20,20,0.150827716,0.710399144,0.559571429,3.614108,5.420558,5.436267,-4.160319,6.470344,-0.108089458,0.094645,0.030708,Family,TRUE,TRUE,FALSE,FALSE
ESP_034_MZB_LO_349,Spain,43.3213877,-2.748786,1172311,1993,2021,18,29,0.924340825,1.061108505,0.136767681,0.37253,0.4935,3.599226,-1.622698,0.761014,-0.033924266,0.03583,0.007424,Family,TRUE,TRUE,FALSE,FALSE
ESP_034_MZB_LO_35,Spain,43.3117,-1.888767,1173405,1987,2021,32,35,0.019849578,0.627803738,0.607954159,4.587176,4.290731,4.595697,-6.38247,9.338784,-0.0552789,0.063736,0.021494,Family,TRUE,TRUE,FALSE,FALSE
ESP_034_MZB_LO_350,Spain,42.6500325,-2.7760385,1172636,1997,2020,16,24,0.601631546,0.840067109,0.238435562,1.252746,1.659387,1.844945,-6.188479,1.784835,-0.047833287,0.019224,0.005333,Family,TRUE,TRUE,FALSE,FALSE
ESP_034_MZB_LO_351,Spain,42.6530692,-2.8355404,1172636,2007,2021,15,15,0.280709747,0.559576705,0.278866958,3.508303,1.013704,-3.006725,8.069731,9.79533,-0.0174234,0.019684,0.014509,Family,TRUE,TRUE,FALSE,FALSE
ESP_034_MZB_LO_353,Spain,43.10797023,-2.445497941,1167864,2007,2021,14,15,0.800883141,0.705131497,-0.095751645,-1.2868,-1.887513,-5.952251,10.914097,-1.167374,0.064341189,0.038936,0.014892,Family,TRUE,TRUE,FALSE,FALSE
ESP_034_MZB_LO_356,Spain,42.8739924,-3.1757827,1172636,1994,2021,28,28,0.756935947,0.877016233,0.120080286,0.056734,-0.147549,0.307041,-1.19518,-0.401446,-0.024265531,0.018283,0.006262,Family,TRUE,TRUE,FALSE,FALSE
ESP_034_MZB_LO_357,Spain,43.2999723,-2.02139,1157339,2009,2021,11,13,0.897008413,1.041797276,0.144788863,-0.104858,-1.261794,0.963666,4.722706,0.466622,0.031702309,0.03761,0.007539,Family,TRUE,TRUE,FALSE,FALSE
ESP_034_MZB_LO_358,Spain,43.1749694,-2.6344464,1173198,2007,2021,15,15,0.249416667,0.311916667,0.0625,-0.771683,-0.540737,4.117897,0.914267,0.326955,0.030017571,0.049607,0.013818,Family,TRUE,TRUE,FALSE,FALSE
ESP_034_MZB_LO_359,Spain,42.8695519,-2.2648695,1172636,2000,2021,22,22,0.406521739,0.439841897,0.033320158,0.587041,-1.748731,-3.474238,3.374076,0.230384,-0.045677639,0.105714,0.024491,Family,TRUE,TRUE,FALSE,FALSE
ESP_034_MZB_LO_364,Spain,43.3347547,-2.817491,1172311,2010,2021,11,12,0.778234676,0.702886641,-0.075348035,-0.282844,0.372288,-0.672306,-2.057663,-0.861612,0.029659758,0.111612,0.016166,Family,TRUE,TRUE,FALSE,FALSE
ESP_034_MZB_LO_365,Spain,43.3204492,-2.6638158,1174025,1994,2021,28,28,0.645624951,0.859541207,0.213916256,0.588519,-0.207582,-0.288055,2.846776,0.962308,-0.024642221,0.031326,0.005941,Family,TRUE,TRUE,FALSE,FALSE
ESP_034_MZB_LO_366,Spain,43.3033912,-1.8853049,1173405,1993,2021,29,29,0.167859522,0.766763421,0.598903898,3.036523,3.497664,5.146889,-7.937555,6.335132,-0.049059559,0.065573,0.019867,Family,TRUE,TRUE,FALSE,FALSE
ESP_034_MZB_LO_367,Spain,43.2415312,-2.996502,1173198,1993,2021,29,29,0.282309939,0.844342387,0.562032447,1.337261,1.210178,2.676366,-1.708295,2.534062,-0.07263348,0.057663,0.008792,Family,TRUE,TRUE,FALSE,FALSE
ESP_034_MZB_LO_368,Spain,42.6916178,-2.8452905,1172636,1993,2021,29,29,0.718064237,0.670928424,-0.047135812,-0.943591,-1.322789,-3.504239,-0.199151,-2.355454,0.019129823,0.043047,0.010671,Family,TRUE,TRUE,FALSE,FALSE
ESP_034_MZB_LO_369,Spain,42.8855822,-2.4984907,1172636,1993,2021,27,29,0.310932285,0.507480843,0.196548558,1.503061,-0.016173,-0.705282,4.963803,3.235038,-0.037955482,0.015456,0.011898,Family,TRUE,TRUE,FALSE,FALSE
ESP_034_MZB_LO_37,Spain,43.06117551,-2.440322122,1167864,1989,2017,29,29,0.026413793,0.744620689,0.718206896,7.010921,6.865078,6.115135,-8.348962,11.715988,-0.05258867,0.101093,0.028485,Family,TRUE,TRUE,FALSE,FALSE
ESP_034_MZB_LO_371,Spain,42.87408,-3.0681607,1172636,2000,2021,22,22,0.895817986,0.931181596,0.03536361,-0.691893,-0.801855,-0.835505,-3.7513,-1.371611,-0.058655784,0.009958,0.006244,Family,TRUE,TRUE,FALSE,FALSE
ESP_034_MZB_LO_372,Spain,43.2295461,-2.8495276,1173198,1993,2021,27,29,0.228389511,0.723148338,0.494758827,3.430785,3.73031,5.201527,-3.719841,5.674063,-0.133403858,0.096674,0.029306,Family,TRUE,TRUE,FALSE,FALSE
ESP_034_MZB_LO_373,Spain,43.317911,-2.4539565,1162272,1993,2021,29,29,0.249137796,0.491206762,0.242068966,1.885827,2.399609,3.100535,-3.424249,3.551226,-0.014811156,0.037855,0.01422,Family,TRUE,TRUE,FALSE,FALSE
ESP_034_MZB_LO_374,Spain,43.3693558,-2.8673882,1172311,1993,2021,29,29,0.142551724,0.279517241,0.136965517,1.385119,2.283499,3.725736,-6.360778,2.007603,0.030285208,0.001778,0.01439,Family,TRUE,TRUE,FALSE,FALSE
ESP_034_MZB_LO_375,Spain,43.1694058,-2.6024438,1173198,2007,2021,15,15,0.227214084,0.717214084,0.49,6.710044,3.641463,2.681009,11.205154,12.822729,-0.08128214,0.092448,0.030732,Family,TRUE,TRUE,FALSE,FALSE
ESP_034_MZB_LO_376,Spain,43.3073056,-2.6742334,1174025,1997,2021,24,25,0.2367,0.220418919,-0.016281081,0.678044,-0.2303,0.876146,11.094341,0.205296,-0.019104025,0.024583,0.007095,Family,TRUE,TRUE,FALSE,FALSE
ESP_034_MZB_LO_377,Spain,43.338178,-2.9995929,1162257,1999,2021,21,23,0.109806905,0.460403745,0.35059684,5.459707,4.84227,4.132614,1.589298,9.634017,-0.115466521,0.088743,0.026378,Family,TRUE,TRUE,FALSE,FALSE
ESP_034_MZB_LO_378,Spain,43.2083354,-2.0154456,1173402,2002,2021,20,20,1.041285714,1.074714286,0.033428571,0.197706,0.196076,1.394015,-6.165078,0.699151,-0.066542341,0.07418,0.020528,Family,TRUE,TRUE,FALSE,FALSE
ESP_034_MZB_LO_380,Spain,43.2797559,-2.9930488,1173198,1997,2021,25,25,0.017096249,0.750203941,0.733107692,3.789185,3.413151,5.372798,0.767126,6.680038,-0.0513969,0.094773,0.02077,Family,TRUE,TRUE,FALSE,FALSE
ESP_034_MZB_LO_381,Spain,43.2425601,-2.803503,1173198,2007,2021,15,15,0.143252569,0.544333251,0.401080682,7.717339,3.156487,3.169045,16.114805,18.596243,0.002260852,0.125194,0.043871,Family,TRUE,TRUE,FALSE,FALSE
ESP_034_MZB_LO_382,Spain,42.7376294,-2.9169011,1172636,2007,2021,14,15,0.55324967,0.674755614,0.121505944,0.233337,-0.200645,-0.195216,4.321307,1.798703,0.014564136,0.043137,0.008049,Family,TRUE,TRUE,FALSE,FALSE
ESP_034_MZB_LO_384,Spain,43.1820254,-2.6686985,1173198,1993,2021,29,29,0.116438206,0.643255971,0.526817765,1.357349,0.825097,2.215438,1.76896,1.45735,-0.064582458,0.06491,0.023588,Family,TRUE,TRUE,FALSE,FALSE
ESP_034_MZB_LO_385,Spain,42.9092863,-2.8912998,1172636,1993,2021,29,29,0.925696956,0.689283163,-0.236413793,-1.79601,-2.019487,-4.810594,1.221419,-3.268473,0.04062875,0.046947,0.016213,Family,TRUE,TRUE,FALSE,FALSE
ESP_034_MZB_LO_386,Spain,42.6959965,-2.4448605,1172636,2000,2021,14,22,1.05595181,1.037670328,-0.018281482,-0.512134,-0.300367,-2.304451,3.039706,-0.995796,0.034101749,0.000845,0.008533,Family,TRUE,TRUE,FALSE,FALSE
ESP_034_MZB_LO_387,Spain,43.2431227,-2.9180157,1173198,2007,2021,15,15,0.324464396,0.787464396,0.463,4.32587,3.576015,3.581373,7.240201,11.357947,-0.002308583,0.105978,0.018272,Family,TRUE,TRUE,FALSE,FALSE
ESP_034_MZB_LO_388,Spain,43.1733514,-2.2561423,1170058,2002,2021,20,20,0.757076137,0.778076137,0.021,-0.197941,-0.537954,-2.056613,-0.930995,-0.172202,0.000712376,0.075638,0.009303,Family,TRUE,TRUE,FALSE,FALSE
ESP_034_MZB_LO_389,Spain,43.2010069,-2.771498,1173198,1993,2021,29,29,0.148591272,0.704890183,0.556298911,1.925442,1.634344,2.581129,2.739976,2.800115,-0.07914844,0.079322,0.015153,Family,TRUE,TRUE,FALSE,FALSE
ESP_034_MZB_LO_39,Spain,42.97108,-2.294429,1173402,1996,2021,24,26,0.843989378,0.987729269,0.143739891,1.242027,2.171026,0.826706,-5.089913,2.929783,0.005832935,0.020401,0.001882,Family,TRUE,TRUE,FALSE,FALSE
ESP_034_MZB_LO_391,Spain,43.2562125,-1.9713825,1164754,2002,2021,17,20,1.008640492,1.052748992,0.0441085,0.679457,0.843243,2.751147,-4.481146,1.860295,-0.07442692,0.007546,0.005279,Family,TRUE,TRUE,FALSE,FALSE
ESP_034_MZB_LO_393,Spain,43.0810712,-2.1527286,1173402,1993,2021,29,29,0.052595488,0.813952959,0.761357471,2.903862,1.813298,1.565279,-4.54806,5.150357,-0.009481801,0.071357,0.022345,Family,TRUE,TRUE,FALSE,FALSE
ESP_034_MZB_LO_395,Spain,43.1757025,-2.2787772,1170058,2007,2021,15,15,0.572905245,0.718405245,0.1455,2.110085,1.068901,1.629876,10.687727,6.082896,-0.020046556,0.087075,0.003547,Family,TRUE,TRUE,FALSE,FALSE
ESP_034_MZB_LO_396,Spain,43.1085751,-2.9952191,1173198,1993,2021,29,29,0.454290467,0.391531847,-0.062758621,-0.979052,-1.592631,-0.820663,1.264059,-2.214098,0.0308831,0.035716,0.007212,Family,TRUE,TRUE,FALSE,FALSE
ESP_034_MZB_LO_397,Spain,42.8706453,-2.7569147,1172636,2007,2021,15,15,0.571986257,0.600986257,0.029,-0.442054,-2.049289,-6.015834,8.848537,1.860976,0.049208334,0.148465,0.034015,Family,TRUE,TRUE,FALSE,FALSE
ESP_034_MZB_LO_40,Spain,43.01811,-2.250091,1173402,1989,2021,31,33,0.089683806,0.774165684,0.684481878,4.178417,3.601083,1.058746,-7.354136,7.622092,-0.055250905,0.049446,0.011636,Family,TRUE,TRUE,FALSE,FALSE
ESP_034_MZB_LO_41,Spain,43.03015,-2.219796,1173402,1996,2017,22,22,0.251473893,0.669283993,0.4178101,1.278985,3.326967,1.874773,-12.961633,1.646597,0.005688152,0.072626,0.021894,Family,TRUE,TRUE,FALSE,FALSE
ESP_034_MZB_LO_45,Spain,43.0487488,-2.15797857,1173402,1998,2021,22,24,0.234899846,0.905167946,0.6702681,5.55817,4.870958,5.727067,-0.592481,11.769162,0.032496599,0.100168,0.024442,Family,TRUE,TRUE,FALSE,FALSE
ESP_034_MZB_LO_46,Spain,43.09003,-2.1211,1173402,1996,2017,22,22,0.153992095,0.717826087,0.563833992,2.144103,4.147525,1.468521,-10.073695,3.575695,-0.02990261,0.095066,0.034267,Family,TRUE,TRUE,FALSE,FALSE
ESP_034_MZB_LO_47,Spain,43.12606,-2.086747,1173402,1993,2021,27,29,0.226694043,0.851843429,0.625149386,2.704672,1.525239,0.620583,-6.371995,5.906575,-0.011537431,0.069151,0.01822,Family,TRUE,TRUE,FALSE,FALSE
ESP_034_MZB_LO_48,Spain,43.16558,-2.068432,1173402,1989,2021,31,33,0.029246296,0.790243471,0.760997175,4.31277,3.009848,3.098027,-2.462252,7.340775,-0.041659324,0.070689,0.021189,Family,TRUE,TRUE,FALSE,FALSE
ESP_034_MZB_LO_49,Spain,43.23029,-2.024612,1173402,1996,2021,24,26,0.266955892,1.041478371,0.774522478,4.152809,3.990567,4.038428,-1.339125,8.266433,-0.022373388,0.059263,0.016789,Family,TRUE,TRUE,FALSE,FALSE
ESP_034_MZB_LO_5,Spain,43.13183952,-2.069140446,1173402,1996,2021,24,26,0.03874197,0.858402034,0.819660064,5.656405,4.478088,2.921077,-1.468113,11.037753,-0.009801003,0.06066,0.013417,Family,TRUE,TRUE,FALSE,FALSE
ESP_034_MZB_LO_50,Spain,43.26846,-2.053899,1173402,1987,2021,31,35,0.160000481,0.680512733,0.520512252,1.747444,0.288755,0.231698,-2.291291,3.606232,-0.005822598,0.060091,0.018691,Family,TRUE,TRUE,FALSE,FALSE
ESP_034_MZB_LO_51,Spain,43.04217291,-2.252414952,1173402,2008,2017,8,10,0.568888385,0.318862399,-0.250025986,-2.561094,5.180021,5.598843,-18.03775,-2.471952,0.131238381,0.0686,0.014278,Family,TRUE,TRUE,FALSE,FALSE
ESP_034_MZB_LO_52,Spain,43.12867,-2.426197,1167864,1998,2021,22,24,0.110163944,0.467545249,0.357381305,4.713268,5.458702,6.123234,-5.504028,7.450104,-0.014877199,0.069665,0.024315,Family,TRUE,TRUE,FALSE,FALSE
ESP_034_MZB_LO_53,Spain,43.02573505,-2.4654142,1167864,1996,2016,21,21,0.48861485,0.607056409,0.118441558,0.262123,1.715321,2.916777,-6.089772,-1.218819,0.021943794,0.05839,0.016243,Family,TRUE,TRUE,FALSE,FALSE
ESP_034_MZB_LO_55,Spain,43.04053,-2.33519,1170058,1987,2017,23,31,1.049143595,0.797742038,-0.251401557,-1.086123,1.110739,0.893539,-9.643911,-2.006718,0.028504159,0.04879,0.010264,Family,TRUE,TRUE,FALSE,FALSE
ESP_034_MZB_LO_56,Spain,43.10151623,-2.391545259,1167864,1996,2021,24,26,0.133341483,0.593716647,0.460375164,4.217744,4.413735,3.345482,-3.103279,9.371936,0.025949374,0.068503,0.022726,Family,TRUE,TRUE,FALSE,FALSE
ESP_034_MZB_LO_62,Spain,43.1954,-2.257745,1170058,1987,2021,28,35,0.062616767,0.880506202,0.817889435,2.662018,1.2584,1.779898,1.95887,5.28263,-0.028792721,0.074727,0.019402,Family,TRUE,TRUE,FALSE,FALSE
ESP_034_MZB_LO_63,Spain,43.21009,-2.248283,1170058,1996,2017,22,22,0.547597833,0.713645103,0.166047269,1.148527,2.417416,0.327128,-7.992268,1.626186,-0.006009209,0.075824,0.023783,Family,TRUE,TRUE,FALSE,FALSE
ESP_034_MZB_LO_64,Spain,43.22752,-2.256916,1170058,1992,2017,26,26,0.582501714,0.802167939,0.219666225,2.132389,3.492534,2.513386,-9.847603,4.911923,0.038601339,0.049753,0.01019,Family,TRUE,TRUE,FALSE,FALSE
ESP_034_MZB_LO_65,Spain,43.25688,-2.259709,1170058,1996,2021,24,26,0.589683506,1.067049697,0.477366191,3.876993,0.647595,1.850237,-1.499317,8.019705,0.012974772,0.054766,0.005364,Family,TRUE,TRUE,FALSE,FALSE
ESP_034_MZB_LO_66,Spain,43.25511,-2.233623,1170058,1996,2017,22,22,0.621827294,0.928799444,0.30697215,1.589463,1.652867,-0.023418,-2.124224,3.962055,0.007061439,0.066817,0.013978,Family,TRUE,TRUE,FALSE,FALSE
ESP_034_MZB_LO_67,Spain,43.12746,-2.078432,1173402,1996,2021,24,26,0.418491911,1.059477965,0.640986054,3.038752,2.251079,3.688261,-4.053694,5.784797,0.000114253,0.056272,0.016215,Family,TRUE,TRUE,FALSE,FALSE
ESP_034_MZB_LO_68,Spain,43.28098,-2.224609,1170058,1990,2021,30,32,0.005920052,0.679050379,0.673130326,4.977589,5.249243,5.241613,-7.958911,8.028506,-0.035553626,0.055365,0.017765,Family,TRUE,TRUE,FALSE,FALSE
ESP_034_MZB_LO_7,Spain,42.98475,-2.565349,1167864,1996,2021,24,26,0.91939524,0.995947343,0.076552103,1.138923,1.093074,-0.3975,-4.102095,2.23208,0.011420685,0.034906,0.003314,Family,TRUE,TRUE,FALSE,FALSE
ESP_034_MZB_LO_70,Spain,43.25041,-1.950772,1164754,1986,2021,26,36,1.028104365,1.026923363,-0.001181002,0.006105,0.177489,-0.666201,-2.139446,0.482282,0.027313799,0.009722,0.000731,Family,TRUE,TRUE,FALSE,FALSE
ESP_034_MZB_LO_71,Spain,43.26036598,-1.946316549,1164754,1986,2021,33,36,0.17192596,0.802376814,0.630450854,2.91668,1.600523,1.110409,0.521535,4.341918,-0.037043641,0.017924,0.011235,Family,TRUE,TRUE,FALSE,FALSE
ESP_034_MZB_LO_72,Spain,43.26795,-1.968416,1164754,1986,2021,25,36,0.330539301,0.927893588,0.597354288,2.829153,2.577369,3.118211,-0.722452,6.893646,-0.03717261,0.006741,0.015626,Family,TRUE,TRUE,FALSE,FALSE
ESP_034_MZB_LO_73,Spain,43.2764104,-1.955935788,1164754,1986,2021,32,36,0.015198322,0.619227037,0.604028715,4.125945,4.686602,4.294346,-7.364271,7.923227,-0.008237828,0.07086,0.022493,Family,TRUE,TRUE,FALSE,FALSE
ESP_034_MZB_LO_75,Spain,43.06914866,-2.519618185,1167864,1996,2021,24,26,0.142154868,0.562431585,0.420276717,2.543382,3.559258,2.874176,-10.075564,4.263333,0.015814706,0.061007,0.0209,Family,TRUE,TRUE,FALSE,FALSE
ESP_034_MZB_LO_8,Spain,43.03059,-2.506046,1167864,2000,2017,15,18,0.107594203,0.544789855,0.437195652,7.18425,12.915194,10.288926,-10.178883,9.021612,-0.078817984,0.104024,0.029419,Family,TRUE,TRUE,FALSE,FALSE
ESP_058_MZB_LO_1,Spain,42.68950747,-2.956138831,1172636,2009,2018,8,10,0.849267931,0.545475565,-0.303792366,-1.621769,-4.081968,-5.496717,-2.011733,-2.735619,0.153366115,0.105527,0.030245,Family,FALSE,FALSE,FALSE,FALSE
ESP_058_MZB_LO_101,Spain,42.42705236,1.46139419,1172636,2009,2019,7,11,0.499366397,0.821118694,0.321752297,3.767215,5.774093,11.251208,-3.933275,8.808541,-0.099136161,0.158862,0.005584,Family,FALSE,FALSE,FALSE,FALSE
ESP_058_MZB_LO_102,Spain,42.74752334,-1.925547331,1172636,2009,2019,8,11,0.077012802,0.122105263,0.045092461,3.272241,4.099215,7.74336,-6.698762,7.759338,0.004704974,0.027562,0.019467,Family,FALSE,FALSE,FALSE,FALSE
ESP_058_MZB_LO_110,Spain,42.85735437,-3.154400443,1172636,2009,2018,8,10,0.96166619,0.982855136,0.021188946,0.151816,1.229384,3.98266,-1.124949,0.171978,-0.050028053,0.101894,0.01758,Family,FALSE,FALSE,FALSE,FALSE
ESP_058_MZB_LO_111,Spain,42.68612873,-0.622282285,1172636,2009,2019,8,11,0.827244874,1.091557125,0.264312251,2.608455,4.904555,5.804035,-3.664825,6.08039,0.140750688,0.108174,0.030322,Family,FALSE,FALSE,FALSE,FALSE
ESP_058_MZB_LO_113,Spain,42.39914326,-0.355589209,1172636,2009,2019,8,11,0.889180091,0.827208305,-0.061971786,0.042956,2.851883,4.673232,-6.192272,0.076481,-0.005929797,0.081968,0.012518,Family,FALSE,FALSE,FALSE,FALSE
ESP_058_MZB_LO_115,Spain,42.64804471,-0.055469583,1172636,2009,2019,7,11,0.966178344,0.79611465,-0.170063694,-1.299049,-0.326921,0.924316,-7.662885,-3.077088,-0.063693673,0.027254,0.003546,Family,FALSE,FALSE,FALSE,FALSE
ESP_058_MZB_LO_117,Spain,42.67633149,-1.79055906,1172636,2009,2019,9,11,0.398619238,0.529773039,0.131153802,1.579488,0.728888,-6.229271,6.167558,3.159116,-0.008577764,0.068167,0.011419,Family,FALSE,FALSE,FALSE,FALSE
ESP_058_MZB_LO_123,Spain,42.55655719,-0.601643274,1172636,2009,2019,9,11,0.771993464,0.976895425,0.204901961,1.858559,4.576811,9.384194,-6.956135,3.891335,0.024786959,0.117501,0.008898,Family,FALSE,FALSE,FALSE,FALSE
ESP_058_MZB_LO_125,Spain,42.80220109,-2.989286935,1172636,2009,2020,9,12,0.20500201,0.321306778,0.116304768,3.974079,6.793919,10.156635,-6.042844,8.765324,-0.049951248,0.065208,0.016417,Family,FALSE,FALSE,FALSE,FALSE
ESP_058_MZB_LO_126,Spain,42.79815783,-1.694799854,1172636,2009,2019,7,11,0.358316991,0.369917596,0.011600605,0.579177,1.791289,-3.12619,-8.388609,1.567118,0.048026196,0.110566,0.019831,Family,FALSE,FALSE,FALSE,FALSE
ESP_058_MZB_LO_128,Spain,41.59371115,0.621422769,1172636,2010,2019,7,10,0.384633358,0.601776219,0.217142861,4.08328,3.477311,6.003438,-0.779509,9.040033,0.059239512,0.101279,0.020606,Family,FALSE,FALSE,FALSE,FALSE
ESP_058_MZB_LO_16,Spain,42.67644719,-2.896673846,1172636,2009,2018,9,10,0.721308824,0.633029412,-0.088279412,-1.20153,3.097716,6.177816,-12.476008,-2.504559,-0.001850641,0.061088,0.008924,Family,FALSE,FALSE,FALSE,FALSE
ESP_058_MZB_LO_18,Spain,41.67455531,-0.843119296,1172636,2010,2019,10,10,0.294979824,0.592798005,0.29781818,9.694345,10.824454,7.863411,2.778512,21.511136,0.065573429,0.163993,0.049646,Family,FALSE,FALSE,FALSE,FALSE
ESP_058_MZB_LO_19,Spain,41.99908302,0.164170721,1172636,2009,2019,10,11,0.321709343,0.559030555,0.237321211,5.010457,5.110207,-3.557945,1.87668,10.577493,0.007181362,0.169532,0.05059,Family,FALSE,FALSE,FALSE,FALSE
ESP_058_MZB_LO_21,Spain,42.4192388,-2.077160001,1172636,2009,2019,7,11,0.921428571,0.621428571,-0.3,-3.246847,-0.605514,1.936927,-10.331533,-6.298715,0.07420067,0.112707,0.024577,Family,FALSE,FALSE,FALSE,FALSE
ESP_058_MZB_LO_23,Spain,42.78866967,-3.362306184,1172636,2009,2018,9,10,1.084764706,0.743029412,-0.341735294,-2.921215,-4.549592,-3.100309,9.809131,-5.534778,0.11824835,0.034206,0.00626,Family,FALSE,FALSE,FALSE,FALSE
ESP_058_MZB_LO_24,Spain,42.83329978,-2.783587992,1172636,2009,2018,9,10,0.490824007,0.38708353,-0.103740477,-1.264873,0.760967,-2.754993,-10.954676,-2.074219,0.090664743,0.048881,0.005924,Family,FALSE,FALSE,FALSE,FALSE
ESP_058_MZB_LO_25,Spain,42.89951313,-2.636727054,1172636,2009,2019,10,11,0.718693811,0.678031705,-0.040662107,-0.033957,5.387722,13.936481,-8.51692,1.026808,0.000696567,0.165527,0.042999,Family,FALSE,FALSE,FALSE,FALSE
ESP_058_MZB_LO_26,Spain,42.67016992,-2.97897318,1172636,2009,2018,7,10,0.533667862,0.518035364,-0.015632498,0.572956,-1.957161,2.105725,17.002217,1.347996,-0.042487307,0.14331,0.020711,Family,FALSE,FALSE,FALSE,FALSE
ESP_058_MZB_LO_29,Spain,42.5267987,-1.36440158,1172636,2009,2019,7,11,1.082703026,0.768776917,-0.313926109,-1.651376,-0.107016,1.816091,-4.692602,-2.057328,0.210194238,0.140152,0.038175,Family,FALSE,FALSE,FALSE,FALSE
ESP_058_MZB_LO_3,Spain,42.30900604,-1.798223416,1172636,2009,2019,11,11,0.650454545,0.700454546,0.05,1.210956,4.102073,-1.065869,-8.616968,2.852138,0.10779334,0.089135,0.021216,Family,FALSE,FALSE,FALSE,FALSE
ESP_058_MZB_LO_32,Spain,42.63884735,-2.868962404,1172636,2009,2018,7,10,0.463149039,0.805625,0.342475962,6.137915,6.295123,4.258593,1.264561,12.849533,-0.034228405,0.088389,0.006194,Family,FALSE,FALSE,FALSE,FALSE
ESP_058_MZB_LO_33,Spain,41.55939161,-0.680456213,1172636,2009,2019,9,11,1.046049709,0.928998,-0.117051709,-0.205933,0.157555,2.505917,-11.702028,0.045799,0.119356961,0.083588,0.009613,Family,FALSE,FALSE,FALSE,FALSE
ESP_058_MZB_LO_35,Spain,42.81391056,-1.749082662,1172636,2009,2019,10,11,0.473692869,0.623105157,0.149412289,1.845215,3.547314,3.713513,-2.723088,3.776166,-0.045791991,0.102224,0.027575,Family,FALSE,FALSE,FALSE,FALSE
ESP_058_MZB_LO_37,Spain,41.53465309,0.509814275,1172636,2009,2019,8,11,0.439877451,0.602622549,0.162745098,2.466961,3.138419,6.058534,-1.120122,4.900133,-0.051922218,0.114674,0.035007,Family,FALSE,FALSE,FALSE,FALSE
ESP_058_MZB_LO_38,Spain,41.6791037,0.091768685,1172636,2009,2019,11,11,0.700802732,0.64898455,-0.051818182,-1.225454,2.032253,4.365038,-12.472815,-1.496246,0.126670923,0.072048,0.013005,Family,FALSE,FALSE,FALSE,FALSE
ESP_058_MZB_LO_42,Spain,41.82257902,-0.785179069,1172636,2010,2019,10,10,0.737090909,0.662909091,-0.074181818,-1.073382,0.568519,-4.17016,-2.834407,-1.8842,0.082470042,0.111397,0.025758,Family,FALSE,FALSE,FALSE,FALSE
ESP_058_MZB_LO_44,Spain,40.92190401,0.49458775,1172636,2009,2019,10,11,1.03,1.052916667,0.022916667,1.445136,0.115318,4.195725,7.791726,3.383526,0.106544564,0.099433,0.018496,Family,FALSE,FALSE,FALSE,FALSE
ESP_058_MZB_LO_45,Spain,42.59051282,-0.397402116,1172636,2010,2019,7,10,0.877669903,0.956747573,0.07907767,0.618181,4.987223,12.851915,-12.06554,1.46148,0.066190225,0.137673,0.02655,Family,FALSE,FALSE,FALSE,FALSE
ESP_058_MZB_LO_47,Spain,41.89372877,0.164227237,1172636,2009,2019,10,11,0.793901515,0.769090909,-0.024810606,1.20499,2.538407,8.628429,-8.414289,3.025947,0.138253501,0.12122,0.031729,Family,FALSE,FALSE,FALSE,FALSE
ESP_058_MZB_LO_48,Spain,42.87243914,-2.442987882,1172636,2009,2019,8,11,0.542562842,0.630285418,0.087722576,1.470014,1.267042,0.515519,-0.016594,2.568961,-0.140772011,0.036711,0.01542,Family,FALSE,FALSE,FALSE,FALSE
ESP_058_MZB_LO_49,Spain,41.61417727,-0.91492166,1172636,2009,2018,7,10,0.321851852,0.292893519,-0.028958333,-1.698745,0.771484,-0.487383,-10.046719,-2.395509,0.183703069,0.017212,0.00367,Family,FALSE,FALSE,FALSE,FALSE
ESP_058_MZB_LO_52,Spain,42.63228296,-1.99424429,1172636,2009,2019,10,11,0.804318182,0.644090909,-0.160227273,-0.786315,-2.891993,-11.180244,12.417296,-1.284754,0.085549343,0.107232,0.030674,Family,FALSE,FALSE,FALSE,FALSE
ESP_058_MZB_LO_53,Spain,42.66570302,-1.826725956,1172636,2009,2019,8,11,0.86422619,0.720178571,-0.144047619,-1.226413,0.492318,5.811673,-4.484818,-2.367329,0.038736933,0.053222,0.016554,Family,FALSE,FALSE,FALSE,FALSE
ESP_058_MZB_LO_55,Spain,41.48054363,-0.537744905,1172636,2009,2019,9,11,1.063137264,0.976862754,-0.08627451,-1.368567,0.324689,4.488411,-4.340624,-2.757692,0.030733743,0.019538,0.002566,Family,FALSE,FALSE,FALSE,FALSE
ESP_058_MZB_LO_56,Spain,41.66387421,-0.89314036,1172636,2009,2019,8,11,0.91923865,0.92289789,0.003659241,0.221501,1.091489,-4.116298,-5.839987,0.747962,0.07751437,0.013294,0.006498,Family,FALSE,FALSE,FALSE,FALSE
ESP_058_MZB_LO_58,Spain,42.71855954,-1.004890548,1172636,2009,2019,8,11,1.019120287,0.975402607,-0.043717681,-0.448758,2.474267,1.962788,-9.826397,-1.02961,-0.030415476,0.013978,0.008137,Family,FALSE,FALSE,FALSE,FALSE
ESP_058_MZB_LO_61,Spain,42.76553688,-2.833752134,1172636,2009,2018,8,10,0.586,0.6265,0.0405,1.7493,1.770064,3.501418,1.405933,4.122489,0.155374636,0.084442,0.016339,Family,FALSE,FALSE,FALSE,FALSE
ESP_058_MZB_LO_62,Spain,42.64674852,-2.712834917,1172636,2009,2018,8,10,0.475428572,0.48957143,0.014142857,1.767886,4.067944,1.873256,-9.14496,3.360356,-0.078571176,0.087659,0.015711,Family,FALSE,FALSE,FALSE,FALSE
ESP_058_MZB_LO_63,Spain,42.55030113,-2.26952885,1172636,2009,2019,8,11,0.74596769,0.909383966,0.163416276,2.633213,3.6068,10.169643,-3.121316,5.476733,-0.001787146,0.184121,0.034211,Family,FALSE,FALSE,FALSE,FALSE
ESP_058_MZB_LO_64,Spain,42.44525973,-2.198472816,1172636,2009,2019,10,11,0.473366633,0.440599401,-0.032767233,-0.379955,1.872192,-1.291941,-9.23089,-0.228479,0.149163978,0.165501,0.034671,Family,FALSE,FALSE,FALSE,FALSE
ESP_058_MZB_LO_7,Spain,41.52143956,0.346661594,1172636,2009,2019,11,11,0.537909694,0.67336424,0.135454545,2.721836,3.37858,5.984141,-6.711812,5.762146,0.015846292,0.087733,0.021252,Family,FALSE,FALSE,FALSE,FALSE
ESP_058_MZB_LO_75,Spain,42.08580889,-0.109946386,1172636,2009,2019,7,11,0.991695669,1.016699987,0.025004318,1.532895,3.353852,4.955647,-8.460865,3.244987,0.071446177,0.11095,0.025482,Family,FALSE,FALSE,FALSE,FALSE
ESP_058_MZB_LO_78,Spain,41.79055336,-1.136148509,1172636,2009,2019,7,11,1.044698795,0.952228916,-0.09246988,-0.202683,-1.574152,-7.243202,4.976033,-0.308347,0.059828201,0.128022,0.040876,Family,FALSE,FALSE,FALSE,FALSE
ESP_058_MZB_LO_79,Spain,41.08871285,0.64803369,1172636,2009,2019,8,11,0.916530055,0.926912568,0.010382514,0.223093,-0.739415,-0.131627,11.18607,0.713295,0.05932894,0.172189,0.042852,Family,FALSE,FALSE,FALSE,FALSE
ESP_058_MZB_LO_85,Spain,41.9485217,-1.688811707,1172636,2009,2018,8,10,0.532886226,0.697623722,0.164737496,1.258333,-0.965339,-7.184133,9.194272,2.869827,-0.11784346,0.159128,0.016004,Family,FALSE,FALSE,FALSE,FALSE
ESP_058_MZB_LO_88,Spain,42.14971858,0.027215566,1172636,2010,2019,8,10,1.077993948,0.872602372,-0.205391576,-2.055414,-1.159328,0.329149,-2.315135,-3.951909,0.080245318,0.100103,0.005907,Family,FALSE,FALSE,FALSE,FALSE
ESP_058_MZB_LO_92,Spain,42.48342999,-1.640917157,1172636,2009,2019,7,11,0.612925382,0.568528689,-0.044396693,0.279151,4.153227,6.473852,-10.439251,0.986997,0.10073342,0.16375,0.039691,Family,FALSE,FALSE,FALSE,FALSE
ESP_058_MZB_LO_94,Spain,42.80111985,-1.703456909,1172636,2009,2019,7,11,0.584410828,0.594442675,0.010031847,-0.820455,0.324055,4.62444,-4.922008,-2.06424,-0.066244349,0.12189,0.029974,Family,FALSE,FALSE,FALSE,FALSE
ESP_058_MZB_LO_95,Spain,42.96520494,-1.837001951,1172636,2009,2019,8,11,0.553333333,0.486666667,-0.066666667,-2.419095,0.483349,-0.314308,-4.787466,-5.122808,-0.016951569,0.051214,0.001242,Family,FALSE,FALSE,FALSE,FALSE
EST_012_MZB_LO_10,Estonia,58.0275,25.959,1292858,2003,2019,9,17,1.010614251,0.96972973,-0.040884521,-0.389737,1.010694,0.309532,-6.026694,-0.72194,0.069502499,0.070622,0.007249,Mixed,TRUE,FALSE,FALSE,FALSE
EST_012_MZB_LO_8,Estonia,59.26,23.8735,1265005,2006,2019,10,14,0.796,0.952,0.156,3.281173,2.477665,0.721256,1.673731,5.793349,-0.078942834,0.081127,0.001604,Mixed,TRUE,FALSE,FALSE,FALSE
FIN_004_MZB_LO_1,Finland,64.55454676,27.16885509,1292459,2009,2021,11,13,0.837143124,0.836270451,-0.000872673,-0.059812,-0.354816,-2.069114,-0.379067,0.477285,0.001308344,0.014602,0.003729,Mixed,FALSE,FALSE,TRUE,FALSE
FIN_004_MZB_LO_10,Finland,63.38659766,26.41373804,1281089,2008,2019,8,12,0.910610522,0.816321803,-0.094288718,-0.052028,1.985639,1.856439,-13.318858,0.592221,0.026080868,0.013987,0.009106,Mixed,FALSE,FALSE,TRUE,FALSE
FIN_004_MZB_LO_101,Finland,60.435673,24.434583,1291940,1998,2021,7,24,0.605170901,0.896870004,0.291699103,2.433328,0.562777,1.019947,8.660853,5.330715,-0.034546052,0.048465,0.002649,Mixed,FALSE,FALSE,TRUE,FALSE
FIN_004_MZB_LO_11,Finland,63.72762108,26.37874499,1292873,2009,2020,12,12,0.829798342,0.61290425,-0.216894092,-1.242214,-0.857793,-2.585529,-4.202601,-1.336414,0.203460121,0.094103,0.023193,Mixed,FALSE,FALSE,TRUE,FALSE
FIN_004_MZB_LO_110,Finland,62.939843,31.438191,1292873,2007,2016,9,10,0.849371357,1.011449589,0.162078233,-1.834172,0.026808,7.305018,-8.302375,-2.851514,-0.145366998,0.069616,0.002326,Mixed,FALSE,FALSE,TRUE,FALSE
FIN_004_MZB_LO_112,Finland,63.4269,30.120613,1292873,2007,2018,7,12,0.843645251,0.777693713,-0.065951537,-2.412899,-1.508578,-1.101702,-5.695705,-4.863017,-0.029386463,0.045584,0.001727,Mixed,FALSE,FALSE,TRUE,FALSE
FIN_004_MZB_LO_113,Finland,61.56056,26.709957,1281089,2007,2017,8,11,0.887098356,0.788418738,-0.098679618,-0.432789,3.520395,10.797121,-18.795015,-0.265295,0.043217207,0.116938,0.018094,Mixed,FALSE,FALSE,TRUE,FALSE
FIN_004_MZB_LO_12,Finland,63.67398233,26.57460379,1292873,2009,2020,12,12,0.953360285,0.747182231,-0.206178054,-1.667827,-1.704988,-1.747957,-1.232169,-3.142704,-0.007967859,0.007769,0.001252,Mixed,FALSE,FALSE,TRUE,FALSE
FIN_004_MZB_LO_13,Finland,63.61923382,29.42829593,1292873,2009,2020,8,12,0.952423223,0.965895536,0.013472313,-1.70801,-0.439272,-3.404274,-6.087981,-3.891408,-0.115224393,0.062569,0.020107,Mixed,FALSE,FALSE,TRUE,FALSE
FIN_004_MZB_LO_131,Finland,64.020105,28.037768,1292459,2008,2021,7,14,0.776752246,1.009026558,0.232274312,3.676562,5.548877,11.004549,2.990954,10.826458,0.040963367,0.09988,0.022735,Mixed,FALSE,FALSE,TRUE,FALSE
FIN_004_MZB_LO_132,Finland,63.935069,27.924531,1292873,2008,2021,7,14,0.647273357,0.914086467,0.26681311,4.990422,4.344835,8.878714,3.450926,11.627722,-0.02276824,0.045766,0.021348,Mixed,FALSE,FALSE,TRUE,FALSE
FIN_004_MZB_LO_133,Finland,64.043965,28.108808,1292459,2008,2021,7,14,0.942692256,0.968523851,0.025831595,0.106081,0.064308,-1.043487,-1.851161,1.94588,0.116464229,0.080608,0.010556,Mixed,FALSE,FALSE,TRUE,FALSE
FIN_004_MZB_LO_14,Finland,62.76245154,30.03605426,1292873,2006,2019,11,14,0.890840967,0.928775121,0.037934154,-2.438413,-1.231968,-1.249776,-3.390283,-4.844507,-0.122723382,0.065345,0.014907,Mixed,FALSE,FALSE,TRUE,FALSE
FIN_004_MZB_LO_144,Finland,62.904073,29.76274,1292873,2009,2018,9,10,0.991724588,0.977384306,-0.014340282,-1.80389,-1.32309,-3.048657,1.554206,-2.57503,0.076869074,0.068418,0.00963,Mixed,FALSE,FALSE,TRUE,FALSE
FIN_004_MZB_LO_15,Finland,62.98274964,21.99244833,1287316,2007,2020,12,14,0.559351771,0.561017966,0.001666195,2.407689,0.086744,-8.261965,13.094836,3.543157,-0.01008869,0.068604,0.007756,Mixed,FALSE,FALSE,TRUE,FALSE
FIN_004_MZB_LO_152,Finland,63.077279,21.944082,1291942,2005,2020,8,16,0.444723918,0.571272986,0.126549068,4.983538,1.248754,-1.239813,14.10019,9.021523,-0.043211221,0.065895,0.012063,Mixed,FALSE,FALSE,TRUE,FALSE
FIN_004_MZB_LO_153,Finland,67.911069,25.354391,1284416,2009,2021,7,13,0.990487783,0.920660957,-0.069826826,-2.308122,-0.845013,0.568556,-13.734462,-3.263714,0.008920038,0.028111,0.001865,Mixed,FALSE,FALSE,TRUE,FALSE
FIN_004_MZB_LO_154,Finland,67.698977,26.852368,1284416,2008,2021,7,14,0.614778099,0.55271368,-0.062064419,-1.483409,0.595369,1.300413,-4.493137,-2.935218,0.00586799,0.024199,0.000391,Mixed,FALSE,FALSE,TRUE,FALSE
FIN_004_MZB_LO_156,Finland,67.64107,26.79099,1284416,2008,2021,7,14,0.908747533,0.996033277,0.087285744,2.088911,0.426411,1.447888,10.400246,4.856752,-0.072488223,0.031442,0.001219,Mixed,FALSE,FALSE,TRUE,FALSE
FIN_004_MZB_LO_16,Finland,60.35584013,24.75591625,1274183,2007,2019,8,13,0.790454183,0.803040905,0.012586722,-0.62287,0.202733,0.214297,0.630064,-1.371506,0.05694882,0.023808,0.005346,Mixed,FALSE,FALSE,TRUE,FALSE
FIN_004_MZB_LO_17,Finland,63.68293912,24.34331631,1286619,2009,2020,10,12,0.989359652,1.000210965,0.010851313,1.331374,0.644977,1.61702,4.170461,3.36162,-0.021975952,0.006839,0.00564,Mixed,FALSE,FALSE,TRUE,FALSE
FIN_004_MZB_LO_18,Finland,63.62247384,24.49470658,1286619,2006,2020,10,15,1.007469662,0.968747989,-0.038721673,0.448513,0.715623,1.322763,-1.789872,0.699923,-0.017715639,0.024118,0.005333,Mixed,FALSE,FALSE,TRUE,FALSE
FIN_004_MZB_LO_19,Finland,64.55265359,25.26845318,1281603,2007,2021,15,15,0.847896252,1.001384337,0.153488085,0.14269,0.940603,1.051864,-5.986938,-0.384248,-0.119624915,0.043684,0.006284,Mixed,FALSE,FALSE,TRUE,FALSE
FIN_004_MZB_LO_21,Finland,62.93947061,21.57530616,1282795,2007,2019,10,13,0.353785494,0.767817194,0.4140317,8.069021,5.71474,7.524585,10.499339,15.140015,0.006065547,0.083452,0.023031,Mixed,FALSE,FALSE,TRUE,FALSE
FIN_004_MZB_LO_23,Finland,64.69772601,26.03056173,1292459,2008,2019,9,12,0.894292508,0.876666708,-0.017625799,0.394533,1.248799,2.191586,-0.728008,0.694747,-0.082138599,0.058784,0.01441,Mixed,FALSE,FALSE,TRUE,FALSE
FIN_004_MZB_LO_24,Finland,62.6584847,25.26081097,1281089,2007,2020,7,14,0.796453372,0.580495583,-0.215957789,-2.379716,-1.764641,-2.42185,-0.943741,-5.053127,0.074346636,0.01218,0.00456,Mixed,FALSE,FALSE,TRUE,FALSE
FIN_004_MZB_LO_27,Finland,60.65892499,23.15177763,1295000,2007,2018,8,12,0.545461471,0.605641159,0.060179688,-7.748278,-7.004766,-9.754544,-0.081047,-14.348755,0.178497789,0.167294,0.034952,Mixed,FALSE,FALSE,TRUE,FALSE
FIN_004_MZB_LO_28,Finland,64.29899441,28.05732625,1292459,2007,2020,12,14,0.88445196,0.962008185,0.077556225,0.623289,0.084143,0.646453,3.143059,2.170336,-0.005263066,0.045035,0.003002,Mixed,FALSE,FALSE,TRUE,FALSE
FIN_004_MZB_LO_29,Finland,61.12184579,23.03160671,1291763,2008,2020,11,13,0.840174477,0.922023514,0.081849037,3.750273,4.916118,6.342101,-14.644941,10.303147,0.135646739,0.063291,0.019622,Mixed,FALSE,FALSE,TRUE,FALSE
FIN_004_MZB_LO_3,Finland,63.09485968,31.03444171,1292873,2007,2020,12,14,0.976350741,0.960230177,-0.016120564,-3.528465,-0.958107,-1.040166,-13.420446,-7.311186,-0.091942091,0.057789,0.000407,Mixed,FALSE,FALSE,TRUE,FALSE
FIN_004_MZB_LO_30,Finland,61.83053364,23.64234139,1291763,2007,2020,10,14,0.421385928,0.430669065,0.009283137,1.227162,0.207439,-1.009708,-3.335484,3.158922,0.06846904,0.014732,0.013892,Mixed,FALSE,FALSE,TRUE,FALSE
FIN_004_MZB_LO_32,Finland,62.61488021,29.24573283,1292873,2007,2021,11,15,0.640673291,0.921175072,0.280501782,-1.903611,-1.450793,0.530843,-4.952822,-3.55909,-0.053183047,0.059917,0.011342,Mixed,FALSE,FALSE,TRUE,FALSE
FIN_004_MZB_LO_34,Finland,69.92032487,27.11203961,1292114,2006,2021,11,16,0.90882911,0.760367548,-0.148461562,-0.940108,-1.429892,-4.521896,1.587973,-2.352862,0.074477506,0.028081,0.002694,Mixed,FALSE,FALSE,TRUE,FALSE
FIN_004_MZB_LO_35,Finland,65.9626332,24.04420151,1260915,2007,2020,11,14,0.607196008,0.513743043,-0.093452965,-1.805149,-0.559888,0.401626,-1.552129,-2.802953,0.092086982,0.042414,0.026011,Mixed,FALSE,FALSE,TRUE,FALSE
FIN_004_MZB_LO_4,Finland,60.06423476,24.21181791,1278935,2006,2020,10,15,0.84930799,0.741305356,-0.108002634,-1.782237,-1.318162,-3.05746,-2.139997,-4.033388,0.043248112,0.005259,0.005733,Mixed,FALSE,FALSE,TRUE,FALSE
FIN_004_MZB_LO_42,Finland,60.87252314,22.40938818,1285711,2007,2020,11,14,0.727855034,0.669249507,-0.058605527,-1.113925,-1.778434,-5.807656,5.712439,-0.887003,0.019787931,0.068888,0.011812,Mixed,FALSE,FALSE,TRUE,FALSE
FIN_004_MZB_LO_44,Finland,60.26603,24.334473,1283684,1999,2020,10,22,0.571709353,0.577432676,0.005723323,-0.408606,-2.020948,-5.058976,7.731794,-0.765182,-0.022919353,0.062229,0.015084,Mixed,FALSE,FALSE,TRUE,FALSE
FIN_004_MZB_LO_46,Finland,63.723868,23.015959,1293731,2003,2018,8,16,0.579564511,0.834972688,0.255408178,4.030921,0.722394,1.498788,15.495425,7.829671,-0.131577155,0.070267,0.010229,Mixed,FALSE,FALSE,TRUE,FALSE
FIN_004_MZB_LO_5,Finland,66.06655892,25.78493756,1292662,2007,2020,10,14,0.729136128,0.763043144,0.033907016,0.87857,-0.276217,-0.461488,5.527372,2.204422,-0.034732749,0.064392,0.011288,Mixed,FALSE,FALSE,TRUE,FALSE
FIN_004_MZB_LO_51,Finland,60.525018,24.229293,1291940,1998,2021,7,24,0.54565138,1.024081879,0.478430498,1.444575,0.473216,1.891197,6.043432,3.044194,-0.0325656,0.058054,0.005892,Mixed,FALSE,FALSE,TRUE,FALSE
FIN_004_MZB_LO_53,Finland,60.513079,24.227781,1291940,1998,2021,8,24,0.477633627,0.98804606,0.510412433,3.614612,1.613158,2.953152,10.107505,7.92853,-0.013498729,0.031099,0.00411,Mixed,FALSE,FALSE,TRUE,FALSE
FIN_004_MZB_LO_55,Finland,60.236713,24.164919,1283684,2000,2020,7,21,0.153757781,0.66483847,0.511080688,3.616491,-0.865495,-3.33803,15.824369,7.199729,-0.047584098,0.083919,0.017677,Mixed,FALSE,FALSE,TRUE,FALSE
FIN_004_MZB_LO_56,Finland,60.218308,24.140082,1283684,1999,2020,9,22,0.455932212,0.81413023,0.358198018,-1.331511,-2.204701,-2.731358,6.793163,-2.524761,-0.086596848,0.062965,0.017228,Mixed,FALSE,FALSE,TRUE,FALSE
FIN_004_MZB_LO_57,Finland,60.189014,24.117364,1283684,2006,2020,9,15,0.649840455,0.653053148,0.003212693,-1.561051,-2.838909,-4.419757,7.738627,-3.631418,0.016593641,0.055934,0.010481,Mixed,FALSE,FALSE,TRUE,FALSE
FIN_004_MZB_LO_59,Finland,60.304638,24.297284,1283684,2000,2020,7,21,0.5601694,0.482160166,-0.078009234,1.074076,-0.27242,1.93783,10.756658,3.260753,0.037245254,0.023387,0.009016,Mixed,FALSE,FALSE,TRUE,FALSE
FIN_004_MZB_LO_6,Finland,62.1983452,30.54927568,1292873,2007,2019,10,13,0.953118554,0.7617878,-0.191330754,-1.076202,-0.546002,1.202578,-1.427362,-2.435664,-0.036095132,0.101808,0.020288,Mixed,FALSE,FALSE,TRUE,FALSE
FIN_004_MZB_LO_60,Finland,60.274984,24.290169,1283684,2000,2020,7,21,0.318675747,0.31127751,-0.007398238,0.19406,-1.942558,-6.070146,7.464708,0.914223,0.008723202,0.075117,0.023682,Mixed,FALSE,FALSE,TRUE,FALSE
FIN_004_MZB_LO_63,Finland,64.524668,25.611971,1281603,2006,2020,11,15,0.728470405,0.836126702,0.107656296,1.836431,2.535206,4.336745,-5.875741,3.838585,-0.122076892,0.018994,0.008427,Mixed,FALSE,FALSE,TRUE,FALSE
FIN_004_MZB_LO_65,Finland,67.921518,25.363307,1284416,2006,2021,7,16,0.7909663,0.947398415,0.156432115,0.10064,-0.014117,0.79027,1.216348,0.434328,0.032752183,0.045773,0.014019,Mixed,FALSE,FALSE,TRUE,FALSE
FIN_004_MZB_LO_66,Finland,67.900869,25.278852,1284416,2006,2021,7,16,0.917856762,0.945350514,0.027493752,-1.050119,-0.541521,-0.443786,-4.037697,-1.359448,-0.000671115,0.000573,0.001388,Mixed,FALSE,FALSE,TRUE,FALSE
FIN_004_MZB_LO_67,Finland,67.867584,25.306257,1284416,2006,2021,7,16,0.978601887,0.81754752,-0.161054367,-1.687349,-1.387211,-1.017954,-1.417311,-3.090679,0.062768421,0.047388,0.008712,Mixed,FALSE,FALSE,TRUE,FALSE
FIN_004_MZB_LO_69,Finland,67.817439,25.282978,1284416,2006,2021,7,16,0.873255725,0.900344285,0.02708856,-0.538758,0.190639,0.322576,-1.497453,-1.328662,-0.012373203,0.024592,0.004223,Mixed,FALSE,FALSE,TRUE,FALSE
FIN_004_MZB_LO_8,Finland,60.13005571,23.1590909,1265953,2007,2020,12,14,0.805715017,0.815001379,0.009286362,0.94759,0.329119,-1.693609,-4.681226,2.814448,0.006194922,0.027115,0.004292,Mixed,FALSE,FALSE,TRUE,FALSE
FIN_004_MZB_LO_9,Finland,62.64031191,31.28599706,1292873,2006,2018,11,13,0.628634456,0.802307998,0.173673543,-1.418124,1.05963,9.978702,-7.687646,-0.961539,-0.077526631,0.08385,0.016334,Mixed,FALSE,FALSE,TRUE,FALSE
FIN_004_MZB_LO_96,Finland,67.12266,27.686473,1284416,2007,2020,7,14,0.954670392,0.916895591,-0.037774801,0.949759,0.613868,0.467439,0.867764,2.525183,0.050347808,0.017151,0.001927,Mixed,FALSE,FALSE,TRUE,FALSE
FIN_004_MZB_LO_97,Finland,60.430161,24.411001,1291940,1998,2021,9,24,0.638038925,1.0162844,0.378245475,2.127418,-0.643952,-1.285249,11.379563,4.169552,-0.094945254,0.00682,0.00294,Mixed,FALSE,FALSE,TRUE,FALSE
FIN_004_MZB_LO_98,Finland,60.407538,24.163712,1291940,1998,2021,9,24,0.354574554,0.60784651,0.253271956,2.440337,-0.684908,-1.787637,9.579384,5.321606,-0.053619123,0.040137,0.00876,Mixed,FALSE,FALSE,TRUE,FALSE
FIN_004_MZB_LO_99,Finland,63.543644,28.059897,1292873,2007,2019,8,13,0.746281875,0.89698573,0.150703855,0.058499,-0.19313,0.635115,1.688773,0.201948,-0.073159554,0.050634,0.013208,Mixed,FALSE,FALSE,TRUE,FALSE
FIN_013_MZB_LO_1,Finland,66.335013,29.334205,1284906,2000,2014,15,15,0.855427609,0.93940384,0.083976231,4.514126,0.509927,-0.018146,12.834533,9.512564,-0.023670642,0.091402,0.01239,Mixed,FALSE,FALSE,TRUE,FALSE
FIN_013_MZB_LO_10,Finland,66.216611,29.391159,1284906,2000,2014,15,15,0.946328874,0.926585781,-0.019743093,1.147783,0.718208,0.704525,1.259298,2.452925,0.011654363,0.008547,0.00011,Mixed,FALSE,FALSE,TRUE,FALSE
FIN_013_MZB_LO_2,Finland,66.223412,29.128373,1284906,2000,2014,15,15,0.789375759,0.99860388,0.209228121,1.691881,-1.490487,-1.635097,9.839345,3.50201,-0.000428332,0.074305,0.003174,Mixed,FALSE,FALSE,TRUE,FALSE
FIN_013_MZB_LO_3,Finland,66.382179,29.426609,1284906,2000,2014,15,15,0.79875092,0.949746663,0.150995742,2.704677,1.839552,2.360867,2.786836,6.08412,0.064952448,0.018346,0.007003,Mixed,FALSE,FALSE,TRUE,FALSE
FIN_013_MZB_LO_4,Finland,66.381838,29.579633,1284906,2000,2014,15,15,0.966647222,1.005149222,0.038502,2.173312,2.151941,2.751786,-1.276781,4.758024,0.024353257,0.025115,0.001309,Mixed,FALSE,FALSE,TRUE,FALSE
FIN_013_MZB_LO_5,Finland,66.207575,29.163472,1284906,2000,2014,15,15,0.979535892,1.005355902,0.025820009,2.069721,2.315902,3.771905,0.64102,4.067598,-0.032506653,0.042041,0.004088,Mixed,FALSE,FALSE,TRUE,FALSE
FIN_013_MZB_LO_6,Finland,66.212673,29.401541,1284906,2000,2014,15,15,0.957576478,0.968740275,0.011163797,0.306683,0.384435,0.050055,-1.883155,0.272107,-0.067145778,0.035346,0.00537,Mixed,FALSE,FALSE,TRUE,FALSE
FIN_013_MZB_LO_7,Finland,66.379146,29.423721,1284906,2000,2014,15,15,0.972225385,1.008417195,0.036191809,0.661662,-0.081114,0.963239,3.756865,1.599501,0.044080596,0.033362,0.002585,Mixed,FALSE,FALSE,TRUE,FALSE
FIN_013_MZB_LO_8,Finland,66.191183,29.13634,1284906,2000,2014,15,15,0.946058262,0.96477635,0.018718087,1.276614,0.24762,-0.991028,2.624785,2.5418,-0.022968478,0.026882,0.000113,Mixed,FALSE,FALSE,TRUE,FALSE
FIN_013_MZB_LO_9,Finland,66.337734,29.518193,1284906,2000,2014,15,15,0.82836206,0.999599259,0.171237199,3.407193,0.820205,1.054809,13.168643,6.617428,-0.049101351,0.003704,0.001399,Mixed,FALSE,FALSE,TRUE,FALSE
FRA_005_MZB_LO_1,France,50.9008536,2.577101,1172387,1989,2007,10,19,0.615635972,0.625008217,0.009372245,0.932025,-3.138336,-5.761551,16.266615,NA,NA,0.090167,0.015428,Mixed,TRUE,FALSE,FALSE,TRUE
FRA_016_MZB_LO_1,France,50.30448305,1.918195639,1172797,1998,2014,8,17,0.903403947,0.966654596,0.063250649,0.451466,-0.780855,-4.004784,4.806064,0.711321,-0.06645451,0.053426,0.015364,Family,TRUE,FALSE,FALSE,TRUE
FRA_016_MZB_LO_10,France,48.91860206,7.592563171,1173482,1997,2016,12,20,1.029338406,1.07833439,0.048995984,0.168049,-1.672946,-3.579745,8.024502,0.348175,-0.009212596,0.039279,0.010834,Family,TRUE,FALSE,FALSE,TRUE
FRA_016_MZB_LO_101,France,45.63905933,3.705181093,1173706,1997,2013,9,17,0.61656988,0.983275261,0.366705381,4.417633,3.038631,8.458984,4.509109,8.980001,-0.159611783,0.090726,0.033616,Family,TRUE,FALSE,FALSE,TRUE
FRA_016_MZB_LO_102,France,45.87357496,3.476710329,1173706,1997,2013,11,17,0.321046957,0.846718673,0.525671716,6.168919,5.571516,9.172289,2.880894,13.279127,-0.096289174,0.067763,0.025336,Family,TRUE,FALSE,FALSE,TRUE
FRA_016_MZB_LO_106,France,46.26317506,3.226302671,1173706,1997,2015,12,19,0.589247268,0.942926413,0.353679144,4.171012,3.028075,8.418479,3.908648,9.084084,-0.070979798,0.058041,0.017794,Family,TRUE,FALSE,FALSE,TRUE
FRA_016_MZB_LO_110,France,47.49318048,1.292766216,1173706,1997,2016,12,20,0.884012823,1.076734968,0.192722145,2.262552,2.858782,3.704493,-3.070576,5.016077,0.071709303,0.067777,0.013499,Family,TRUE,FALSE,FALSE,TRUE
FRA_016_MZB_LO_111,France,46.14425166,2.566292419,1173706,1997,2016,11,20,0.525190614,0.947328863,0.422138249,4.628735,2.680671,5.111567,7.698212,10.757052,-0.093966069,0.073093,0.015603,Family,TRUE,FALSE,FALSE,TRUE
FRA_016_MZB_LO_112,France,46.1840181,2.445995151,1173706,1994,2016,13,23,0.634284112,0.704975538,0.070691426,0.446832,-1.02675,-0.625011,6.805284,0.778535,0.016662506,0.004877,0.010799,Family,TRUE,FALSE,FALSE,TRUE
FRA_016_MZB_LO_113,France,46.31241662,2.602639959,1173706,1997,2017,8,21,0.72037037,0.868518519,0.148148148,2.136755,0.484918,-0.478437,6.792718,4.429719,-0.039068356,0.064403,0.009781,Family,TRUE,FALSE,FALSE,TRUE
FRA_016_MZB_LO_114,France,46.42077604,2.8232277,1173706,1997,2015,14,19,0.225253212,0.932857598,0.707604386,7.624048,2.575516,3.828034,15.05759,16.316956,-0.132140018,0.022279,0.004097,Family,TRUE,FALSE,FALSE,TRUE
FRA_016_MZB_LO_118,France,46.44664184,2.1770825,1173706,1997,2013,9,17,0.696138992,0.782229342,0.08609035,1.068548,0.975685,2.849547,1.903612,2.090449,-0.10090395,0.051957,0.010632,Family,TRUE,FALSE,FALSE,TRUE
FRA_016_MZB_LO_119,France,45.69366379,2.076389166,1173706,1998,2016,10,19,0.896301171,1.044140157,0.147838986,1.632037,0.402727,1.348636,9.012963,3.55943,0.01424752,0.009844,0.000222,Family,TRUE,FALSE,FALSE,TRUE
FRA_016_MZB_LO_12,France,49.04319903,7.902803052,1173482,1997,2016,13,20,0.810599429,0.867390745,0.056791316,0.500119,-0.810035,-2.170573,5.438416,1.036792,-0.033703951,0.012914,0.006704,Family,TRUE,FALSE,FALSE,TRUE
FRA_016_MZB_LO_120,France,45.76421068,2.167500179,1173706,1993,2016,14,24,0.841876196,1.002355198,0.160479002,1.483383,-0.466255,-1.774633,10.324948,3.17466,0.001168607,0.007885,0.003132,Family,TRUE,FALSE,FALSE,TRUE
FRA_016_MZB_LO_121,France,46.21996401,1.919887262,1173706,1996,2017,17,22,0.766165812,0.980546044,0.214380232,2.274549,1.16373,1.226845,5.569426,4.647172,-0.051463804,0.048284,0.009721,Family,TRUE,FALSE,FALSE,TRUE
FRA_016_MZB_LO_122,France,46.37816311,1.679220242,1173706,1996,2017,17,22,0.781920805,0.998516864,0.216596059,2.004392,1.167631,1.346765,5.175196,4.332841,0.051043177,0.040665,0.01,Family,TRUE,FALSE,FALSE,TRUE
FRA_016_MZB_LO_123,France,46.38577932,1.689399363,1173706,1996,2017,14,22,0.746303536,0.903442942,0.157139406,1.867749,1.457302,-1.239501,2.573515,4.195207,-0.009371687,0.044355,0.015868,Family,TRUE,FALSE,FALSE,TRUE
FRA_016_MZB_LO_124,France,46.11766777,1.338396782,1173706,1992,2016,18,25,0.710659514,1.077692324,0.367032811,3.010376,1.680117,1.206838,4.114021,6.387129,-0.027105641,0.032112,0.00443,Family,TRUE,FALSE,FALSE,TRUE
FRA_016_MZB_LO_125,France,48.63143304,0.46825983,1173706,1997,2017,11,21,0.850642348,0.867756002,0.017113653,-0.346613,-1.472972,-1.145718,7.361937,-0.711012,0.005693442,0.03208,0.001593,Family,TRUE,FALSE,FALSE,TRUE
FRA_016_MZB_LO_126,France,48.38685809,-0.022149211,1173706,1997,2017,13,21,0.781896543,0.918185196,0.136288653,0.173509,-1.415994,-1.579014,4.744193,0.345974,-0.009679637,0.055154,0.012825,Family,TRUE,FALSE,FALSE,TRUE
FRA_016_MZB_LO_127,France,48.07676224,0.178432904,1173706,1997,2017,13,21,0.827320949,0.939915922,0.112594973,0.852692,1.775748,6.523692,-1.888229,1.955004,0.087564816,0.079074,0.012136,Family,TRUE,FALSE,FALSE,TRUE
FRA_016_MZB_LO_128,France,48.47260441,-0.146203666,1173706,1997,2009,8,13,0.794908467,1.060926773,0.266018306,2.26247,1.619183,4.021015,5.93784,4.340176,-0.172021608,0.059387,0.011257,Family,TRUE,FALSE,FALSE,TRUE
FRA_016_MZB_LO_129,France,48.44532103,-0.586042568,1173706,1997,2017,13,21,1.015150469,1.033786582,0.018636113,-0.645382,-0.110355,0.378197,-0.367996,-1.160259,0.04753676,0.022245,0.00428,Family,TRUE,FALSE,FALSE,TRUE
FRA_016_MZB_LO_13,France,48.05790591,6.703332127,1173482,1993,2016,15,24,0.83375341,1.01940963,0.18565622,0.512054,1.150286,2.283707,0.006455,0.644594,-0.122983865,0.037184,0.002704,Family,TRUE,FALSE,FALSE,TRUE
FRA_016_MZB_LO_130,France,48.42967339,-0.639079174,1173706,1997,2017,11,21,1.02531883,0.833083271,-0.192235559,-2.462586,-0.804573,-1.742849,-6.069857,-4.959624,0.034566717,0.067626,0.019704,Family,TRUE,FALSE,FALSE,TRUE
FRA_016_MZB_LO_131,France,47.31624097,-0.631689848,1173706,1992,2017,14,26,0.391299195,0.960490173,0.569190978,2.812545,1.480631,4.086783,9.551475,6.081819,-0.007951358,0.036507,0.006839,Family,TRUE,FALSE,FALSE,TRUE
FRA_016_MZB_LO_132,France,47.0973181,-1.211743378,1173706,1995,2015,12,21,0.618243513,0.994291417,0.376047904,1.644629,0.7684,2.253089,5.199967,3.457196,0.022164571,0.063325,0.015351,Family,TRUE,FALSE,FALSE,TRUE
FRA_016_MZB_LO_133,France,47.46519272,-1.482076532,1173706,1995,2017,14,23,0.816422139,0.862978242,0.046556103,-0.617697,0.816488,0.181811,-6.682371,-1.184363,0.030896441,0.08076,0.016483,Family,TRUE,FALSE,FALSE,TRUE
FRA_016_MZB_LO_134,France,47.0367161,-1.6023788,1173706,1995,2011,9,17,0.727821113,0.790223609,0.062402496,0.064376,-5.588996,-9.130812,18.651916,0.028171,-0.029222117,0.089685,0.027314,Family,TRUE,FALSE,FALSE,TRUE
FRA_016_MZB_LO_135,France,46.98343746,-1.799471509,1171553,1997,2017,11,21,0.652556877,0.682404508,0.029847631,-1.242574,-1.969871,-3.8953,3.426239,-2.663385,-0.018831953,0.03216,0.013597,Family,TRUE,FALSE,FALSE,TRUE
FRA_016_MZB_LO_136,France,46.69036156,-1.663462982,1172790,1997,2015,10,19,0.637693032,0.721403218,0.083710186,-0.60911,-0.402407,-0.500672,-2.176735,-1.394283,-0.034153735,0.086625,0.022259,Family,TRUE,FALSE,FALSE,TRUE
FRA_016_MZB_LO_137,France,46.5793249,-1.72072657,1170567,1997,2017,11,21,0.696617629,0.851527725,0.154910097,0.854241,-0.625258,-3.166085,2.181691,1.603319,-0.041657343,0.005457,0.002029,Family,TRUE,FALSE,FALSE,TRUE
FRA_016_MZB_LO_14,France,48.18509979,6.760989544,1173482,1992,2016,18,25,0.816923376,1.088928457,0.272005081,1.536582,2.230509,5.457474,-0.703696,3.040018,-0.093996883,0.037985,0.008146,Family,TRUE,FALSE,FALSE,TRUE
FRA_016_MZB_LO_140,France,48.48464442,-2.568496193,1151483,1997,2016,14,20,0.525096833,0.939266865,0.414170032,1.318783,-0.519506,0.701363,8.3833,2.656284,-0.013123791,0.048058,0.007162,Family,TRUE,FALSE,FALSE,TRUE
FRA_016_MZB_LO_141,France,48.70611773,-3.069095621,1172937,1997,2016,16,20,0.86919452,1.058573002,0.189378482,0.798107,0.75629,0.384518,0.064806,1.53562,-0.046742601,0.076011,0.019205,Family,TRUE,FALSE,FALSE,TRUE
FRA_016_MZB_LO_145,France,48.5663615,-3.83696845,1173435,2000,2016,9,17,0.997889295,1.076688549,0.078799254,0.823057,-1.111635,-4.309034,4.693581,1.395338,-0.09982175,0.039855,0.009461,Family,TRUE,FALSE,FALSE,TRUE
FRA_016_MZB_LO_147,France,48.38452369,-4.000326649,1173717,1997,2016,14,20,0.794070635,1.016241056,0.222170422,2.256227,-0.000399,-2.529317,7.645528,4.368835,-0.125020003,0.020683,0.00316,Family,TRUE,FALSE,FALSE,TRUE
FRA_016_MZB_LO_15,France,48.53057291,6.139495842,1173482,1997,2016,12,20,0.725998888,1.051671539,0.325672652,0.900729,1.185353,2.396681,-1.076396,1.899815,-0.001818502,0.005174,0.011553,Family,TRUE,FALSE,FALSE,TRUE
FRA_016_MZB_LO_156,France,48.18663769,-1.060860091,1173707,1997,2017,12,21,0.84029656,1.048298964,0.208002404,1.35034,1.470369,1.848329,-0.428749,2.670594,-0.063509142,0.047432,0.008388,Family,TRUE,FALSE,FALSE,TRUE
FRA_016_MZB_LO_157,France,47.8986461,-1.714136955,1173707,2000,2016,10,17,0.776943248,0.964340105,0.187396856,0.713783,-0.200703,-1.718631,5.635965,1.326541,-0.038647766,0.015298,0.009141,Family,TRUE,FALSE,FALSE,TRUE
FRA_016_MZB_LO_158,France,47.71819587,-1.412643204,1173707,1995,2014,11,20,0.294847991,0.798448591,0.5036006,3.140674,1.879987,3.326357,8.918368,6.31648,-0.09181996,0.077324,0.006785,Family,TRUE,FALSE,FALSE,TRUE
FRA_016_MZB_LO_159,France,47.69962099,-1.785735936,1173707,1995,2014,12,20,0.723043985,0.819163039,0.096119054,-0.427151,-0.550413,-1.064262,4.425001,-0.605425,0.040369639,0.041967,0.00247,Family,TRUE,FALSE,FALSE,TRUE
FRA_016_MZB_LO_16,France,48.18445676,6.975323307,1173482,1992,2016,19,25,0.771303746,1.015546327,0.244242581,0.893824,1.964895,3.271679,-4.14422,1.366423,-0.13930362,0.036783,0.001784,Family,TRUE,FALSE,FALSE,TRUE
FRA_016_MZB_LO_160,France,45.71817236,0.840509619,1174048,1992,2016,19,25,0.641534893,1.033732601,0.392197708,3.105999,2.81075,6.646237,3.416036,6.406419,-0.055511283,0.050159,0.014608,Family,TRUE,FALSE,FALSE,TRUE
FRA_016_MZB_LO_162,France,45.04043212,-0.131520297,1172721,1992,2017,16,26,0.615183353,0.928088301,0.312904948,2.690747,-0.993424,-2.691022,11.526921,5.55275,-0.043999454,0.034455,0.010401,Family,TRUE,FALSE,FALSE,TRUE
FRA_016_MZB_LO_163,France,45.2703454,0.289430831,1172721,1992,2017,19,26,0.687129546,1.008130082,0.321000536,2.155948,0.336458,0.998609,7.175094,4.549793,0.006319351,0.031864,0.004949,Family,TRUE,FALSE,FALSE,TRUE
FRA_016_MZB_LO_165,France,45.02976465,0.246702472,1172721,1992,2016,14,25,0.639542235,0.91409434,0.274552105,2.316483,1.54614,3.138558,3.282593,4.709071,-0.040392618,0.019622,0.006931,Family,TRUE,FALSE,FALSE,TRUE
FRA_016_MZB_LO_166,France,45.17203451,0.593129465,1172721,1992,2012,12,21,0.566463746,0.834955199,0.268491453,2.145029,2.062495,5.127515,0.952495,4.417134,0.019969172,0.044554,0.000671,Family,TRUE,FALSE,FALSE,TRUE
FRA_016_MZB_LO_167,France,45.42868271,1.307567165,1172721,1992,2017,20,26,0.7661417,0.898466579,0.132324879,0.945126,0.224183,1.001318,2.497947,2.015705,-0.009611119,0.040751,0.008239,Family,TRUE,FALSE,FALSE,TRUE
FRA_016_MZB_LO_168,France,45.34794396,0.951272967,1172721,1992,2017,23,26,0.877500164,1.031472009,0.153971845,1.193476,0.588402,0.578857,1.904989,2.510901,-0.005255999,0.027273,0.008326,Family,TRUE,FALSE,FALSE,TRUE
FRA_016_MZB_LO_170,France,44.91759905,0.926906552,1172721,1992,2017,16,26,0.765328018,0.977753817,0.212425799,1.917059,2.077352,4.416336,-1.797468,3.998581,-0.014313521,0.03942,0.016436,Family,TRUE,FALSE,FALSE,TRUE
FRA_016_MZB_LO_171,France,45.02058358,1.11829869,1172721,1992,2017,13,26,0.384124323,0.809274691,0.425150368,2.864436,2.529448,2.812538,1.657386,6.450384,-0.024806421,0.046438,0.015583,Family,TRUE,FALSE,FALSE,TRUE
FRA_016_MZB_LO_172,France,45.08540681,1.190521025,1172721,1992,2012,11,21,0.574172701,0.869786369,0.295613668,2.985287,1.867912,3.342333,4.146243,6.236499,-0.030929112,0.048837,0.01157,Family,TRUE,FALSE,FALSE,TRUE
FRA_016_MZB_LO_173,France,45.11878473,1.230582879,1172721,1992,2017,12,26,0.210902312,1.024806116,0.813903804,7.019187,4.563638,7.734919,9.375081,14.957639,-0.092151836,0.059025,0.016693,Family,TRUE,FALSE,FALSE,TRUE
FRA_016_MZB_LO_175,France,45.1669742,1.461025971,1172721,1992,2017,14,26,0.289413832,0.818409411,0.528995579,2.344003,1.049932,2.767721,6.282249,4.442695,-0.075170952,0.05423,0.002893,Family,TRUE,FALSE,FALSE,TRUE
FRA_016_MZB_LO_176,France,45.17238306,1.569566209,1172721,1997,2017,10,21,0.617718676,0.909077221,0.291358545,3.427583,2.713183,4.383418,1.883919,7.279487,-0.034593091,0.050848,0.004892,Family,TRUE,FALSE,FALSE,TRUE
FRA_016_MZB_LO_177,France,45.30175271,1.797320586,1172721,1997,2017,11,21,0.846788437,0.935594944,0.088806507,1.193496,-0.588419,-1.197147,7.811838,2.663564,0.004564238,0.044205,0.007026,Family,TRUE,FALSE,FALSE,TRUE
FRA_016_MZB_LO_178,France,45.21791403,1.437832758,1172721,1992,2017,17,26,0.62194278,0.879578852,0.257636071,2.711781,2.043418,2.561213,2.588655,5.666589,-0.04791698,0.045382,0.007765,Family,TRUE,FALSE,FALSE,TRUE
FRA_016_MZB_LO_179,France,45.21765332,1.45130385,1172721,1997,2016,13,20,0.765545218,0.984572252,0.219027034,1.727761,0.520041,1.393499,4.179296,3.566521,-0.031760373,0.036734,0.008931,Family,TRUE,FALSE,FALSE,TRUE
FRA_016_MZB_LO_180,France,45.61185522,1.956214623,1172721,1995,2017,18,23,0.819672476,1.050860596,0.231188121,2.642249,0.794327,0.737726,9.673036,5.537539,-0.055134948,0.007051,3.00E-05,Family,TRUE,FALSE,FALSE,TRUE
FRA_016_MZB_LO_181,France,44.8059558,1.204675809,1172721,1992,2014,18,23,0.797624828,0.875837062,0.078212234,0.270217,-1.613539,-1.940371,6.543381,0.577967,0.002165923,0.003031,0.004021,Family,TRUE,FALSE,FALSE,TRUE
FRA_016_MZB_LO_182,France,44.82777021,1.223333678,1172721,1992,2016,12,25,0.466445618,0.466827246,0.000381628,0.17732,-1.111368,0.285341,3.573579,0.69129,-0.007395469,0.001349,0.000173,Family,TRUE,FALSE,FALSE,TRUE
FRA_016_MZB_LO_183,France,44.86638599,1.360121212,1172721,1992,2017,16,26,0.791646386,0.890174734,0.098528348,0.704729,0.370052,1.003746,2.057675,1.613116,0.021762705,0.016186,0.000425,Family,TRUE,FALSE,FALSE,TRUE
FRA_016_MZB_LO_184,France,44.89370162,1.786837672,1172721,1995,2017,8,23,0.455200819,0.970386218,0.515185398,5.95888,-1.035592,-2.88894,20.487528,13.466688,-0.135663493,0.062461,0.018282,Family,TRUE,FALSE,FALSE,TRUE
FRA_016_MZB_LO_185,France,44.88196538,2.350296458,1172721,1996,2017,18,22,0.490603398,0.815301699,0.324698301,2.990324,-1.912206,-2.542056,17.255543,6.094358,-0.075796891,0.049228,0.015547,Family,TRUE,FALSE,FALSE,TRUE
FRA_016_MZB_LO_186,France,44.97655109,2.523555819,1172721,1996,2013,14,18,0.652777778,1.036458333,0.383680555,5.514577,3.161279,6.014584,11.648289,11.375208,-0.150747055,0.030685,0.014375,Family,TRUE,FALSE,FALSE,TRUE
FRA_016_MZB_LO_187,France,44.9656012,2.615113255,1172721,1997,2017,16,21,0.584297041,0.958383737,0.374086695,3.673637,2.147635,4.442214,5.477031,7.645293,-0.148714811,0.005956,0.000343,Family,TRUE,FALSE,FALSE,TRUE
FRA_016_MZB_LO_188,France,45.07155848,1.939497597,1172721,1997,2017,12,21,0.876219013,0.933681945,0.057462931,0.10191,-0.106585,1.195427,3.527886,0.099019,-0.037382064,0.039017,0.01054,Family,TRUE,FALSE,FALSE,TRUE
FRA_016_MZB_LO_189,France,45.51228309,2.328808275,1172721,1995,2017,12,23,0.886932301,0.878150853,-0.008781448,-0.311658,-0.135989,0.894546,0.10688,-0.578449,-0.048973913,0.028162,0.005304,Family,TRUE,FALSE,FALSE,TRUE
FRA_016_MZB_LO_190,France,45.38090192,2.486760641,1172721,1997,2017,13,21,0.489956351,0.973555268,0.483598917,6.274352,4.387945,5.398963,6.527084,14.469521,-0.035848383,0.056997,0.015562,Family,TRUE,FALSE,FALSE,TRUE
FRA_016_MZB_LO_191,France,44.88849306,-0.71048513,1172721,1992,2017,10,26,0.582943664,0.704831697,0.121888033,0.700279,-0.947246,-2.925445,4.225518,1.370948,-0.038480696,0.013914,0.007537,Family,TRUE,FALSE,FALSE,TRUE
FRA_016_MZB_LO_192,France,44.41052372,-0.34274335,1172721,1992,2016,16,25,0.939920381,1.03472088,0.0948005,0.787283,0.857189,3.153597,1.163576,1.617181,-0.014801463,0.005726,0.006516,Family,TRUE,FALSE,FALSE,TRUE
FRA_016_MZB_LO_193,France,44.67350333,0.579359162,1172721,1992,2016,15,25,0.683850964,1.016564192,0.332713227,1.844702,0.220518,0.942698,6.577062,3.856338,0.000770323,0.037181,0.012432,Family,TRUE,FALSE,FALSE,TRUE
FRA_016_MZB_LO_194,France,44.46717953,0.125690939,1172721,1992,2016,16,25,0.473384098,0.906596483,0.433212385,2.758926,3.804959,8.983022,-1.851497,5.545232,-0.09270238,0.059078,0.020438,Family,TRUE,FALSE,FALSE,TRUE
FRA_016_MZB_LO_195,France,44.34308338,0.103368133,1172721,1992,2017,13,26,0.280023212,0.735485669,0.455462457,3.503769,0.763391,-0.482795,9.491569,7.26584,-0.077014034,0.074613,0.018077,Family,TRUE,FALSE,FALSE,TRUE
FRA_016_MZB_LO_196,France,44.50774381,1.657800161,1172721,1996,2014,9,19,0.635627262,0.985835336,0.350208074,4.621796,-0.903489,-6.248923,14.211169,9.900441,-0.054364553,0.064107,0.014005,Family,TRUE,FALSE,FALSE,TRUE
FRA_016_MZB_LO_197,France,44.76585439,3.323728571,1172721,1994,2017,14,24,0.851177595,0.879474866,0.028297271,0.169388,-2.530296,-2.261117,8.934736,0.420131,-0.018665593,0.035159,0.010327,Family,TRUE,FALSE,FALSE,TRUE
FRA_016_MZB_LO_198,France,44.70328743,3.386015655,1172721,1994,2017,14,24,1.064168079,1.018593839,-0.045574241,-0.495292,-2.170356,-3.716575,10.304557,-1.161766,-0.050949995,0.034878,0.010755,Family,TRUE,FALSE,FALSE,TRUE
FRA_016_MZB_LO_199,France,44.44261395,3.198568798,1172721,1992,2017,16,26,0.935192377,1.001293348,0.06610097,0.388134,-2.416418,-5.02097,12.689936,0.706933,-0.058060943,0.051093,0.01665,Family,TRUE,FALSE,FALSE,TRUE
FRA_016_MZB_LO_2,France,49.9332428,2.513745757,1173222,1995,2014,9,20,0.692126826,0.791628073,0.099501247,-0.330348,-1.597658,-8.175651,5.591238,-0.827002,-0.035130938,0.071947,0.025545,Family,TRUE,FALSE,FALSE,TRUE
FRA_016_MZB_LO_20,France,48.90726421,5.80552266,1173482,1997,2016,13,20,0.75619514,0.947290349,0.19109521,1.1,2.04799,1.649763,-1.350796,2.089782,-0.08970366,0.020921,0.006289,Family,TRUE,FALSE,FALSE,TRUE
FRA_016_MZB_LO_200,France,44.48079291,3.456551805,1172721,1992,2017,15,26,0.729708597,0.948148278,0.218439681,1.713208,-1.335717,-3.706353,9.089546,3.734487,-0.084657085,0.04695,0.013015,Family,TRUE,FALSE,FALSE,TRUE
FRA_016_MZB_LO_201,France,44.51901265,3.634402821,1172721,1992,2017,17,26,0.934619283,0.974405781,0.039786499,-0.092459,-1.806689,-3.50988,8.456585,-0.291261,-0.039599097,0.031528,0.007786,Family,TRUE,FALSE,FALSE,TRUE
FRA_016_MZB_LO_202,France,44.33293168,3.496218392,1172721,1994,2017,16,24,0.880745673,0.883810309,0.003064636,0.110575,-1.469001,-2.779077,6.896928,0.183649,-0.015995803,0.042938,0.005793,Family,TRUE,FALSE,FALSE,TRUE
FRA_016_MZB_LO_204,France,43.11349164,-0.432599598,1172928,1992,2015,15,24,0.919656748,1.062232596,0.142575848,1.558612,0.884637,1.997554,3.507137,3.306848,-0.022455815,0.031915,0.005149,Family,TRUE,FALSE,FALSE,TRUE
FRA_016_MZB_LO_21,France,48.79639989,6.669578399,1173482,1992,2016,15,25,0.550883169,0.628146953,0.077263784,0.091768,-0.379237,-0.425481,-0.725176,0.126255,-0.017513246,0.065951,0.011601,Family,TRUE,FALSE,FALSE,TRUE
FRA_016_MZB_LO_210,France,43.94228904,-0.451711332,1172928,1992,2015,16,24,0.658011908,0.624832365,-0.033179543,0.146924,-0.423528,-0.289321,1.133751,0.709339,0.070364209,0.025944,0.009368,Family,TRUE,FALSE,FALSE,TRUE
FRA_016_MZB_LO_211,France,44.0347906,-0.323895418,1172928,1993,2016,19,24,0.640529261,0.878293789,0.237764528,1.142237,1.1325,0.267153,0.314004,2.334047,-0.023043463,0.01921,0.001927,Family,TRUE,FALSE,FALSE,TRUE
FRA_016_MZB_LO_213,France,48.09014302,6.101967985,1172787,1998,2015,15,18,0.842473637,1.069071335,0.226597698,2.531612,2.607144,0.655319,2.013839,5.120356,-0.08199659,0.052665,0.01418,Family,TRUE,FALSE,FALSE,TRUE
FRA_016_MZB_LO_216,France,47.74594677,6.075915163,1172787,1993,2016,18,24,0.824419678,1.028155157,0.20373548,0.885868,0.180838,0.368516,1.306292,1.738928,-0.043632273,0.029274,0.005143,Family,TRUE,FALSE,FALSE,TRUE
FRA_016_MZB_LO_217,France,47.63592215,6.032916355,1172787,1998,2014,9,17,0.65013587,0.856657609,0.206521739,1.732629,3.01353,1.458969,-4.967613,3.385686,-0.077164065,0.070035,0.019598,Family,TRUE,FALSE,FALSE,TRUE
FRA_016_MZB_LO_218,France,47.54328507,5.691587732,1172787,1997,2014,7,18,0.757857399,1.05935704,0.301499641,1.425601,2.135612,-1.713647,-2.771122,3.020428,0.008724045,0.079755,0.024965,Family,TRUE,FALSE,FALSE,TRUE
FRA_016_MZB_LO_219,France,47.83067933,6.708457254,1172787,1994,2016,15,23,0.972463329,1.06888435,0.096421021,1.288279,0.260066,-2.051833,2.731269,2.722405,-0.014822269,0.035276,0.011317,Family,TRUE,FALSE,FALSE,TRUE
FRA_016_MZB_LO_22,France,49.14902585,7.08033113,1173482,1997,2016,12,20,0.599390546,1.078939253,0.479548707,2.434402,4.056578,7.743461,-5.190359,4.74388,-0.112583181,0.085391,0.025813,Family,TRUE,FALSE,FALSE,TRUE
FRA_016_MZB_LO_220,France,47.28807166,5.5497338,1172787,1999,2013,8,15,0.833186848,0.783647212,-0.049539637,-0.582839,0.754144,2.536037,-3.173805,-0.660618,0.002295264,0.045621,0.010909,Family,TRUE,FALSE,FALSE,TRUE
FRA_016_MZB_LO_223,France,46.94644282,6.384711642,1172787,1993,2016,14,24,0.691065594,1.060484644,0.36941905,2.23712,0.559621,-2.176907,5.172545,4.363023,-0.101326508,0.049989,0.00971,Family,TRUE,FALSE,FALSE,TRUE
FRA_016_MZB_LO_224,France,47.04736596,6.640367004,1172787,1997,2016,10,20,0.751101514,0.894113291,0.143011776,1.331496,2.274534,-1.571445,-5.225996,2.943472,0.041084053,0.049058,0.018197,Family,TRUE,FALSE,FALSE,TRUE
FRA_016_MZB_LO_227,France,47.45211017,6.791701012,1172787,1993,2016,9,24,0.937979331,0.919656577,-0.018322754,-0.58835,-2.618188,-2.720065,11.370741,-1.16302,-0.034896605,0.041997,0.008113,Family,TRUE,FALSE,FALSE,TRUE
FRA_016_MZB_LO_228,France,47.47170062,6.846065581,1172787,1992,2016,9,25,0.314387387,0.949172654,0.634785267,4.481836,4.600038,7.654365,2.718745,9.694379,-0.073129699,0.074336,0.013516,Family,TRUE,FALSE,FALSE,TRUE
FRA_016_MZB_LO_229,France,47.54884704,6.933785802,1172787,1992,2016,10,25,0.44937136,0.802148903,0.352777543,1.892109,-0.597868,-2.031309,10.342924,3.683336,-0.071565392,0.052829,0.014027,Family,TRUE,FALSE,FALSE,TRUE
FRA_016_MZB_LO_23,France,49.12728909,7.472288499,1173482,1995,2015,15,21,0.911001436,0.943577201,0.032575765,0.333389,-1.199696,-4.310094,0.437757,0.67673,0.000973566,0.023179,0.006717,Family,TRUE,FALSE,FALSE,TRUE
FRA_016_MZB_LO_230,France,47.5216741,6.843585578,1172787,1992,2016,18,25,0.516510042,0.993458633,0.47694859,2.518173,3.081878,2.177,-2.67143,4.983009,-0.05683879,0.043674,0.009887,Family,TRUE,FALSE,FALSE,TRUE
FRA_016_MZB_LO_237,France,46.98115491,4.998779892,1172787,1997,2015,11,19,0.964861132,0.758055854,-0.206805278,-1.330654,-6.8716,-8.954218,17.36515,-2.471369,0.078980852,0.069762,0.006002,Family,TRUE,FALSE,FALSE,TRUE
FRA_016_MZB_LO_239,France,46.1275283,4.712958599,1172787,1993,2015,8,23,0.313291361,0.848006173,0.534714812,4.129174,3.069163,0.254409,5.575576,9.116066,0.002241137,0.091964,0.019721,Family,TRUE,FALSE,FALSE,TRUE
FRA_016_MZB_LO_24,France,48.06819812,5.543815146,1173482,1992,2016,13,25,0.680619834,0.981974845,0.301355011,1.268548,1.466748,1.54024,-2.448242,2.379503,-0.074879043,0.061696,0.011292,Family,TRUE,FALSE,FALSE,TRUE
FRA_016_MZB_LO_240,France,45.83660863,4.606567312,1172787,1993,2015,11,23,0.554272231,0.676995363,0.122723133,-0.560682,0.72691,-1.151382,-4.705401,-1.316442,-0.037201722,0.071956,0.011096,Family,TRUE,FALSE,FALSE,TRUE
FRA_016_MZB_LO_241,France,45.91926867,4.724571041,1172787,1994,2015,7,22,0.713667111,0.74490467,0.031237559,0.765894,-0.600944,-2.010189,4.76449,1.304079,-0.063031529,0.030273,0.009134,Family,TRUE,FALSE,FALSE,TRUE
FRA_016_MZB_LO_243,France,45.87771986,5.937546216,1172787,1992,2016,9,25,1.078763752,0.883896329,-0.194867423,-1.365098,-0.476219,-2.092141,-5.749056,-2.745369,0.035931589,0.037449,0.009892,Family,TRUE,FALSE,FALSE,TRUE
FRA_016_MZB_LO_245,France,45.65090907,5.862241288,1172787,1995,2016,12,22,0.856048338,0.750579851,-0.105468487,0.128196,-0.96699,-4.634923,-0.156933,0.534665,0.004967103,0.065104,0.023958,Family,TRUE,FALSE,FALSE,TRUE
FRA_016_MZB_LO_247,France,45.5653928,5.38714688,1172787,1997,2016,10,20,0.965841329,0.772629039,-0.19321229,-2.770657,-2.652509,-5.714561,0.987141,-5.649917,0.036717544,0.019846,0.011745,Family,TRUE,FALSE,FALSE,TRUE
FRA_016_MZB_LO_248,France,45.61233113,5.221568177,1172787,1999,2016,9,18,0.884425555,0.654270634,-0.230154921,-1.593927,-1.544546,-3.015647,-3.136957,-3.0028,0.079413079,0.043419,0.008555,Family,TRUE,FALSE,FALSE,TRUE
FRA_016_MZB_LO_249,France,45.77249477,5.186423784,1172787,1999,2016,8,18,0.990598068,0.83029692,-0.160301148,-1.259443,-0.113496,-1.175841,-4.593982,-2.951125,-0.119099543,0.107263,0.022698,Family,TRUE,FALSE,FALSE,TRUE
FRA_016_MZB_LO_25,France,48.24112566,5.614143274,1173482,1997,2016,12,20,0.870058977,1.037361326,0.16730235,0.168467,0.678796,0.397232,-4.346179,0.244752,-0.023991836,0.059189,0.009201,Family,TRUE,FALSE,FALSE,TRUE
FRA_016_MZB_LO_250,France,46.36687755,5.711241753,1172787,1992,2016,11,25,0.889522444,1.001240554,0.111718109,0.892631,-0.821977,-2.532527,8.227007,1.846338,-0.017527208,0.033872,0.007843,Family,TRUE,FALSE,FALSE,TRUE
FRA_016_MZB_LO_253,France,45.58750278,4.761196291,1172787,1994,2016,7,23,0.25347706,0.617395232,0.363918172,2.932881,2.292248,1.183615,-0.979638,5.755818,-0.095654659,0.074005,0.014934,Family,TRUE,FALSE,FALSE,TRUE
FRA_016_MZB_LO_254,France,45.52956186,4.876507112,1172787,1997,2015,9,19,0.802004742,0.671064146,-0.130940595,-0.266729,0.268921,0.904847,-5.971452,-0.557568,-0.007958364,0.014217,0.001236,Family,TRUE,FALSE,FALSE,TRUE
FRA_016_MZB_LO_255,France,44.82470594,4.799373325,1172787,1998,2016,13,19,1.015415596,0.813329617,-0.202085979,-2.684854,-0.51124,-0.591917,-7.985448,-5.46374,0.009789447,0.046592,0.011231,Family,TRUE,FALSE,FALSE,TRUE
FRA_016_MZB_LO_26,France,48.40248554,5.733337764,1173482,1997,2016,14,20,0.941708867,0.994768579,0.053059712,-0.076963,0.111203,2.894552,-4.4928,-0.259094,-0.042816806,0.047568,0.008061,Family,TRUE,FALSE,FALSE,TRUE
FRA_016_MZB_LO_260,France,44.2907713,4.591722709,1172787,1994,2013,13,20,0.904439405,0.862407042,-0.042032363,-0.387548,-0.174533,-0.21505,-1.746743,-0.475989,0.030402543,0.010336,0.00177,Family,TRUE,FALSE,FALSE,TRUE
FRA_016_MZB_LO_261,France,44.12659202,4.718180291,1172787,1997,2016,8,20,0.821445937,0.763640961,-0.057804976,-0.293477,-3.116125,-9.482625,4.470018,-0.17755,0.055425246,0.085773,0.013919,Family,TRUE,FALSE,FALSE,TRUE
FRA_016_MZB_LO_262,France,44.2515543,4.212944764,1172787,1997,2016,10,20,1.044312779,0.990162129,-0.05415065,0.916332,-0.139583,-1.159302,6.858088,1.969402,-0.001489939,0.048747,0.005301,Family,TRUE,FALSE,FALSE,TRUE
FRA_016_MZB_LO_264,France,44.01384879,4.871999161,1172787,1998,2015,8,18,0.920149979,0.852645002,-0.067504977,-1.238395,-2.19774,-4.200292,5.179011,-2.542164,0.004563521,0.063337,0.00014,Family,TRUE,FALSE,FALSE,TRUE
FRA_016_MZB_LO_265,France,43.92011977,5.131163457,1172787,1997,2016,11,20,0.973553345,1.004332429,0.030779084,0.41109,-0.45242,-3.970598,5.501503,0.526948,-0.094969886,0.045229,0.010444,Family,TRUE,FALSE,FALSE,TRUE
FRA_016_MZB_LO_267,France,44.12934975,4.133451148,1172787,1997,2016,7,20,0.658582717,0.740437962,0.081855246,0.169271,-3.589143,-7.230949,14.511275,0.357209,0.00312247,0.039054,0.018449,Family,TRUE,FALSE,FALSE,TRUE
FRA_016_MZB_LO_268,France,44.09436526,4.099285603,1172787,1997,2016,10,20,0.590415212,0.907692545,0.317277333,1.656481,0.262032,1.491505,8.749992,2.973607,-0.12015867,0.006776,0.005404,Family,TRUE,FALSE,FALSE,TRUE
FRA_016_MZB_LO_269,France,44.03921501,3.998277371,1172787,1997,2016,9,20,0.914392359,0.847284139,-0.06710822,0.119116,-1.568187,-2.558708,10.650226,0.177851,-0.028992788,0.026033,0.006574,Family,TRUE,FALSE,FALSE,TRUE
FRA_016_MZB_LO_270,France,43.98268707,4.441746854,1172787,1994,2016,10,23,0.966336634,0.884653465,-0.081683168,-0.551802,-2.518771,-8.113971,6.695527,-1.236719,-0.034895073,0.064346,0.014366,Family,TRUE,FALSE,FALSE,TRUE
FRA_016_MZB_LO_271,France,45.61325578,6.822647791,1172787,1992,2016,14,25,1.057462412,0.96674199,-0.090720421,-0.477991,-0.193382,-0.169917,-1.449212,-1.054932,-0.011128644,0.035185,0.010262,Family,TRUE,FALSE,FALSE,TRUE
FRA_016_MZB_LO_272,France,45.53240896,6.599390145,1172787,1992,2016,14,25,0.807338396,0.757474001,-0.049864395,-0.389577,1.202487,1.806543,-5.890869,-0.810882,-0.002691509,0.036861,0.009498,Family,TRUE,FALSE,FALSE,TRUE
FRA_016_MZB_LO_273,France,45.56119006,6.46556367,1172787,1992,2016,15,25,0.840707158,0.84384346,0.003136303,-0.926353,1.494062,0.674533,-5.738781,-1.853908,0.028281929,0.039285,0.013927,Family,TRUE,FALSE,FALSE,TRUE
FRA_016_MZB_LO_274,France,45.82715405,6.547616584,1172787,1992,2015,12,24,0.656305732,0.772427146,0.116121413,-0.231909,-1.584942,-3.782546,5.583588,-0.489353,-0.003522667,0.052603,0.007577,Family,TRUE,FALSE,FALSE,TRUE
FRA_016_MZB_LO_275,France,45.69483643,6.402763278,1172787,1992,2015,10,24,0.862902851,0.692852195,-0.170050656,-2.167827,0.487439,2.363305,-7.676521,-4.65271,-0.018099125,0.059226,0.019271,Family,TRUE,FALSE,FALSE,TRUE
FRA_016_MZB_LO_277,France,45.48228129,6.292425047,1172787,1992,2015,11,24,0.902813063,0.852448913,-0.050364151,-0.413887,0.562644,1.358103,-3.532424,-0.986539,-0.021125459,0.057774,0.020514,Family,TRUE,FALSE,FALSE,TRUE
FRA_016_MZB_LO_278,France,45.11567418,6.01318326,1172787,1997,2016,14,20,1.057964754,0.905970308,-0.151994445,-0.97473,0.407125,-0.436802,-10.510032,-2.156461,-0.014258947,0.013524,0.002545,Family,TRUE,FALSE,FALSE,TRUE
FRA_016_MZB_LO_279,France,45.08311414,5.742420461,1172787,1997,2016,11,20,0.976308403,0.865550544,-0.110757858,-0.968309,0.765004,1.382386,-5.64577,-1.893594,0.035170368,0.012151,0.006077,Family,TRUE,FALSE,FALSE,TRUE
FRA_016_MZB_LO_28,France,49.38094467,5.746197961,1173482,1993,2016,17,24,0.905135787,1.068689329,0.163553542,0.834817,1.794862,5.129409,-3.237543,1.636265,-0.041166637,0.045803,0.008803,Family,TRUE,FALSE,FALSE,TRUE
FRA_016_MZB_LO_280,France,45.08410598,5.529944769,1172787,1997,2016,9,20,0.823953824,0.947330449,0.123376625,0.961994,3.195675,2.555394,-4.437236,1.770145,-0.100061458,0.048705,0.017371,Family,TRUE,FALSE,FALSE,TRUE
FRA_016_MZB_LO_281,France,44.9400328,6.682832576,1172787,1997,2016,9,20,0.998947102,0.924528302,-0.0744188,-0.336688,-1.961107,-5.284932,16.487364,-0.410933,0.059574555,0.045667,0.009946,Family,TRUE,FALSE,FALSE,TRUE
FRA_016_MZB_LO_282,France,44.56109891,6.512195219,1172787,1997,2015,9,19,0.751618681,0.944413832,0.192795151,1.232402,-2.538309,-1.406003,14.479015,2.896181,0.023873331,0.029639,0.003529,Family,TRUE,FALSE,FALSE,TRUE
FRA_016_MZB_LO_287,France,42.49465791,2.718422599,1165482,2000,2015,7,16,1.067874907,1.075010514,0.007135607,0.81489,3.730026,3.324646,-4.428616,1.723747,-0.007154422,0.02246,0.00117,Family,TRUE,FALSE,FALSE,TRUE
FRA_016_MZB_LO_288,France,42.58562727,2.985389223,1172838,2004,2015,7,12,0.886168415,0.956593589,0.070425175,2.212225,0.19306,-2.383832,23.530219,5.423296,0.123399386,0.021083,0.005883,Family,TRUE,FALSE,FALSE,TRUE
FRA_016_MZB_LO_289,France,42.64418163,2.484093251,1171659,2004,2015,8,12,0.959477152,0.974710988,0.015233837,0.503361,2.033005,6.082871,-6.297539,1.566959,0.041173344,0.06963,0.020789,Family,TRUE,FALSE,FALSE,TRUE
FRA_016_MZB_LO_29,France,49.31679664,5.680895832,1173482,1993,2016,16,24,0.470948966,0.855934591,0.384985624,1.879352,4.040955,7.468073,-9.274658,4.084356,-0.012922649,0.058027,0.009349,Family,TRUE,FALSE,FALSE,TRUE
FRA_016_MZB_LO_290,France,42.76392082,2.986799939,1173397,1994,2016,14,23,0.782919334,0.729065552,-0.053853782,-0.520065,-1.213484,-1.348817,5.400731,-0.901591,0.046301699,0.014422,0.001213,Family,TRUE,FALSE,FALSE,TRUE
FRA_016_MZB_LO_293,France,43.30751691,2.014441916,1171081,1993,2016,10,24,0.879795038,0.816007103,-0.063787935,-1.670677,-1.170657,-2.662664,-0.527287,-3.276559,0.029015402,0.074879,0.017259,Family,TRUE,FALSE,FALSE,TRUE
FRA_016_MZB_LO_294,France,43.23970798,2.363785456,1171081,1993,2016,9,24,0.491574506,0.769510137,0.277935632,1.246027,0.520279,-0.630721,4.559053,2.390482,-0.069470578,0.072286,0.012369,Family,TRUE,FALSE,FALSE,TRUE
FRA_016_MZB_LO_295,France,43.25543751,2.410409126,1171081,1993,2016,11,24,0.664087682,0.868064431,0.203976749,1.677143,-0.108772,-0.849548,8.441822,2.925752,-0.174363768,0.056474,0.013274,Family,TRUE,FALSE,FALSE,TRUE
FRA_016_MZB_LO_296,France,43.22519431,2.892512407,1171081,1993,2016,10,24,0.624155949,0.913042604,0.288886656,1.388127,-1.384738,-5.379202,10.927727,2.70517,-0.056745721,0.065611,0.015815,Family,TRUE,FALSE,FALSE,TRUE
FRA_016_MZB_LO_297,France,43.62799448,3.477405849,1173197,1995,2016,10,22,1.046879378,0.972375734,-0.074503644,-0.067443,-2.289344,-5.227988,10.391484,0.007842,0.054210476,0.026046,0.001767,Family,TRUE,FALSE,FALSE,TRUE
FRA_016_MZB_LO_298,France,43.56909936,3.470618352,1173197,2007,2016,10,10,0.942968694,0.934840792,-0.008127903,0.823054,2.633144,7.217737,-8.641263,1.403727,-0.058221492,0.086161,0.012023,Family,TRUE,FALSE,FALSE,TRUE
FRA_016_MZB_LO_3,France,49.79422815,2.385456242,1173222,1997,2014,7,18,0.603686636,1.067706487,0.464019851,3.070811,2.058974,-7.48037,4.427106,6.208651,-0.069213024,0.084978,0.022316,Family,TRUE,FALSE,FALSE,TRUE
FRA_016_MZB_LO_30,France,49.48061661,5.329874291,1173482,1995,2016,15,22,0.790632154,0.888942344,0.098310189,0.485591,0.670238,1.144729,-2.529728,1.112957,-0.005700437,0.021342,0.005591,Family,TRUE,FALSE,FALSE,TRUE
FRA_016_MZB_LO_300,France,43.43763344,3.087372411,1171339,1992,2016,11,25,0.825960633,0.962335801,0.136375169,0.659336,-1.810624,-3.603475,10.04669,1.397354,-0.034985353,0.025117,0.000871,Family,TRUE,FALSE,FALSE,TRUE
FRA_016_MZB_LO_301,France,43.50482215,5.132373785,1172924,1998,2015,8,18,0.661948006,0.80119302,0.139245014,0.780566,1.27521,2.07669,-2.760483,1.785423,0.048527311,0.092888,0.022028,Family,TRUE,FALSE,FALSE,TRUE
FRA_016_MZB_LO_303,France,43.66821051,7.196252705,1164273,1997,2012,8,16,0.894879833,0.890177638,-0.004702195,-1.281039,-2.840179,-3.527387,6.670792,-2.710628,-0.038553517,0.098812,0.0323,Family,TRUE,FALSE,FALSE,TRUE
FRA_016_MZB_LO_304,France,47.41594454,6.180655586,1172787,1997,2016,8,20,0.756476904,0.959247858,0.202770954,1.166838,3.162118,4.982886,-4.644253,2.33992,-0.025010953,0.057702,0.001804,Family,TRUE,FALSE,FALSE,TRUE
FRA_016_MZB_LO_31,France,48.48744272,3.235082367,1173442,1992,2016,17,25,0.631972781,0.861877826,0.229905044,1.430511,-2.47353,-8.620831,11.078501,2.884386,-0.035806603,0.053922,0.013042,Family,TRUE,FALSE,FALSE,TRUE
FRA_016_MZB_LO_32,France,48.44092834,3.17338224,1173442,1997,2016,10,20,0.865462377,0.932269691,0.066807314,0.393349,-4.715485,-10.31292,18.573534,0.915234,0.021753693,0.067557,0.021043,Family,TRUE,FALSE,FALSE,TRUE
FRA_016_MZB_LO_35,France,48.27172666,4.619353377,1173442,1993,2008,8,16,0.730324693,1.033972475,0.303647782,2.49267,-1.789578,-2.508367,17.233564,5.120132,-0.061236438,0.095533,0.021985,Family,TRUE,FALSE,FALSE,TRUE
FRA_016_MZB_LO_37,France,48.55882589,2.741157253,1173442,1992,2011,10,20,0.767461403,0.878578918,0.111117515,0.42373,-1.69498,-4.574077,14.861773,0.901021,0.003206653,0.068001,0.01189,Family,TRUE,FALSE,FALSE,TRUE
FRA_016_MZB_LO_4,France,49.71432717,2.169124882,1173222,1997,2014,8,18,0.513795594,0.79335762,0.279562026,2.166516,0.829898,-3.171124,5.550146,5.314742,-0.019098114,0.061616,0.023763,Family,TRUE,FALSE,FALSE,TRUE
FRA_016_MZB_LO_40,France,48.29527671,2.782218824,1173442,1997,2016,10,20,1.062187087,0.907623176,-0.15456391,-0.998828,-0.947404,-2.650203,1.17968,-2.120794,-0.019795464,0.044681,3.60E-05,Family,TRUE,FALSE,FALSE,TRUE
FRA_016_MZB_LO_43,France,48.59466463,2.259468086,1173442,1992,2012,13,21,0.629247573,0.887074004,0.257826432,0.801485,-3.144491,-7.376423,14.360643,1.603549,-0.015189174,0.032864,0.013526,Family,TRUE,FALSE,FALSE,TRUE
FRA_016_MZB_LO_44,France,48.56784257,2.036060474,1173442,1992,2015,17,24,0.878715695,0.901842338,0.023126643,-1.135845,-3.209652,-6.30736,7.937474,-2.38065,-0.010919491,0.077527,0.017167,Family,TRUE,FALSE,FALSE,TRUE
FRA_016_MZB_LO_45,France,48.70497398,2.037520931,1173442,1992,2016,20,25,0.547729517,0.620122516,0.072392999,-0.885402,-2.461925,-6.568756,6.636761,-1.848291,-0.005374195,0.060034,0.020462,Family,TRUE,FALSE,FALSE,TRUE
FRA_016_MZB_LO_46,France,48.72114153,2.746371013,1173442,1996,2011,10,16,0.277989792,0.703596872,0.42560708,5.409475,4.001806,5.641194,8.387985,10.657839,-0.19961602,0.089037,0.001021,Family,TRUE,FALSE,FALSE,TRUE
FRA_016_MZB_LO_48,France,49.02031902,2.963392679,1173442,1992,2011,15,20,0.483549525,0.474131463,-0.009418062,0.771483,-4.667135,-8.41942,17.43689,1.726709,0.005376829,0.081571,0.0299,Family,TRUE,FALSE,FALSE,TRUE
FRA_016_MZB_LO_49,France,48.91606615,3.159559093,1173442,1996,2016,15,21,0.950869451,0.993696662,0.042827211,0.36734,-1.920774,-6.622201,11.06488,0.659071,-0.0374688,0.063267,0.013602,Family,TRUE,FALSE,FALSE,TRUE
FRA_016_MZB_LO_50,France,48.78299496,3.445770208,1173442,1997,2012,9,16,0.724949506,0.934077648,0.209128142,2.9825,1.116644,-0.039579,5.979466,6.07887,-0.0721614,0.043298,0.012367,Family,TRUE,FALSE,FALSE,TRUE
FRA_016_MZB_LO_51,France,48.79983322,3.222360334,1173442,1995,2007,10,13,0.975901742,0.998173664,0.022271922,0.52013,-5.24229,-9.691364,27.280546,0.728833,-0.089097074,0.11011,0.029344,Family,TRUE,FALSE,FALSE,TRUE
FRA_016_MZB_LO_52,France,48.73610554,3.145147942,1173442,1992,2006,13,15,0.714980855,0.749601149,0.034620294,0.781819,-5.236841,-8.923007,19.218148,1.501866,-0.036047328,0.077833,0.022295,Family,TRUE,FALSE,FALSE,TRUE
FRA_016_MZB_LO_54,France,49.15515367,2.383927063,1173442,1994,2012,15,19,0.668157548,0.527574055,-0.140583493,-2.526193,-5.453013,-9.130298,10.025706,-5.091693,-0.009562162,0.045243,0.021236,Family,TRUE,FALSE,FALSE,TRUE
FRA_016_MZB_LO_55,France,49.08701255,1.98546323,1173442,1994,2014,20,21,0.848888268,0.981499475,0.132611207,0.315626,-1.796656,-4.919712,6.767017,0.736025,0.031790466,0.034395,0.011919,Family,TRUE,FALSE,FALSE,TRUE
FRA_016_MZB_LO_56,France,49.73451506,4.259164499,1173442,1994,2016,10,23,0.662536852,0.791258,0.128721148,0.67692,0.697218,-4.063917,-2.410741,1.846162,-0.006425127,0.083021,0.015846,Family,TRUE,FALSE,FALSE,TRUE
FRA_016_MZB_LO_57,France,49.12597218,2.171782498,1173442,1994,2016,21,23,0.752081988,0.808224105,0.056142116,-0.307317,-4.437602,-7.078148,15.715722,-0.800306,-0.046359161,0.069715,0.0175,Family,TRUE,FALSE,FALSE,TRUE
FRA_016_MZB_LO_58,France,48.92749142,1.692093978,1173442,1994,2016,19,23,0.909721847,1.03938563,0.129663783,0.766586,-2.287899,-4.960306,14.718301,1.458853,-0.085854577,0.045911,0.009517,Family,TRUE,FALSE,FALSE,TRUE
FRA_016_MZB_LO_59,France,48.98019369,1.723234771,1173442,1994,2013,9,20,0.737095379,0.756620901,0.019525522,0.328692,-5.849701,-13.286795,25.209967,0.679403,-0.007903511,0.08309,0.025225,Family,TRUE,FALSE,FALSE,TRUE
FRA_016_MZB_LO_60,France,49.5329023,1.686931075,1173442,1997,2016,9,20,0.795686687,0.759575837,-0.03611085,-1.121854,-1.182959,-4.072076,0.474574,-2.265832,0.001220715,0.061444,0.013094,Family,TRUE,FALSE,FALSE,TRUE
FRA_016_MZB_LO_62,France,49.27208116,1.735334469,1173442,1992,2016,14,25,0.931314859,0.99831738,0.067002521,0.004431,-1.152208,-3.189523,3.536254,0.184293,0.026735208,0.026625,0.009362,Family,TRUE,FALSE,FALSE,TRUE
FRA_016_MZB_LO_64,France,49.35275564,1.324057651,1173442,1992,2016,10,25,0.837552402,1.091019026,0.253466624,1.008736,0.362453,0.402561,2.26947,2.177193,0.015656869,0.040108,0.004164,Family,TRUE,FALSE,FALSE,TRUE
FRA_016_MZB_LO_71,France,49.50829358,1.036967748,1173442,1993,2013,9,21,0.623044398,1.044669285,0.421624887,1.491964,1.377397,1.636513,0.617803,2.786458,-0.10358385,0.059415,0.01774,Family,TRUE,FALSE,FALSE,TRUE
FRA_016_MZB_LO_72,France,49.49984445,0.896546,1173442,1994,2011,7,18,0.569887088,1.055598747,0.485711658,2.208535,-0.01635,-2.600577,9.3428,3.980017,-0.189296735,0.002556,0.010056,Family,TRUE,FALSE,FALSE,TRUE
FRA_016_MZB_LO_74,France,49.94859734,1.594905325,1164119,1996,2015,7,20,0.852581151,1.075820603,0.223239452,1.443512,1.394644,2.473713,-1.111338,3.087271,-0.006048596,0.046624,0.009794,Family,TRUE,FALSE,FALSE,TRUE
FRA_016_MZB_LO_75,France,49.88187384,1.138619346,1173063,1993,2015,11,23,0.954271408,1.023775462,0.069504053,-0.264852,-0.88917,-1.776007,4.897857,-0.72861,-0.053523791,0.058801,0.018102,Family,TRUE,FALSE,FALSE,TRUE
FRA_016_MZB_LO_76,France,49.73154677,1.100409917,1165583,1997,2015,8,19,0.700965247,0.94291939,0.241954143,1.164478,0.504666,0.29306,5.896375,2.181391,-0.071737288,0.023132,0.003171,Family,TRUE,FALSE,FALSE,TRUE
FRA_016_MZB_LO_77,France,49.88276667,0.952933925,1167795,1994,2015,14,22,0.767456007,1.050072411,0.282616404,0.364599,-0.386736,1.135565,2.942726,0.685389,-0.042744936,0.013404,0.000407,Family,TRUE,FALSE,FALSE,TRUE
FRA_016_MZB_LO_78,France,49.83178396,0.626939569,1168539,1992,2015,14,24,1.002317335,1.041949042,0.039631707,0.540794,-0.405557,1.109808,3.910044,1.107089,-0.025890834,0.030216,0.008083,Family,TRUE,FALSE,FALSE,TRUE
FRA_016_MZB_LO_79,France,48.83893208,0.723273401,1173442,1992,2016,12,25,0.877213215,1.075522219,0.198309004,0.673903,0.795994,2.650259,1.262533,1.339967,-0.064382128,0.000111,0.000455,Family,TRUE,FALSE,FALSE,TRUE
FRA_016_MZB_LO_8,France,47.82728771,7.264966594,1173482,1997,2016,11,20,0.698380453,1.014647195,0.316266742,2.596428,2.441787,8.004616,1.701143,5.423584,-0.045506397,0.066553,0.015553,Family,TRUE,FALSE,FALSE,TRUE
FRA_016_MZB_LO_84,France,44.88894437,3.919797028,1173706,1999,2012,9,14,0.710239651,1.007625272,0.297385621,5.102753,2.180245,-0.940967,11.247112,11.11481,-0.013779493,0.081495,0.008548,Family,TRUE,FALSE,FALSE,TRUE
FRA_016_MZB_LO_86,France,45.25668349,4.150692978,1173706,1997,2013,12,17,0.563798493,0.857386666,0.293588173,4.260787,2.862003,5.560187,6.690466,9.93937,-0.028664438,0.097642,0.013562,Family,TRUE,FALSE,FALSE,TRUE
FRA_016_MZB_LO_87,France,45.28559964,4.114111959,1173706,1997,2016,11,20,0.604306983,1.006673039,0.402366057,4.351584,2.635207,2.639981,6.663764,9.201016,-0.103196725,0.069176,0.014912,Family,TRUE,FALSE,FALSE,TRUE
FRA_016_MZB_LO_90,France,46.15012884,4.151536463,1173706,1997,2014,11,18,0.877275984,0.846686145,-0.030589839,-1.23108,-2.07421,-2.394726,5.843995,-2.422786,-0.013234845,0.041095,0.012436,Family,TRUE,FALSE,FALSE,TRUE
FRA_016_MZB_LO_91,France,46.50172065,3.678646766,1173706,1996,2015,15,20,0.601808891,0.844987827,0.243178937,3.376274,1.751917,3.5784,9.179851,7.003319,-0.109557667,0.075823,0.016686,Family,TRUE,FALSE,FALSE,TRUE
FRA_016_MZB_LO_95,France,45.11217715,2.792301122,1173706,1997,2015,12,19,0.797970638,0.933721156,0.135750518,2.398387,1.765251,4.167211,2.452474,4.999279,-0.082438011,0.038103,0.019355,Family,TRUE,FALSE,FALSE,TRUE
FRA_016_MZB_LO_96,France,45.1418743,3.014131233,1173706,1997,2015,10,19,0.605177474,0.949340032,0.344162558,3.684432,3.658075,6.346702,1.367864,7.874592,-0.084979417,0.080631,0.019392,Family,TRUE,FALSE,FALSE,TRUE
FRA_016_MZB_LO_97,France,45.44056044,3.294889288,1173706,1997,2014,11,18,0.654745052,1.086849092,0.43210404,5.162413,1.83058,7.880401,9.220063,11.077487,-0.047428509,0.007444,0.013858,Family,TRUE,FALSE,FALSE,TRUE
FRA_046_MZB_LO_100,France,46.02405168,3.647225027,1173706,2007,2017,8,11,0.81112087,0.848337076,0.037216206,1.974694,1.832676,1.760168,0.567269,3.516468,-0.052333994,0.029797,0.010327,Family,TRUE,FALSE,FALSE,TRUE
FRA_046_MZB_LO_101,France,46.13136013,3.492374419,1173706,2007,2017,7,11,0.803248175,0.807577358,0.004329183,1.896881,0.238223,-2.085284,6.505111,4.621776,0.127756161,0.069363,0.015547,Family,TRUE,FALSE,FALSE,TRUE
FRA_046_MZB_LO_102,France,46.19144881,3.418681304,1173706,2007,2016,8,10,0.400373577,0.563797112,0.163423535,2.945557,2.58913,5.1468,-3.312279,5.858457,0.011433686,0.124208,0.030899,Family,TRUE,FALSE,FALSE,TRUE
FRA_046_MZB_LO_103,France,45.7702588,2.835214742,1173706,2005,2017,8,13,0.818115409,0.864881138,0.04676573,0.485677,0.801955,3.794751,-3.855383,0.388312,-0.068981957,0.040314,0.003462,Family,TRUE,FALSE,FALSE,TRUE
FRA_046_MZB_LO_105,France,45.82534616,2.61859276,1173706,2007,2017,11,11,0.862432198,0.792962978,-0.06946922,-0.034277,-1.050918,-3.05485,8.276866,-1.294675,-0.029868825,0.018156,0.013776,Family,TRUE,FALSE,FALSE,TRUE
FRA_046_MZB_LO_106,France,45.85601163,2.513898837,1173706,2008,2017,8,10,0.546170926,0.609054724,0.062883798,0.497765,-3.692038,-1.210329,16.40159,-0.576803,-0.136560249,0.090635,0.013586,Family,TRUE,FALSE,FALSE,TRUE
FRA_046_MZB_LO_107,France,45.88331518,2.638912292,1173706,2007,2017,10,11,0.934201338,0.729152257,-0.205049081,-4.304237,-3.64027,-5.150195,-2.915608,-8.859509,0.053287171,0.101083,0.019361,Family,TRUE,FALSE,FALSE,TRUE
FRA_046_MZB_LO_109,France,46.21470327,2.919497718,1173706,2007,2017,9,11,0.681365262,0.794390856,0.113025594,0.732244,-0.040458,0.938353,6.745423,1.800664,-0.117796602,0.064197,0.012528,Family,TRUE,FALSE,FALSE,TRUE
FRA_046_MZB_LO_11,France,45.37977428,3.890924135,1173706,2007,2017,10,11,0.815610056,0.866820732,0.051210675,1.381783,-0.330492,0.156774,12.312988,2.229094,-0.088982231,0.067953,0.003975,Family,TRUE,FALSE,FALSE,TRUE
FRA_046_MZB_LO_114,France,46.53600296,3.211251384,1173706,2007,2016,8,10,0.195050514,0.26892072,0.073870206,-0.322306,0.44582,0.274759,-2.551562,-0.24834,0.001972863,0.092296,0.014516,Family,TRUE,FALSE,FALSE,TRUE
FRA_046_MZB_LO_116,France,46.69917565,3.00460675,1173706,2007,2016,8,10,0.416306388,0.557483655,0.141177267,1.593007,3.765899,20.718107,-4.979675,3.762955,-0.030990627,0.032885,0.028536,Family,TRUE,FALSE,FALSE,TRUE
FRA_046_MZB_LO_119,France,47.12934742,2.930665103,1173706,2007,2018,10,12,0.326417461,0.482292119,0.155874658,3.953541,3.185193,2.120963,3.533857,8.28225,0.004365438,0.048735,0.009421,Family,TRUE,FALSE,FALSE,TRUE
FRA_046_MZB_LO_120,France,47.2831836,2.825424869,1173706,2008,2018,9,11,0.250140269,0.658473976,0.408333706,4.654694,3.393174,1.927589,7.579666,10.234749,-0.131805865,0.160175,0.038452,Family,TRUE,FALSE,FALSE,TRUE
FRA_046_MZB_LO_125,France,47.56326374,2.635762779,1173706,2008,2018,7,11,0.530842073,0.731312645,0.200470572,1.849722,4.37475,10.403578,-9.325632,3.931626,0.052652515,0.106605,0.021359,Family,TRUE,FALSE,FALSE,TRUE
FRA_046_MZB_LO_127,France,47.84976935,2.256931668,1173706,2007,2018,10,12,0.214358205,0.175518589,-0.038839616,0.88234,-2.675106,-6.499049,7.103713,2.242431,0.066254214,0.046889,0.013053,Family,TRUE,FALSE,FALSE,TRUE
FRA_046_MZB_LO_13,France,45.33373988,4.160311555,1173706,2008,2017,8,10,0.697169588,0.738945536,0.041775947,-1.371645,-0.797047,1.079568,-2.106501,-3.082675,0.107625668,0.088036,0.027262,Family,TRUE,FALSE,FALSE,TRUE
FRA_046_MZB_LO_130,France,47.99631332,2.227297821,1173706,2007,2018,8,12,0.09139025,0.290991427,0.199601177,-1.051481,-2.022165,0.237419,5.22654,-1.878577,-0.047961399,0.112125,0.01556,Family,TRUE,FALSE,FALSE,TRUE
FRA_046_MZB_LO_140,France,47.57555136,1.919181145,1173706,2007,2017,7,11,0.368582639,0.633797398,0.265214759,4.450871,5.658615,8.059343,-4.802598,7.716535,-0.011842577,0.129087,0.013249,Family,TRUE,FALSE,FALSE,TRUE
FRA_046_MZB_LO_141,France,47.56548207,1.827331159,1173706,2007,2017,7,11,0.439558388,0.222740722,-0.216817666,-2.321458,1.347337,1.613004,-15.414452,-4.550704,0.151790757,0.111875,0.016202,Family,TRUE,FALSE,FALSE,TRUE
FRA_046_MZB_LO_143,France,47.54859063,1.963899739,1173706,2007,2018,8,12,0.435028845,0.4899144,0.054885554,0.017039,-2.262492,-14.375162,9.774351,-0.838832,-0.006483603,0.072111,0.000285,Family,TRUE,FALSE,FALSE,TRUE
FRA_046_MZB_LO_150,France,47.49393578,1.260212323,1173706,2007,2018,11,12,0.45164376,0.62613748,0.174493719,2.538235,2.381033,2.367421,-0.396957,4.355939,-0.079112604,0.018056,0.001598,Family,TRUE,FALSE,FALSE,TRUE
FRA_046_MZB_LO_153,France,47.59395244,1.452619768,1173706,2009,2019,7,11,0.233646914,0.467460762,0.233813848,4.937641,0.915581,0.138112,10.961756,11.061908,-0.038818399,0.057168,0.006007,Family,TRUE,FALSE,FALSE,TRUE
FRA_046_MZB_LO_156,France,47.41426175,1.082247634,1173706,2008,2018,10,11,0.31443377,0.503397138,0.188963369,2.060003,3.455057,5.412764,-6.15481,3.95195,0.0160015,0.06218,0.016444,Family,TRUE,FALSE,FALSE,TRUE
FRA_046_MZB_LO_158,France,47.64127291,1.265332896,1173706,2007,2018,10,12,0.236776222,0.66113403,0.424357808,1.825137,4.610563,3.964537,-7.797063,2.900273,0.054252722,0.106081,0.025453,Family,TRUE,FALSE,FALSE,TRUE
FRA_046_MZB_LO_164,France,46.14276669,2.566597624,1173706,2008,2017,8,10,0.811104637,0.724172684,-0.086931953,-1.995288,-1.333452,-2.211166,-4.453677,-4.661379,-0.009898943,0.080187,0.005093,Family,TRUE,FALSE,FALSE,TRUE
FRA_046_MZB_LO_165,France,45.88056317,2.362423283,1173706,2007,2016,9,10,0.487329974,0.537401721,0.050071747,1.632052,1.300707,-0.960563,2.399223,1.688696,-0.021255271,0.102709,0.023832,Family,TRUE,FALSE,FALSE,TRUE
FRA_046_MZB_LO_166,France,46.13829984,2.343765261,1173706,2009,2019,8,11,0.723922356,0.655437541,-0.068484815,-1.78542,-1.188524,-1.060859,-3.906542,-3.510796,-0.105657415,0.083834,0.011948,Family,TRUE,FALSE,FALSE,TRUE
FRA_046_MZB_LO_167,France,46.15788005,2.225050481,1173706,2007,2017,10,11,0.63341033,0.518527762,-0.114882568,-1.320473,-3.205796,-0.589163,1.434347,-3.183225,0.095447916,0.114884,0.012518,Family,TRUE,FALSE,FALSE,TRUE
FRA_046_MZB_LO_168,France,46.20953533,2.319697663,1173706,2009,2019,8,11,0.733520197,0.482687743,-0.250832453,-6.133495,-2.649235,-2.253675,-16.204479,-11.771601,-0.071726845,0.098435,0.02392,Family,TRUE,FALSE,FALSE,TRUE
FRA_046_MZB_LO_176,France,46.49196059,2.825315177,1173706,2007,2016,9,10,0.415701848,0.503568174,0.087866326,1.144937,1.459867,4.891233,-1.532289,1.810616,-0.102966195,0.028734,0.013911,Family,TRUE,FALSE,FALSE,TRUE
FRA_046_MZB_LO_186,France,46.85297516,2.825392635,1173706,2007,2018,10,12,0.32564365,0.403931912,0.078288262,-0.205414,3.968032,3.811452,-5.315373,-1.646229,-0.024586189,0.094236,0.008504,Family,TRUE,FALSE,FALSE,TRUE
FRA_046_MZB_LO_189,France,47.12400202,2.421161787,1173706,2008,2018,7,11,0.43850842,0.606425013,0.167916593,1.402868,4.511065,5.444773,-10.147919,2.847143,0.025690778,0.060523,0.011917,Family,TRUE,FALSE,FALSE,TRUE
FRA_046_MZB_LO_190,France,47.18712855,2.168830643,1173706,2008,2017,9,10,0.613773038,0.751649534,0.137876495,2.294908,4.464596,1.640388,-8.527321,2.733791,-0.106073548,0.057082,0.015707,Family,TRUE,FALSE,FALSE,TRUE
FRA_046_MZB_LO_191,France,47.20755351,2.184819711,1173706,2007,2018,9,12,0.586741027,0.833196497,0.246455471,-0.14669,0.832114,2.865331,-3.888538,-0.743215,-0.110892165,0.052043,0.014613,Family,TRUE,FALSE,FALSE,TRUE
FRA_046_MZB_LO_192,France,46.47123211,2.287244996,1173706,2007,2018,10,12,0.793739652,0.843765096,0.050025443,0.211546,0.998652,3.021436,-4.738427,0.707123,0.089231368,0.052852,0.007518,Family,TRUE,FALSE,FALSE,TRUE
FRA_046_MZB_LO_194,France,46.68046346,2.187922643,1173706,2007,2018,9,12,0.509858787,0.657749898,0.147891111,0.398251,2.045832,7.556387,-2.996075,1.35282,0.04417605,0.075776,0.017793,Family,TRUE,FALSE,FALSE,TRUE
FRA_046_MZB_LO_195,France,47.02717184,2.066392862,1173706,2008,2018,10,11,0.776933206,0.831638163,0.054704957,0.471919,3.128675,4.055455,-9.929598,0.377421,0.101040403,0.008344,0.000877,Family,TRUE,FALSE,FALSE,TRUE
FRA_046_MZB_LO_196,France,47.00606958,2.027503901,1173706,2008,2018,9,11,0.574293749,0.732365139,0.158071389,1.494025,3.363791,9.427448,-7.019117,3.742308,0.091875908,0.03282,0.011841,Family,TRUE,FALSE,FALSE,TRUE
FRA_046_MZB_LO_197,France,46.86804054,1.95027907,1173706,2007,2018,11,12,0.395282836,0.434892986,0.03961015,0.567758,1.289026,-1.656995,-4.153569,1.060898,-0.038610868,0.09244,0.02211,Family,TRUE,FALSE,FALSE,TRUE
FRA_046_MZB_LO_198,France,47.16202775,2.028936994,1173706,2008,2018,10,11,0.775376351,0.821867869,0.046491518,2.685517,5.013778,3.916339,-12.746231,5.752036,0.107411454,0.04952,0.009127,Family,TRUE,FALSE,FALSE,TRUE
FRA_046_MZB_LO_200,France,47.37774959,2.676769845,1173706,2007,2018,10,12,0.623600044,0.790220845,0.166620801,1.122408,1.98221,4.786525,-5.347332,2.441197,0.009071529,0.086508,0.018499,Family,TRUE,FALSE,FALSE,TRUE
FRA_046_MZB_LO_204,France,47.46711395,2.178755555,1173706,2005,2017,7,13,0.821155058,0.731190815,-0.089964243,-1.254793,0.306564,-2.451435,-6.512633,-2.865876,-0.025254148,0.052316,0.024536,Family,TRUE,FALSE,FALSE,TRUE
FRA_046_MZB_LO_208,France,47.34558799,2.056505212,1173706,2005,2018,11,14,0.806290025,0.865370869,0.059080844,0.472709,1.203017,0.470911,-2.195286,0.041557,0.010887604,0.05796,0.00975,Family,TRUE,FALSE,FALSE,TRUE
FRA_046_MZB_LO_209,France,47.32668277,1.887754993,1173706,2009,2019,7,11,0.500351011,0.677329623,0.176978612,2.573185,3.095434,7.243914,-1.93932,4.862702,0.070590701,0.145205,0.019052,Family,TRUE,FALSE,FALSE,TRUE
FRA_046_MZB_LO_21,France,45.53515426,3.966720913,1173706,2005,2017,8,13,0.665513453,0.597492476,-0.068020977,-0.973672,-0.325264,-1.567452,-4.478322,-1.838819,0.057646016,0.008349,0.004134,Family,TRUE,FALSE,FALSE,TRUE
FRA_046_MZB_LO_212,France,47.23139202,1.687279196,1173706,2007,2018,10,12,0.277521784,0.360421487,0.082899703,-1.075421,1.063462,2.537387,-9.974077,-3.204655,-0.076413378,0.099147,0.024311,Family,TRUE,FALSE,FALSE,TRUE
FRA_046_MZB_LO_213,France,47.2194139,1.677519608,1173706,2007,2018,11,12,0.504903312,0.720411878,0.215508567,-1.361146,2.519871,4.778975,-12.520858,-3.432804,-0.059572547,0.087597,0.00202,Family,TRUE,FALSE,FALSE,TRUE
FRA_046_MZB_LO_214,France,47.00778305,1.457455628,1173706,2007,2018,8,12,0.602058091,0.369635625,-0.232422466,-1.203663,-4.536841,-8.598211,4.237331,-2.145678,0.08438703,0.082474,0.021447,Family,TRUE,FALSE,FALSE,TRUE
FRA_046_MZB_LO_216,France,47.22020334,1.652257662,1173706,2007,2018,9,12,0.457608175,0.2970261,-0.160582076,-2.295289,-0.564795,-0.861185,-7.276143,-5.136019,0.04331259,0.128698,0.02395,Family,TRUE,FALSE,FALSE,TRUE
FRA_046_MZB_LO_22,France,45.58087768,4.171831891,1173706,2008,2017,7,10,0.437766335,0.533085633,0.095319299,-3.822455,-0.666333,1.341949,-12.833542,-6.957955,-0.104165541,0.090263,0.023434,Family,TRUE,FALSE,FALSE,TRUE
FRA_046_MZB_LO_223,France,47.33391488,0.341117546,1173706,2008,2017,9,10,0.658914038,0.78444852,0.125534481,0.766834,0.709295,1.65855,-2.364871,0.259183,-0.056425526,0.003997,0.008324,Family,TRUE,FALSE,FALSE,TRUE
FRA_046_MZB_LO_224,France,46.55139378,2.020553347,1173706,2007,2018,10,12,0.867764122,0.859792649,-0.007971473,-1.285553,1.188644,2.943854,-9.225988,-3.072602,-0.021844565,0.058961,0.005574,Family,TRUE,FALSE,FALSE,TRUE
FRA_046_MZB_LO_226,France,46.80240476,1.632360858,1173706,2008,2018,8,11,0.485298081,0.669332828,0.184034747,2.769034,3.896418,-1.108387,-4.12935,5.218301,0.12002673,0.106865,0.029044,Family,TRUE,FALSE,FALSE,TRUE
FRA_046_MZB_LO_227,France,46.9039016,1.407376964,1173706,2008,2018,8,11,0.647354075,0.869896311,0.222542236,2.892723,6.685416,9.394074,-13.564091,4.521127,-0.03070466,0.091559,0.013366,Family,TRUE,FALSE,FALSE,TRUE
FRA_046_MZB_LO_229,France,47.06000084,1.088063635,1173706,2008,2018,8,11,0.648450767,0.765699218,0.117248451,0.831477,3.729789,7.079708,-7.832734,0.225735,-0.010923495,0.092309,0.024897,Family,TRUE,FALSE,FALSE,TRUE
FRA_046_MZB_LO_231,France,47.24751515,0.818748834,1173706,2008,2018,8,11,0.424645311,0.743649469,0.319004158,3.362088,4.925854,6.155414,-4.574977,6.832477,0.040169282,0.084611,0.023124,Family,TRUE,FALSE,FALSE,TRUE
FRA_046_MZB_LO_232,France,47.28200981,0.388119778,1173706,2008,2018,9,11,0.540017847,0.806569612,0.266551765,1.901235,0.944045,0.157176,3.096702,2.702271,-0.048117889,0.053691,0.017549,Family,TRUE,FALSE,FALSE,TRUE
FRA_046_MZB_LO_235,France,45.76225541,1.649389452,1173706,2005,2016,7,12,0.835234252,0.784377021,-0.05085723,4.724519,-0.746855,-5.741446,25.411079,9.130704,0.021434335,0.068746,0.020608,Family,TRUE,FALSE,FALSE,TRUE
FRA_046_MZB_LO_236,France,45.78501657,1.552953651,1173706,2007,2016,10,10,0.705017043,0.721060417,0.016043374,2.873323,-0.812654,-2.68391,13.520515,5.761716,-0.11508803,0.003323,0.002035,Family,TRUE,FALSE,FALSE,TRUE
FRA_046_MZB_LO_237,France,45.8486618,1.804512537,1173706,2007,2016,8,10,0.704098975,0.662127787,-0.041971188,0.969648,0.252037,0.123515,2.43093,0.300982,-0.155448502,0.046248,0.004738,Family,TRUE,FALSE,FALSE,TRUE
FRA_046_MZB_LO_238,France,45.86329851,1.439117456,1173706,2008,2017,7,10,0.748185447,0.545182647,-0.203002801,-1.93465,0.585549,-0.792862,-4.928002,-4.709865,-0.065243036,0.097546,0.017493,Family,TRUE,FALSE,FALSE,TRUE
FRA_046_MZB_LO_240,France,45.9519881,1.935148356,1173706,2010,2019,7,10,0.858263638,0.736300086,-0.121963552,-2.708496,-0.186661,2.928241,-11.47526,-7.34022,-0.240414018,0.070893,0.006801,Family,TRUE,FALSE,FALSE,TRUE
FRA_046_MZB_LO_241,France,45.98779121,1.867252643,1173706,2005,2016,8,12,0.727385893,0.773462804,0.046076911,0.931503,-0.131748,0.585205,8.294214,0.848217,-0.041025901,0.030881,0.018551,Family,TRUE,FALSE,FALSE,TRUE
FRA_046_MZB_LO_242,France,45.98040332,1.713539895,1173706,2009,2019,9,11,0.86530232,0.785088619,-0.0802137,-0.616869,0.688542,0.814492,-5.14322,-1.18203,0.100307699,0.029183,0.005962,Family,TRUE,FALSE,FALSE,TRUE
FRA_046_MZB_LO_244,France,45.58693976,1.516313063,1173706,2007,2016,10,10,0.686807999,0.479654285,-0.207153714,2.706282,-2.081685,-6.760481,24.464393,3.436568,-0.052974855,0.091478,0.028336,Family,TRUE,FALSE,FALSE,TRUE
FRA_046_MZB_LO_246,France,45.84307496,0.887672241,1173706,2007,2017,10,11,0.730295699,0.563611698,-0.166684,-0.701941,-1.539391,-2.539306,4.032366,-2.028731,-0.006866621,0.102857,0.029485,Family,TRUE,FALSE,FALSE,TRUE
FRA_046_MZB_LO_247,France,45.87507368,0.719950058,1173706,2008,2017,8,10,0.524722553,0.587910922,0.06318837,2.547255,0.366019,1.705863,9.897367,3.23291,-0.018899119,0.051947,0.0039,Family,TRUE,FALSE,FALSE,TRUE
FRA_046_MZB_LO_248,France,45.99283971,0.649227643,1173706,2008,2017,8,10,0.504686563,0.559839278,0.055152716,1.675736,-0.847109,2.45066,12.53417,0.516515,0.092675485,0.02875,0.01351,Family,TRUE,FALSE,FALSE,TRUE
FRA_046_MZB_LO_249,France,46.34606431,0.719154278,1173706,2008,2017,9,10,0.564979296,0.676514261,0.111534966,3.853543,2.522775,5.814353,8.544347,8.489929,0.013858161,0.040546,0.008369,Family,TRUE,FALSE,FALSE,TRUE
FRA_046_MZB_LO_250,France,46.50900859,0.633225375,1173706,2008,2017,8,10,0.609271168,0.613319469,0.004048301,6.470575,3.486961,1.353271,14.785359,12.881639,0.020471443,0.179577,0.043024,Family,TRUE,FALSE,FALSE,TRUE
FRA_046_MZB_LO_251,France,46.32354316,0.271612527,1173706,2007,2017,8,11,0.341737429,0.681883398,0.340145969,5.81605,11.460568,30.81506,-12.264266,10.485439,-0.11923322,0.172921,0.053496,Family,TRUE,FALSE,FALSE,TRUE
FRA_046_MZB_LO_253,France,46.46173933,0.080662839,1173706,2008,2017,7,10,0.433243576,0.679641092,0.246397516,5.632715,7.801826,17.338722,-9.178047,9.969498,0.071517288,0.105154,0.030889,Family,TRUE,FALSE,FALSE,TRUE
FRA_046_MZB_LO_255,France,46.56222775,0.329365031,1173706,2008,2017,9,10,0.370167026,0.761638572,0.391471546,5.842988,5.984053,15.7978,-1.257229,9.976365,0.071234928,0.130587,0.035557,Family,TRUE,FALSE,FALSE,TRUE
FRA_046_MZB_LO_256,France,46.7520803,0.498506374,1173706,2008,2017,10,10,0.70875761,0.899521427,0.190763817,6.578893,1.20038,-1.830175,20.61183,11.166846,-0.004998271,0.100789,0.003622,Family,TRUE,FALSE,FALSE,TRUE
FRA_046_MZB_LO_257,France,47.00452427,0.567470234,1173706,2008,2017,9,10,0.793723767,0.880821117,0.08709735,5.515977,2.752943,4.468901,17.330341,8.830114,-0.097529624,0.060559,0.029124,Family,TRUE,FALSE,FALSE,TRUE
FRA_046_MZB_LO_259,France,45.80217066,2.286297543,1173706,2009,2019,8,11,0.734512457,0.638454017,-0.09605844,0.27714,2.099318,2.040268,-8.41846,1.61057,0.207630053,0.030496,0.010605,Family,TRUE,FALSE,FALSE,TRUE
FRA_046_MZB_LO_26,France,45.72601473,3.827581604,1173706,2005,2017,7,13,0.751410335,0.826928667,0.075518333,0.283942,1.312316,2.672292,-6.685716,0.635512,-0.07415037,0.020735,0.012008,Family,TRUE,FALSE,FALSE,TRUE
FRA_046_MZB_LO_260,France,45.97321615,2.156223001,1173706,2009,2019,8,11,0.350537613,0.678045886,0.327508272,2.142497,2.369148,4.575632,-0.176004,3.366931,-0.03819554,0.114597,0.019809,Family,TRUE,FALSE,FALSE,TRUE
FRA_046_MZB_LO_261,France,46.13384469,2.01261227,1173706,2009,2019,7,11,0.766287323,0.628239643,-0.13804768,-1.319287,-0.807602,2.474414,-1.379308,-2.187823,0.230830475,0.078979,0.015278,Family,TRUE,FALSE,FALSE,TRUE
FRA_046_MZB_LO_264,France,46.34201944,2.144524398,1173706,2007,2016,7,10,0.724837821,0.7870081,0.062170279,-0.174255,1.01827,7.202608,-4.864922,-2.144239,-0.023606309,0.106794,0.027383,Family,TRUE,FALSE,FALSE,TRUE
FRA_046_MZB_LO_265,France,46.3192258,2.12419181,1173706,2007,2016,8,10,0.633750147,0.472567161,-0.161182985,0.159862,0.391006,2.155402,1.63274,-1.015444,0.005044794,0.051495,0.012999,Family,TRUE,FALSE,FALSE,TRUE
FRA_046_MZB_LO_268,France,46.27884659,1.524265111,1173706,2009,2019,9,11,0.483994417,0.308487767,-0.175506649,-0.866544,-3.017143,-7.853628,7.775553,-1.285753,-0.00575001,0.128778,0.040572,Family,TRUE,FALSE,FALSE,TRUE
FRA_046_MZB_LO_270,France,46.37755372,1.611562928,1173706,2008,2017,8,10,0.718468423,0.519827176,-0.198641247,-5.02754,-3.492926,-5.71418,-11.230759,-9.712906,0.02138696,0.011626,0.014961,Family,TRUE,FALSE,FALSE,TRUE
FRA_046_MZB_LO_271,France,46.54136638,1.759231876,1173706,2008,2018,7,11,0.864259757,0.951014886,0.086755129,2.463876,3.097256,5.279388,-2.053913,4.986919,-0.03753617,0.113247,0.016081,Family,TRUE,FALSE,FALSE,TRUE
FRA_046_MZB_LO_272,France,46.68593157,1.636359138,1173706,2007,2018,8,12,0.56051793,0.706066957,0.145549027,-2.106039,1.755996,6.007601,-15.694982,-4.174034,0.046088356,0.00484,0.005404,Family,TRUE,FALSE,FALSE,TRUE
FRA_046_MZB_LO_273,France,46.63684892,1.386524489,1173706,2008,2018,8,11,0.763277468,0.789496116,0.026218648,0.031001,2.749443,3.391882,-10.90948,0.251665,0.121872653,0.066392,0.020319,Family,TRUE,FALSE,FALSE,TRUE
FRA_046_MZB_LO_274,France,46.64731217,1.030773249,1173706,2008,2018,9,11,0.433527256,0.782053624,0.348526368,3.057473,2.575726,1.97107,3.806611,5.720113,0.115908613,0.049552,0.022547,Family,TRUE,FALSE,FALSE,TRUE
FRA_046_MZB_LO_275,France,46.07193227,1.92267098,1173706,2007,2016,7,10,0.719333936,0.39797516,-0.321358776,-5.510251,-4.330993,-6.59225,-4.297617,-11.378032,0.202443994,0.141349,0.030447,Family,TRUE,FALSE,FALSE,TRUE
FRA_046_MZB_LO_276,France,46.17562262,1.62531155,1173706,2007,2017,7,11,0.779563946,0.684717129,-0.094846818,-0.367378,0.013897,-2.545589,-6.92695,-0.459137,0.054482778,0.010256,0.016821,Family,TRUE,FALSE,FALSE,TRUE
FRA_046_MZB_LO_277,France,46.09336758,1.558101121,1173706,2009,2019,9,11,0.725630887,0.639868691,-0.085762196,-0.612294,-0.245277,-1.77278,-2.890629,-1.327653,0.106330703,0.021501,0.007774,Family,TRUE,FALSE,FALSE,TRUE
FRA_046_MZB_LO_279,France,46.15081732,1.1421526,1173706,2007,2017,9,11,0.834306077,0.669460883,-0.164845194,-3.472082,-1.665625,-0.784555,-10.434674,-6.27646,0.038706398,0.083828,0.011339,Family,TRUE,FALSE,FALSE,TRUE
FRA_046_MZB_LO_281,France,46.25172918,0.998875162,1173706,2007,2017,10,11,0.713139329,0.649634509,-0.06350482,-2.54088,-1.854959,-2.613515,-1.946715,-4.527902,-0.053417865,0.096267,0.021915,Family,TRUE,FALSE,FALSE,TRUE
FRA_046_MZB_LO_282,France,46.40207116,1.388406164,1173706,2007,2018,8,12,0.54634643,0.636623822,0.090277393,2.92433,2.161019,-0.356299,2.482417,3.987939,-0.019089521,0.103408,0.018833,Family,TRUE,FALSE,FALSE,TRUE
FRA_046_MZB_LO_285,France,46.42664167,1.115497787,1173706,2005,2017,9,13,0.790002122,0.733540257,-0.056461865,-0.321681,1.70341,5.14182,-11.523721,-2.060402,0.086639388,0.077639,0.024264,Family,TRUE,FALSE,FALSE,TRUE
FRA_046_MZB_LO_286,France,46.35526924,1.129765045,1173706,2007,2017,8,11,0.609946379,0.622427158,0.012480779,0.749476,-0.53147,-2.811306,7.066379,1.673683,-0.052077602,0.0585,0.004052,Family,TRUE,FALSE,FALSE,TRUE
FRA_046_MZB_LO_287,France,46.56873391,1.093005334,1173706,2007,2017,7,11,0.591712372,0.590812426,-0.000899945,-0.531877,0.903429,-0.170278,-6.567644,-2.707775,-0.045248862,0.078039,0.013831,Family,TRUE,FALSE,FALSE,TRUE
FRA_046_MZB_LO_289,France,46.76627117,0.841860361,1173706,2005,2017,11,13,0.743971321,0.729345022,-0.014626299,2.979645,3.778707,4.767597,-2.620025,4.276404,0.008847981,0.109761,0.023142,Family,TRUE,FALSE,FALSE,TRUE
FRA_046_MZB_LO_29,France,45.8611103,3.935426055,1173706,2007,2017,7,11,0.661164069,0.739785797,0.078621729,0.443028,0.402039,2.150405,1.498982,1.188453,0.063867387,0.069506,0.030454,Family,TRUE,FALSE,FALSE,TRUE
FRA_046_MZB_LO_291,France,46.94170436,0.709928112,1173706,2008,2018,8,11,0.542529295,0.861761503,0.319232208,3.118061,2.638529,3.225625,2.689245,5.746881,0.02377424,0.026642,0.007688,Family,TRUE,FALSE,FALSE,TRUE
FRA_046_MZB_LO_292,France,47.04131843,0.791017218,1173706,2007,2016,9,10,0.356438918,0.34532952,-0.011109398,-1.16107,0.827117,1.130068,-8.853472,-3.975493,-0.043612718,0.107624,0.045504,Family,TRUE,FALSE,FALSE,TRUE
FRA_046_MZB_LO_294,France,47.13836851,0.440266339,1173706,2008,2018,9,11,0.551990642,0.390866641,-0.161124001,1.069107,-2.490868,-9.213649,12.436089,0.75552,0.072768571,0.120524,0.031738,Family,TRUE,FALSE,FALSE,TRUE
FRA_046_MZB_LO_296,France,46.97472611,0.375169995,1173706,2007,2018,10,12,0.295186506,0.461905629,0.166719123,0.167225,2.319665,14.083642,-6.559553,0.178095,-0.006364994,0.048825,0.026456,Family,TRUE,FALSE,FALSE,TRUE
FRA_046_MZB_LO_3,France,44.99830265,3.916941727,1173706,2008,2017,8,10,0.768933043,0.673298687,-0.095634356,-0.89076,-0.744107,2.040476,-0.512872,-1.257083,0.147977278,0.027353,0.005306,Family,TRUE,FALSE,FALSE,TRUE
FRA_046_MZB_LO_30,France,45.80889457,4.026806437,1173706,2005,2017,8,13,0.491356492,0.732011573,0.240655081,-0.026487,2.751424,5.945151,-10.727031,-0.46721,-0.094589993,0.081112,0.017394,Family,TRUE,FALSE,FALSE,TRUE
FRA_046_MZB_LO_305,France,47.16888916,-0.074111067,1173706,2008,2018,8,11,0.584316034,0.784226885,0.199910851,-2.401797,-1.352574,-0.723332,-5.905592,-6.232784,0.066215065,0.092635,0.004076,Family,TRUE,FALSE,FALSE,TRUE
FRA_046_MZB_LO_306,France,47.21547316,-0.080053409,1173706,2007,2017,7,11,0.465018751,0.663753028,0.198734277,-0.55911,-0.372761,-0.024583,5.876506,-1.668399,-0.175731396,0.082506,0.002177,Family,TRUE,FALSE,FALSE,TRUE
FRA_046_MZB_LO_308,France,47.2752762,0.112094277,1173706,2008,2018,10,11,0.226127996,0.55644784,0.330319844,4.320919,4.286989,5.345212,-0.875051,10.416443,0.024511962,0.118003,0.004583,Family,TRUE,FALSE,FALSE,TRUE
FRA_046_MZB_LO_310,France,47.37968714,-0.142881413,1173706,2007,2018,7,12,0.18060939,0.43590731,0.25529792,1.365443,2.808082,2.218637,-7.204622,3.681605,-0.060815179,0.000378,0.000734,Family,TRUE,FALSE,FALSE,TRUE
FRA_046_MZB_LO_311,France,47.54214955,-0.087756963,1173706,2008,2018,8,11,0.657180586,0.61382589,-0.043354696,2.228835,-1.260319,-4.809514,13.92026,5.156069,0.078655281,0.010694,0.001478,Family,TRUE,FALSE,FALSE,TRUE
FRA_046_MZB_LO_312,France,47.45337998,-0.245003159,1173706,2007,2018,9,12,0.492010132,0.444447208,-0.047562924,-1.5358,2.047884,4.120293,-14.720154,-2.680585,0.027377931,0.085182,0.028223,Family,TRUE,FALSE,FALSE,TRUE
FRA_046_MZB_LO_314,France,48.20595776,1.12749975,1173706,2007,2017,8,11,0.626747495,0.574809646,-0.051937849,-0.96863,0.347683,-0.389351,-6.506953,-3.05508,-0.192112435,0.096102,0.016321,Family,TRUE,FALSE,FALSE,TRUE
FRA_046_MZB_LO_317,France,48.11025165,1.372984915,1173706,2007,2018,7,12,0.421585617,0.40971077,-0.011874847,2.083813,1.263732,-3.519785,1.905348,5.135363,-0.057025767,0.043756,0.019342,Family,TRUE,FALSE,FALSE,TRUE
FRA_046_MZB_LO_318,France,48.06747336,1.290446738,1173706,2008,2018,11,11,0.363901159,0.432780807,0.068879648,2.497961,1.970214,-2.417423,1.380189,4.405933,-0.067315215,0.026198,0.003515,Family,TRUE,FALSE,FALSE,TRUE
FRA_046_MZB_LO_32,France,45.94472637,4.351725702,1173706,2005,2016,8,12,0.726852572,0.836512346,0.109659774,-0.959188,1.299359,4.601872,-10.331006,-0.769173,-0.003600273,0.030665,0.014149,Family,TRUE,FALSE,FALSE,TRUE
FRA_046_MZB_LO_322,France,47.81061364,1.094849992,1173706,2009,2018,7,10,0.472183435,0.721157901,0.248974467,1.186473,0.087519,5.931115,6.39816,3.292518,0.091628374,0.089366,0.002712,Family,TRUE,FALSE,FALSE,TRUE
FRA_046_MZB_LO_323,France,47.79759366,1.026737019,1173706,2008,2018,10,11,0.32370155,0.696961497,0.373259947,3.176971,2.464054,10.076152,4.273217,5.709711,0.049453002,0.060061,0.003954,Family,TRUE,FALSE,FALSE,TRUE
FRA_046_MZB_LO_324,France,47.81075276,0.958738927,1173706,2007,2017,11,11,0.587348328,0.583517224,-0.003831104,-1.20098,0.027865,1.524405,-4.89122,-1.873982,0.019621062,0.063235,0.015576,Family,TRUE,FALSE,FALSE,TRUE
FRA_046_MZB_LO_325,France,47.75496476,0.740889495,1173706,2009,2018,7,10,0.645604954,0.896196293,0.250591339,-0.386414,1.331568,-1.022513,-9.079687,-1.115738,0.008464009,0.082445,0.00835,Family,TRUE,FALSE,FALSE,TRUE
FRA_046_MZB_LO_326,France,48.04001594,0.776620865,1173706,2005,2018,13,14,0.532242481,0.676676398,0.144433917,0.056766,-0.000183,2.729861,0.8515,-0.283884,-0.039074657,0.065728,0.016184,Family,TRUE,FALSE,FALSE,TRUE
FRA_046_MZB_LO_327,France,48.02741782,0.725197211,1173706,2005,2018,8,14,0.449416273,0.516298551,0.066882278,1.741901,-0.440921,6.649808,10.654554,4.419799,-0.09471984,0.010981,0.014664,Family,TRUE,FALSE,FALSE,TRUE
FRA_046_MZB_LO_328,France,48.0097671,0.97190619,1173706,2008,2017,8,10,0.701517512,0.662466861,-0.039050651,0.295279,0.70314,7.532734,3.58876,-0.105023,0.021805131,0.138077,0.025146,Family,TRUE,FALSE,FALSE,TRUE
FRA_046_MZB_LO_329,France,47.93481722,0.86247131,1173706,2008,2017,7,10,0.575356243,0.725513911,0.150157668,3.508367,3.694346,8.613942,3.183666,6.927703,0.04633543,0.113328,0.023865,Family,TRUE,FALSE,FALSE,TRUE
FRA_046_MZB_LO_331,France,47.90548157,0.624210873,1173706,2005,2015,9,11,0.41442395,0.370312734,-0.044111216,0.678353,-1.100425,-4.822429,8.031521,1.761625,0.005228408,0.10116,0.029132,Family,TRUE,FALSE,FALSE,TRUE
FRA_046_MZB_LO_332,France,47.78177587,0.720293689,1173706,2008,2017,9,10,0.620067119,0.680384341,0.060317222,0.519698,3.455298,10.89419,-11.830254,1.181606,-0.068520808,0.082886,0.026962,Family,TRUE,FALSE,FALSE,TRUE
FRA_046_MZB_LO_333,France,47.66849895,0.397692058,1173706,2007,2018,11,12,0.541464928,0.876647169,0.33518224,0.596449,3.282315,6.697108,-12.537013,0.971037,0.023589487,0.088525,0.016559,Family,TRUE,FALSE,FALSE,TRUE
FRA_046_MZB_LO_334,France,47.58792283,0.322453417,1173706,2007,2017,9,11,0.590338314,0.572418951,-0.017919363,-0.545437,-1.126952,-2.173998,3.886102,-1.75586,-0.168950035,0.022073,0.002184,Family,TRUE,FALSE,FALSE,TRUE
FRA_046_MZB_LO_336,France,47.64032607,-0.302186417,1173706,2007,2018,11,12,0.337905495,0.642315705,0.30441021,0.715582,3.067434,5.401062,-9.231941,0.620864,0.129633334,0.091755,0.013668,Family,TRUE,FALSE,FALSE,TRUE
FRA_046_MZB_LO_339,France,48.33068261,-0.149017814,1173706,2005,2018,10,14,0.685708485,0.681550463,-0.004158023,1.041738,1.380251,-0.167666,-3.235301,2.334443,0.005290978,0.051152,0.007007,Family,TRUE,FALSE,FALSE,TRUE
FRA_046_MZB_LO_34,France,46.12633508,3.944926269,1173706,2005,2016,8,12,0.772201654,0.696274093,-0.07592756,-4.516204,-1.540833,3.030802,-12.120326,-8.843439,-0.096338173,0.092611,0.018519,Family,TRUE,FALSE,FALSE,TRUE
FRA_046_MZB_LO_340,France,48.27327561,-0.20279019,1173706,2005,2018,13,14,0.71188008,0.805798179,0.093918099,0.745957,0.608333,4.057095,-0.293348,1.663094,0.009979756,0.060161,0.012124,Family,TRUE,FALSE,FALSE,TRUE
FRA_046_MZB_LO_341,France,48.25450345,0.045869,1173706,2007,2018,10,12,0.501657519,0.673115452,0.171457933,1.461848,2.290186,7.266785,-3.639061,2.290899,0.032098284,0.062185,0.006615,Family,TRUE,FALSE,FALSE,TRUE
FRA_046_MZB_LO_344,France,48.17880392,0.122684906,1173706,2008,2018,10,11,0.468970035,0.680116899,0.211146865,-0.364449,6.228421,16.619267,-16.526336,-1.340358,0.037102519,0.096546,0.025551,Family,TRUE,FALSE,FALSE,TRUE
FRA_046_MZB_LO_345,France,48.27229821,0.387528538,1173706,2007,2018,10,12,0.467719798,0.456263445,-0.011456353,-1.157447,-0.416102,-3.965785,-2.462494,-3.357516,0.015976739,0.059533,0.009798,Family,TRUE,FALSE,FALSE,TRUE
FRA_046_MZB_LO_346,France,48.1852732,0.224385218,1173706,2008,2018,11,11,0.343644525,0.455533621,0.111889096,0.096888,3.498353,4.027589,-11.872127,-0.498271,0.007354043,0.07707,0.005339,Family,TRUE,FALSE,FALSE,TRUE
FRA_046_MZB_LO_347,France,48.07029392,0.189489386,1173706,2008,2018,10,11,0.444212552,0.637302715,0.193090164,0.8676,0.46906,-10.875719,-3.020971,-0.272817,0.117216751,0.105717,0.017836,Family,TRUE,FALSE,FALSE,TRUE
FRA_046_MZB_LO_348,France,48.06165365,0.156651329,1173706,2007,2018,9,12,0.225691553,0.088151621,-0.137539932,-4.564995,-3.442215,-0.55957,-4.353589,-7.490514,0.142470506,0.093577,0.036677,Family,TRUE,FALSE,FALSE,TRUE
FRA_046_MZB_LO_351,France,48.34500846,0.874325849,1173706,2007,2018,10,12,0.809640641,0.656704001,-0.152936639,-0.795037,-0.539009,-3.592762,-3.513365,-2.038219,0.113857902,0.092862,0.020577,Family,TRUE,FALSE,FALSE,TRUE
FRA_046_MZB_LO_352,France,48.3403154,0.872603788,1173706,2007,2018,10,12,0.699410151,0.588219478,-0.111190673,-0.676364,-1.236497,-1.144279,0.107819,-0.5712,-0.07165393,0.066466,0.021395,Family,TRUE,FALSE,FALSE,TRUE
FRA_046_MZB_LO_354,France,48.22833542,0.674228664,1173706,2007,2018,10,12,0.656428888,0.677651134,0.021222246,-1.013299,0.486009,0.094492,-8.907793,-2.591597,0.103550697,0.052265,0.010188,Family,TRUE,FALSE,FALSE,TRUE
FRA_046_MZB_LO_356,France,47.98077889,0.412321635,1173706,2008,2018,7,11,0.542571961,0.552367946,0.009795986,-2.981502,-0.314409,0.636697,-3.542161,-5.953704,0.015153897,0.007913,0.001441,Family,TRUE,FALSE,FALSE,TRUE
FRA_046_MZB_LO_358,France,47.99665976,0.236076205,1173706,2007,2018,11,12,0.339762032,0.777397566,0.437635534,2.827173,4.42933,8.850691,0.97195,6.030908,-0.050905969,0.09284,0.023325,Family,TRUE,FALSE,FALSE,TRUE
FRA_046_MZB_LO_360,France,47.91296887,0.144283665,1173706,2008,2018,7,11,0.282313785,0.629225973,0.346912188,2.073745,2.267818,5.145957,-2.51462,2.700876,0.184475577,0.079608,0.012144,Family,TRUE,FALSE,FALSE,TRUE
FRA_046_MZB_LO_361,France,48.03094784,-0.110995647,1173706,2007,2018,11,12,0.411420451,0.631660998,0.220240546,0.316197,3.299819,8.403742,-7.670198,-0.427846,-0.056611072,0.034383,0.010595,Family,TRUE,FALSE,FALSE,TRUE
FRA_046_MZB_LO_363,France,48.08406923,-0.365957544,1173706,2007,2018,11,12,0.72950352,0.740491996,0.010988476,0.928051,0.868513,-0.868364,-0.32328,2.273798,-0.063366387,0.06754,0.016926,Family,TRUE,FALSE,FALSE,TRUE
FRA_046_MZB_LO_369,France,48.69012412,-0.744099437,1173706,2007,2017,7,11,0.893609896,0.847239073,-0.046370823,-1.347023,-1.071637,-0.604389,-2.919862,-2.264347,0.116367697,0.087717,0.018484,Family,TRUE,FALSE,FALSE,TRUE
FRA_046_MZB_LO_371,France,48.388572,-0.789819197,1173706,2008,2018,9,11,0.551801024,0.617677976,0.065876951,-2.557326,0.222917,5.158431,-10.429513,-4.823102,0.057133141,0.058703,0.013719,Family,TRUE,FALSE,FALSE,TRUE
FRA_046_MZB_LO_372,France,48.28155881,-0.629233323,1173706,2007,2018,10,12,0.251297839,0.342639532,0.091341693,-0.793772,0.265725,1.250868,-5.061138,-2.122186,0.178456196,0.084215,0.00265,Family,TRUE,FALSE,FALSE,TRUE
FRA_046_MZB_LO_373,France,48.28538988,-0.37745461,1173706,2007,2018,10,12,0.754604646,0.573919443,-0.180685202,-1.477217,-0.553415,-1.578161,-7.289482,-2.837526,-0.015376931,0.065589,0.017468,Family,TRUE,FALSE,FALSE,TRUE
FRA_046_MZB_LO_374,France,48.26961937,-0.619123385,1173706,2007,2018,11,12,0.559478188,0.660044887,0.1005667,0.203243,1.984251,7.394803,-10.084472,0.060367,-0.05592308,0.008257,0.005412,Family,TRUE,FALSE,FALSE,TRUE
FRA_046_MZB_LO_375,France,48.32864637,-0.948224514,1173706,2007,2017,10,11,0.73536331,0.77099808,0.035634771,0.07288,0.746743,2.185541,0.208967,0.361519,0.015702557,0.02739,0.001814,Family,TRUE,FALSE,FALSE,TRUE
FRA_046_MZB_LO_377,France,48.10511436,-0.712120163,1173706,2008,2018,8,11,0.252116838,0.446159923,0.194043085,0.879435,1.873605,4.450176,1.025281,2.326497,0.072718062,0.096304,0.011129,Family,TRUE,FALSE,FALSE,TRUE
FRA_046_MZB_LO_379,France,48.03356765,-0.705260031,1173706,2007,2017,10,11,0.388838539,0.665900499,0.27706196,0.218349,2.479071,9.994663,-6.483778,0.664698,-0.083442502,0.104526,0.025116,Family,TRUE,FALSE,FALSE,TRUE
FRA_046_MZB_LO_381,France,47.97089352,-0.707495334,1173706,2007,2018,10,12,0.574041635,0.69144216,0.117400525,-0.312941,1.532834,1.480852,-7.254826,-0.635068,0.080796288,0.048112,0.001337,Family,TRUE,FALSE,FALSE,TRUE
FRA_046_MZB_LO_382,France,47.86893281,-0.697235067,1173706,2007,2018,7,12,0.265524744,0.441328481,0.175803737,2.168791,1.782615,5.645906,0.278639,4.615177,0.165964837,0.051916,0.005175,Family,TRUE,FALSE,FALSE,TRUE
FRA_046_MZB_LO_383,France,47.93460212,-0.927848906,1173706,2007,2018,10,12,0.484771689,0.389838836,-0.094932853,-1.911495,-1.249239,-1.138208,-2.831307,-3.601534,-0.008018039,0.017322,0.012307,Family,TRUE,FALSE,FALSE,TRUE
FRA_046_MZB_LO_384,France,47.7935283,-0.932074644,1173706,2007,2018,9,12,0.370010012,0.256131912,-0.113878099,-1.958097,-1.692079,2.671488,-3.096328,-3.64356,0.057388738,0.038923,0.005257,Family,TRUE,FALSE,FALSE,TRUE
FRA_046_MZB_LO_385,France,47.78384289,-0.986109317,1173706,2008,2018,7,11,0.355401961,0.449680205,0.094278244,0.89069,1.157654,2.421515,-0.847271,2.444013,0.037337258,0.047089,0.018468,Family,TRUE,FALSE,FALSE,TRUE
FRA_046_MZB_LO_386,France,47.77370679,-0.925375079,1173706,2008,2018,7,11,0.429941537,0.481680045,0.051738508,2.261897,1.943328,2.185855,1.416174,5.404542,0.098221193,0.060069,0.009616,Family,TRUE,FALSE,FALSE,TRUE
FRA_046_MZB_LO_388,France,47.67871733,-0.951463982,1173706,2008,2018,7,11,0.415801098,0.217665968,-0.19813513,-1.145062,-1.617218,-5.757861,-6.729514,-2.409971,0.071250117,0.078059,0.0046,Family,TRUE,FALSE,FALSE,TRUE
FRA_046_MZB_LO_389,France,47.6456861,-0.866090684,1173706,2007,2018,9,12,0.214574971,0.301676609,0.087101638,-0.472182,-0.049183,0.267292,0.786538,-1.545112,0.01728674,0.067189,0.004031,Family,TRUE,FALSE,FALSE,TRUE
FRA_046_MZB_LO_390,France,47.667799,-0.765180598,1173706,2007,2018,7,12,0.254782001,0.316986907,0.062204906,1.787237,3.478359,4.650131,-7.080277,4.363236,0.153361809,0.03919,0.006103,Family,TRUE,FALSE,FALSE,TRUE
FRA_046_MZB_LO_391,France,47.54032287,-0.613808547,1173706,2007,2018,8,12,0.335064243,0.339614696,0.004550454,0.397632,3.275568,5.240004,-12.308831,1.521198,0.156980458,0.010126,0.004909,Family,TRUE,FALSE,FALSE,TRUE
FRA_046_MZB_LO_392,France,47.49701802,-0.611137351,1173706,2007,2018,8,12,0.151328065,0.161048915,0.00972085,-2.518666,-1.582565,5.020258,-0.576313,-3.907637,0.038289809,0.036389,0.00562,Family,TRUE,FALSE,FALSE,TRUE
FRA_046_MZB_LO_393,France,47.42129771,-0.607049815,1173706,2007,2018,7,12,0.115621487,0.259991089,0.144369602,2.919978,3.714484,12.309674,-2.339004,4.787287,-0.046465849,0.011221,0.018093,Family,TRUE,FALSE,FALSE,TRUE
FRA_046_MZB_LO_396,France,47.30246161,-0.621243786,1173706,2007,2018,7,12,0.354599223,0.477442656,0.122843433,2.291672,2.149868,3.796213,-1.012196,4.648462,0.116475844,0.095255,0.00228,Family,TRUE,FALSE,FALSE,TRUE
FRA_046_MZB_LO_398,France,47.31943917,-0.758758503,1173706,2008,2018,8,11,0.348925412,0.584820549,0.235895137,2.933197,3.335802,7.993673,-1.721752,5.050332,0.063360312,0.003078,0.001745,Family,TRUE,FALSE,FALSE,TRUE
FRA_046_MZB_LO_4,France,44.99263102,4.059834713,1173706,2006,2016,8,11,0.898914846,0.81123473,-0.087680115,-3.290565,-3.008033,-0.118354,0.885635,-8.030072,-0.050074501,0.08497,0.004737,Family,TRUE,FALSE,FALSE,TRUE
FRA_046_MZB_LO_40,France,46.36994436,4.164576451,1173706,2005,2017,7,13,0.840190843,0.756524384,-0.083666459,-3.037422,-0.877308,-0.90777,-6.805264,-5.60836,-0.137645765,0.075337,0.012439,Family,TRUE,FALSE,FALSE,TRUE
FRA_046_MZB_LO_400,France,47.30514465,-1.031699481,1173706,2008,2018,9,11,0.433866937,0.642721038,0.208854101,1.073635,3.323572,9.828138,-7.420348,3.109917,0.044698165,0.083308,0.022522,Family,TRUE,FALSE,FALSE,TRUE
FRA_046_MZB_LO_401,France,47.36067167,-1.036869206,1173706,2008,2017,7,10,0.212878905,0.448194983,0.235316078,3.021954,4.187606,8.694769,-5.059736,6.170775,0.211351514,0.119114,0.033025,Family,TRUE,FALSE,FALSE,TRUE
FRA_046_MZB_LO_402,France,47.32827582,-1.180940363,1173706,2008,2018,7,11,0.288351445,0.144254226,-0.144097218,-4.042932,-0.357602,0.505776,-8.800664,-8.002036,0.177493839,0.074889,0.01207,Family,TRUE,FALSE,FALSE,TRUE
FRA_046_MZB_LO_404,France,46.78881391,-0.73096714,1173706,2007,2018,7,12,0.457365665,0.412218001,-0.045147664,-0.228281,-1.386703,-1.460218,4.367711,-0.87032,-0.110716947,0.012057,0.004655,Family,TRUE,FALSE,FALSE,TRUE
FRA_046_MZB_LO_405,France,46.81901937,-0.707211725,1173706,2005,2018,10,14,0.604198819,0.65623196,0.052033141,1.409622,-0.027719,0.655512,4.793071,2.15919,0.051103895,0.038862,0.012458,Family,TRUE,FALSE,FALSE,TRUE
FRA_046_MZB_LO_406,France,46.92347606,-0.873622015,1173706,2007,2017,9,11,0.448695864,0.640373804,0.19167794,0.64265,3.57735,12.70131,-16.04729,-0.382928,0.064168387,0.116915,0.024601,Family,TRUE,FALSE,FALSE,TRUE
FRA_046_MZB_LO_408,France,47.09030251,-1.030881369,1173706,2008,2018,10,11,0.288629505,0.469329549,0.180700044,0.860312,3.733265,4.069778,-9.803921,1.886502,0.094145893,0.10519,0.030555,Family,TRUE,FALSE,FALSE,TRUE
FRA_046_MZB_LO_41,France,47.10291886,4.231087246,1173706,2005,2017,9,13,0.780322056,0.817245306,0.036923249,-1.806805,1.375626,1.212786,-13.611533,-2.410542,-0.024286463,0.040612,0.008922,Family,TRUE,FALSE,FALSE,TRUE
FRA_046_MZB_LO_410,France,47.13687118,-1.33013973,1173706,2007,2018,8,12,0.263601947,0.331948428,0.068346481,-0.301608,2.773775,9.584894,-6.405942,0.091979,0.006277654,0.121578,0.028313,Family,TRUE,FALSE,FALSE,TRUE
FRA_046_MZB_LO_411,France,46.90390103,-1.158265233,1173706,2007,2018,9,12,0.351204648,0.462210158,0.11100551,-1.183247,-2.777778,-2.459868,7.332339,-2.039669,-0.045814415,0.036342,0.015781,Family,TRUE,FALSE,FALSE,TRUE
FRA_046_MZB_LO_414,France,47.12539786,-1.414625392,1173706,2007,2017,7,11,0.162601104,0.279663251,0.117062146,1.050533,3.534509,7.55885,-6.929285,3.873529,0.006732605,0.070914,0.021809,Family,TRUE,FALSE,FALSE,TRUE
FRA_046_MZB_LO_415,France,47.16496957,-1.482249651,1173706,2007,2017,8,11,0.154843888,0.39080728,0.235963392,2.929496,4.101965,8.198193,-5.724723,5.2115,0.088791186,0.10534,0.004327,Family,TRUE,FALSE,FALSE,TRUE
FRA_046_MZB_LO_417,France,47.54309242,-1.267673502,1173706,2005,2018,10,14,0.580527223,0.642162805,0.061635582,-1.094107,0.586093,6.14228,-4.578628,-1.820143,-0.033774253,0.068933,0.013425,Family,TRUE,FALSE,FALSE,TRUE
FRA_046_MZB_LO_419,France,47.32797522,-1.725300525,1173706,2008,2018,7,11,0.54678405,0.308737774,-0.238046275,-2.879357,-2.620713,-3.85517,-0.806294,-4.354365,0.139617323,0.091734,0.016796,Family,TRUE,FALSE,FALSE,TRUE
FRA_046_MZB_LO_42,France,46.96605135,4.296900227,1173706,2006,2017,8,12,0.519820422,0.497349002,-0.022471421,0.836616,0.867238,0.148216,-1.525256,4.117589,-0.052403068,0.106898,0.019868,Family,TRUE,FALSE,FALSE,TRUE
FRA_046_MZB_LO_420,France,47.29291686,-1.567894153,1173706,2007,2018,8,12,0.431230405,0.235547552,-0.195682853,-2.487969,1.238373,4.721089,-12.588798,-4.321864,0.140475844,0.05952,0.008268,Family,TRUE,FALSE,FALSE,TRUE
FRA_046_MZB_LO_424,France,46.77898449,-1.542538572,1172790,2008,2018,7,11,0.324522289,0.390727561,0.066205272,-0.335476,2.713597,7.665467,-10.29691,-0.321556,0.053083838,0.081506,0.019473,Family,TRUE,FALSE,FALSE,TRUE
FRA_046_MZB_LO_425,France,46.78830452,-1.880758438,1170702,2008,2018,9,11,0.306798685,0.199397948,-0.107400738,-0.362902,-0.489299,1.876372,-0.968376,-0.525955,0.190372023,0.107559,0.016121,Family,TRUE,FALSE,FALSE,TRUE
FRA_046_MZB_LO_429,France,46.51144068,-1.519784233,1173422,2005,2018,8,14,0.513584311,0.436369655,-0.077214656,-1.54678,-1.105249,2.62493,2.296262,-3.398211,-0.006029521,0.073288,0.018258,Family,TRUE,FALSE,FALSE,TRUE
FRA_046_MZB_LO_43,France,46.94685992,4.082070098,1173706,2005,2017,9,13,0.843681602,0.843927122,0.00024552,-3.789849,-2.671541,-2.302384,-5.953467,-6.775804,-0.150825227,0.072769,0.015904,Family,TRUE,FALSE,FALSE,TRUE
FRA_046_MZB_LO_430,France,46.75026993,-0.951592433,1173049,2007,2018,8,12,0.459201554,0.58670141,0.127499855,-0.514582,3.167259,5.018443,-13.126689,-0.591832,-0.038610327,0.078068,0.018175,Family,TRUE,FALSE,FALSE,TRUE
FRA_046_MZB_LO_432,France,46.66942995,-0.971382652,1173049,2007,2018,9,12,0.360253879,0.39700714,0.036753261,-0.234079,2.019616,2.752921,-6.907853,0.03709,0.159877607,0.001671,0.007475,Family,TRUE,FALSE,FALSE,TRUE
FRA_046_MZB_LO_434,France,46.6897487,-1.116133163,1173049,2007,2018,8,12,0.470603612,0.497794567,0.027190956,-0.962154,0.560904,3.728645,-7.851229,-1.653971,0.113231314,0.043046,0.011858,Family,TRUE,FALSE,FALSE,TRUE
FRA_046_MZB_LO_435,France,46.5279176,-1.121189617,1173049,2007,2018,9,12,0.313958752,0.326116834,0.012158082,-1.557277,1.281079,0.306583,-9.934317,-1.408399,0.074845768,0.031659,0.019426,Family,TRUE,FALSE,FALSE,TRUE
FRA_046_MZB_LO_437,France,46.46885498,-1.289692865,1173049,2007,2018,7,12,0.313076951,0.355053001,0.041976051,0.089985,0.497557,5.484403,-2.54779,0.059462,0.12914325,0.163072,0.068966,Family,TRUE,FALSE,FALSE,TRUE
FRA_046_MZB_LO_44,France,46.90679731,4.197313107,1173706,2006,2017,9,12,0.56598015,0.633406636,0.067426486,-0.648915,-0.334434,-3.500755,-2.057159,-0.585292,-0.041107233,0.000894,0.003838,Family,TRUE,FALSE,FALSE,TRUE
FRA_046_MZB_LO_442,France,46.38664342,-0.243538759,1173050,2008,2017,9,10,0.40454227,0.661390448,0.256848178,6.92404,11.634759,26.075066,-12.617924,12.910486,0.253931268,0.170606,0.043304,Family,TRUE,FALSE,FALSE,TRUE
FRA_046_MZB_LO_444,France,46.49660115,-0.482700577,1173050,2008,2018,9,11,0.672050309,0.668712924,-0.003337385,3.749387,-0.694084,-2.301527,14.836148,6.771191,-0.009697479,0.004564,0.00919,Family,TRUE,FALSE,FALSE,TRUE
FRA_046_MZB_LO_45,France,46.84231384,4.337163796,1173706,2007,2017,10,11,0.448206732,0.530051138,0.081844406,3.518733,5.135407,2.839233,-5.579127,6.979969,0.063745066,0.102538,0.024142,Family,TRUE,FALSE,FALSE,TRUE
FRA_046_MZB_LO_450,France,48.27263404,-2.043049908,1173719,2008,2017,9,10,0.384868954,0.315307795,-0.069561159,0.316969,-2.943104,-4.741572,12.504476,0.489935,-0.010026094,0.017304,0.000445,Family,TRUE,FALSE,FALSE,TRUE
FRA_046_MZB_LO_453,France,48.38811972,-1.842379561,1173719,2008,2017,8,10,0.449124021,0.377789269,-0.071334752,1.322466,-0.197909,-0.068796,5.626514,3.606021,0.115515801,0.095416,0.014372,Family,TRUE,FALSE,FALSE,TRUE
FRA_046_MZB_LO_454,France,48.55061452,-2.07474068,1173059,2008,2017,8,10,0.437121517,0.368997068,-0.068124449,-2.085593,1.107146,1.569144,-12.348918,-4.195123,0.162173423,0.068533,0.011592,Family,TRUE,FALSE,FALSE,TRUE
FRA_046_MZB_LO_458,France,48.40282414,-2.333321866,1162901,2008,2017,8,10,0.598827407,0.581632493,-0.017194913,-1.781516,0.461642,-0.580924,-10.210781,-3.838831,0.31052736,0.071332,0.015729,Family,TRUE,FALSE,FALSE,TRUE
FRA_046_MZB_LO_459,France,48.43736225,-2.347462452,1162901,2008,2017,8,10,0.614216311,0.494841075,-0.119375236,-1.920833,-0.768908,0.943099,-1.146131,-3.143024,0.030232148,0.046012,0.004827,Family,TRUE,FALSE,FALSE,TRUE
FRA_046_MZB_LO_460,France,48.594009,-2.360191888,1160626,2008,2017,8,10,0.311634503,0.280446724,-0.031187779,1.552642,-0.401116,-3.169525,15.742377,2.775906,0.136893249,0.054467,0.009073,Family,TRUE,FALSE,FALSE,TRUE
FRA_046_MZB_LO_464,France,48.45057054,-2.489697204,1151483,2008,2017,7,10,0.440771736,0.579115034,0.138343298,2.811055,1.551186,1.905175,5.523596,6.461551,0.054011973,0.110823,0.001691,Family,TRUE,FALSE,FALSE,TRUE
FRA_046_MZB_LO_466,France,48.48970923,-2.605925052,1151483,2008,2017,8,10,0.517647891,0.511228722,-0.006419169,1.697394,1.436183,1.17805,0.293699,4.250024,0.057579529,0.095099,0.003412,Family,TRUE,FALSE,FALSE,TRUE
FRA_046_MZB_LO_469,France,48.44658285,-2.833282808,1160630,2008,2017,8,10,0.681702901,0.725167177,0.043464276,-0.687653,0.351657,5.643099,0.964891,-2.069903,-0.026610602,0.030195,0.005184,Family,TRUE,FALSE,FALSE,TRUE
FRA_046_MZB_LO_470,France,48.46747611,-2.84808911,1160630,2008,2017,8,10,0.681610009,0.614175581,-0.067434428,1.468769,1.029941,-2.583598,0.440962,2.796237,0.052803196,0.099335,0.001234,Family,TRUE,FALSE,FALSE,TRUE
FRA_046_MZB_LO_472,France,48.6009851,-2.852708621,1159504,2008,2017,8,10,0.419945475,0.553201278,0.133255803,1.587929,3.07259,5.466095,-6.31155,3.399345,0.023338418,0.010859,0.008843,Family,TRUE,FALSE,FALSE,TRUE
FRA_046_MZB_LO_477,France,48.44175213,-3.095334004,1172937,2008,2017,8,10,0.878186271,0.796709422,-0.08147685,-2.464008,-2.468254,-5.390368,-2.618132,-4.995586,-0.058862808,0.048578,0.020048,Family,TRUE,FALSE,FALSE,TRUE
FRA_046_MZB_LO_48,France,46.34278597,3.891765575,1173706,2005,2017,9,13,0.701681042,0.424117081,-0.277563961,-0.953566,-3.7608,-9.838952,5.168591,-1.362305,-0.060659037,0.099976,0.012891,Family,TRUE,FALSE,FALSE,TRUE
FRA_046_MZB_LO_481,France,48.76381067,-3.198909973,1173439,2008,2017,8,10,0.298989108,0.404230277,0.10524117,0.813841,3.605272,10.872049,-7.472388,1.584032,0.163481399,0.026005,0.018707,Family,TRUE,FALSE,FALSE,TRUE
FRA_046_MZB_LO_483,France,48.71388981,-3.270216184,1173439,2008,2017,9,10,0.583883379,0.787293681,0.203410303,1.390862,1.313093,4.647821,-1.364144,1.950949,-0.169744335,0.021963,0.004027,Family,TRUE,FALSE,FALSE,TRUE
FRA_046_MZB_LO_486,France,48.83266419,-3.219731548,1174072,2008,2017,8,10,0.502843874,0.5656453,0.062801426,0.018955,-0.517553,2.427734,7.027662,1.800028,-0.046680026,0.016378,0.008387,Family,TRUE,FALSE,FALSE,TRUE
FRA_046_MZB_LO_49,France,46.47435316,3.75674508,1173706,2007,2017,8,11,0.374990928,0.411654026,0.036663098,2.386039,-2.173588,0.152348,12.979957,4.746406,-0.094065523,0.078138,0.017881,Family,TRUE,FALSE,FALSE,TRUE
FRA_046_MZB_LO_492,France,48.66097464,-3.426972127,1174068,2006,2017,7,12,0.665823714,0.857717277,0.191893562,1.080279,2.57095,11.757604,-6.73522,2.425091,-0.238609688,0.013624,0.006304,Family,TRUE,FALSE,FALSE,TRUE
FRA_046_MZB_LO_495,France,48.64719757,-3.57786616,1154472,2008,2017,10,10,0.889744066,0.737195364,-0.152548702,-1.66641,-2.080769,-5.324942,3.940768,-2.412459,0.134862385,0.036077,0.004653,Family,TRUE,FALSE,FALSE,TRUE
FRA_046_MZB_LO_496,France,48.80262264,-3.388016516,1144976,2008,2018,8,11,0.580754617,0.587838009,0.007083392,0.438889,1.813227,3.900376,-6.203791,1.406865,-0.075839891,0.103864,0.003176,Family,TRUE,FALSE,FALSE,TRUE
FRA_046_MZB_LO_50,France,46.01974184,3.740752329,1173706,2005,2017,8,13,0.88054295,0.831014227,-0.049528724,-0.876397,-0.852179,-2.693776,-0.188942,-2.029948,0.011602609,0.069974,0.017642,Family,TRUE,FALSE,FALSE,TRUE
FRA_046_MZB_LO_51,France,46.20657092,3.649999803,1173706,2007,2017,9,11,0.951867651,0.93762599,-0.014241661,2.216428,-0.278065,-1.938405,14.518341,4.143903,0.04010195,0.012985,0.007131,Family,TRUE,FALSE,FALSE,TRUE
FRA_046_MZB_LO_53,France,46.71550443,3.882307314,1173706,2007,2017,9,11,0.69458554,0.748705678,0.054120138,-0.070187,2.159038,0.499217,-6.358903,-0.141346,-0.026415189,0.100113,0.026543,Family,TRUE,FALSE,FALSE,TRUE
FRA_046_MZB_LO_56,France,46.91342117,3.652615822,1173706,2008,2017,8,10,0.459183444,0.408533446,-0.050649997,1.250828,-0.063856,-1.11943,-1.119625,2.757024,0.147919242,0.171219,0.043475,Family,TRUE,FALSE,FALSE,TRUE
FRA_046_MZB_LO_57,France,46.85170398,3.575674775,1173706,2008,2017,8,10,0.663455393,0.739049596,0.075594202,0.023694,0.873967,2.211774,-3.289589,0.384805,0.046688538,0.024995,0.008401,Family,TRUE,FALSE,FALSE,TRUE
FRA_046_MZB_LO_58,France,46.5116894,3.559210989,1173706,2007,2017,9,11,0.442036134,0.482255808,0.040219674,3.224154,-0.878286,-5.933991,13.598421,7.217839,-0.00385744,0.0356,0.01578,Family,TRUE,FALSE,FALSE,TRUE
FRA_046_MZB_LO_6,France,44.96387977,4.178732398,1173706,2005,2017,7,13,0.827107429,0.83316874,0.006061311,-0.993629,-1.823522,-2.900587,5.172385,-2.245272,-0.003349734,0.072702,0.015374,Family,TRUE,FALSE,FALSE,TRUE
FRA_046_MZB_LO_60,France,47.23677156,3.250339342,1173706,2005,2017,11,13,0.802152011,0.804683285,0.002531274,-0.944955,0.117706,-1.466429,-5.995095,-1.389338,-0.01862049,0.015243,0.000765,Family,TRUE,FALSE,FALSE,TRUE
FRA_046_MZB_LO_61,France,47.02250865,3.209511596,1173706,2008,2017,8,10,0.686975213,0.678180072,-0.008795141,0.072521,-0.14668,-2.216916,2.915351,0.930613,0.032900107,0.034105,0.009663,Family,TRUE,FALSE,FALSE,TRUE
FRA_046_MZB_LO_63,France,44.67579868,3.916144834,1173706,2005,2017,7,13,0.957655768,0.947897248,-0.00975852,-1.499159,-0.466848,1.151177,-7.04912,-2.787316,-0.03288181,0.039538,0.005358,Family,TRUE,FALSE,FALSE,TRUE
FRA_046_MZB_LO_66,France,44.8387276,3.738813689,1173706,2007,2017,10,11,0.813132273,0.737759069,-0.075373204,2.181043,-0.118636,-2.716698,8.257071,3.427792,-0.088064098,0.098436,0.015961,Family,TRUE,FALSE,FALSE,TRUE
FRA_046_MZB_LO_67,France,44.69931942,3.743922592,1173706,2008,2017,9,10,0.825642044,0.831339959,0.005697916,-1.981542,0.653861,0.86496,-12.224658,-4.304684,-0.065950953,0.060738,0.017138,Family,TRUE,FALSE,FALSE,TRUE
FRA_046_MZB_LO_69,France,44.8986312,3.632054669,1173706,2007,2017,10,11,0.824887526,0.822350215,-0.002537311,0.168547,-0.822632,-1.794356,6.031793,-0.071288,-0.083514259,0.007901,0.007896,Family,TRUE,FALSE,FALSE,TRUE
FRA_046_MZB_LO_7,France,45.13227025,4.284021994,1173706,2007,2017,10,11,0.707146455,0.780147431,0.073000977,1.200522,-0.348891,1.326476,9.599528,0.201886,-0.133458172,0.048513,0.003669,Family,TRUE,FALSE,FALSE,TRUE
FRA_046_MZB_LO_71,France,45.01563085,3.458752234,1173706,2005,2017,10,13,0.924108786,0.815702718,-0.108406068,-0.649224,-1.29834,-4.341665,0.451546,-1.123086,0.013852174,0.070021,0.015895,Family,TRUE,FALSE,FALSE,TRUE
FRA_046_MZB_LO_74,France,45.2532651,3.654940367,1173706,2005,2017,12,13,0.93699654,0.729145635,-0.207850906,-1.069075,-1.172496,-4.876602,-1.4913,-2.866962,0.03506481,0.070292,0.015118,Family,TRUE,FALSE,FALSE,TRUE
FRA_046_MZB_LO_76,France,45.28161937,2.909123676,1173706,2005,2017,11,13,0.875145288,0.815899403,-0.059245885,-2.262436,-1.600977,-1.99265,-5.282771,-4.429406,0.005563246,0.045215,0.011522,Family,TRUE,FALSE,FALSE,TRUE
FRA_046_MZB_LO_78,France,45.26573442,3.128850811,1173706,2007,2017,9,11,0.744868471,0.869655008,0.124786537,1.211076,0.14235,-1.226996,11.904966,1.835384,-0.196831446,0.085519,0.010842,Family,TRUE,FALSE,FALSE,TRUE
FRA_046_MZB_LO_8,France,45.18174447,4.388112978,1173706,2005,2017,8,13,0.936832463,0.877986552,-0.05884591,-0.118554,-1.463399,-5.063536,7.394795,-1.135812,-0.016741693,0.040012,0.005996,Family,TRUE,FALSE,FALSE,TRUE
FRA_046_MZB_LO_80,France,45.55234699,3.446438882,1173706,2007,2017,10,11,0.763019354,0.819485743,0.056466389,2.766269,1.708314,1.914536,2.184519,5.562112,-0.064882282,0.009848,0.014335,Family,TRUE,FALSE,FALSE,TRUE
FRA_046_MZB_LO_81,France,45.53261234,3.010764857,1173706,2005,2017,11,13,0.690276234,0.712812882,0.022536649,1.500513,0.650805,-2.763091,5.237219,1.558161,-0.103521097,0.082116,0.000713,Family,TRUE,FALSE,FALSE,TRUE
FRA_046_MZB_LO_84,France,45.55729897,2.882879465,1173706,2005,2016,7,12,0.894643388,0.749000841,-0.145642547,-0.907281,-0.355471,-4.632072,-5.367015,-1.730143,0.021786433,0.064595,0.012398,Family,TRUE,FALSE,FALSE,TRUE
FRA_046_MZB_LO_89,France,46.01813052,3.074826052,1173706,2007,2017,10,11,0.715765167,0.563824532,-0.151940635,-0.416088,-4.338289,-14.076807,20.165026,-0.93654,0.029633421,0.077177,0.034101,Family,TRUE,FALSE,FALSE,TRUE
FRA_046_MZB_LO_9,France,45.22005614,4.331558616,1173706,2007,2017,9,11,0.402820818,0.650021314,0.247200496,3.67348,0.477734,0.797309,16.614758,5.596496,-0.253660737,0.108351,0.022752,Family,TRUE,FALSE,FALSE,TRUE
FRA_046_MZB_LO_92,France,45.38263678,3.74557209,1173706,2005,2017,12,13,0.929372949,0.936335643,0.006962694,0.623629,-0.584185,-1.906627,6.900471,0.540104,-0.046879418,0.024188,0.00911,Family,TRUE,FALSE,FALSE,TRUE
FRA_046_MZB_LO_95,France,45.70998945,3.70083737,1173706,2007,2016,8,10,0.738781193,0.760412887,0.021631694,0.913021,1.150137,3.07182,-1.127646,1.471473,0.047095911,0.00296,0.007362,Family,TRUE,FALSE,FALSE,TRUE
FRA_046_MZB_LO_1000,France,43.15772613,2.30689855,1171081,2008,2021,10,14,0.552825296,0.518016576,-0.03480872,-0.388019,-0.477132,1.205145,-0.365443,-0.579223,0.095424601,0.031047,0.002332,Family,TRUE,FALSE,FALSE,TRUE
FRA_046_MZB_LO_1001,France,43.20173709,2.120168574,1171081,2012,2021,7,10,0.252359395,0.160128084,-0.092231311,0.0519,1.152085,-3.291096,1.952766,2.100108,0.147387144,0.167906,0.034336,Family,TRUE,FALSE,FALSE,TRUE
FRA_046_MZB_LO_1002,France,43.29424471,1.979312873,1171081,2008,2021,8,14,0.104607669,0.211073657,0.106465988,1.676692,0.310315,5.738531,6.913642,3.317433,0.007362282,0.079692,0.020623,Family,TRUE,FALSE,FALSE,TRUE
FRA_046_MZB_LO_501,France,48.61584242,-4.076469251,1173724,2008,2017,9,10,0.656102451,0.670264317,0.014161866,-2.825528,-1.912291,0.010438,-4.466444,-5.822901,-0.082561956,0.061707,0.001351,Family,TRUE,FALSE,FALSE,TRUE
FRA_046_MZB_LO_503,France,48.52414445,-4.406377802,1172934,2008,2017,9,10,0.774287892,0.586985275,-0.187302617,-1.942383,-3.348632,-12.146989,11.458722,-3.459782,-0.01153471,0.089504,0.018865,Family,TRUE,FALSE,FALSE,TRUE
FRA_046_MZB_LO_506,France,48.386831,-4.214745563,1172794,2007,2017,10,11,0.762690392,0.749950435,-0.012739956,2.173497,0.260516,-2.093796,10.343978,3.936924,-0.06836922,0.021235,0.01912,Family,TRUE,FALSE,FALSE,TRUE
FRA_046_MZB_LO_507,France,48.26014328,-4.06072711,1173214,2008,2017,9,10,0.378640461,0.410132501,0.03149204,2.087014,2.436201,1.318512,-2.087113,4.815918,-0.094636491,0.086144,0.01875,Family,TRUE,FALSE,FALSE,TRUE
FRA_046_MZB_LO_508,France,48.3402172,-3.680214889,1173214,2006,2017,11,12,0.935370294,0.874791131,-0.060579164,-2.356978,-2.538321,-6.358257,0.112071,-4.46808,-0.048101037,0.050744,0.006322,Family,TRUE,FALSE,FALSE,TRUE
FRA_046_MZB_LO_511,France,48.26228315,-3.608223281,1173214,2008,2017,10,10,0.726068111,0.6290735,-0.096994612,-3.057807,-3.120718,-3.515051,-3.000234,-6.122693,-0.080570303,0.045936,0.009726,Family,TRUE,FALSE,FALSE,TRUE
FRA_046_MZB_LO_512,France,48.29398627,-3.949421518,1173214,2007,2017,11,11,0.66186512,0.663425584,0.001560463,0.534276,-0.136091,-3.53802,2.349009,0.073721,-0.102240554,0.032528,0.011522,Family,TRUE,FALSE,FALSE,TRUE
FRA_046_MZB_LO_519,France,47.90767935,-3.751844368,1174062,2005,2016,11,12,0.751293371,0.827574383,0.076281012,-0.278938,-0.252245,0.865913,0.774944,-0.124001,0.008989434,0.007679,0.013889,Family,TRUE,FALSE,FALSE,TRUE
FRA_046_MZB_LO_521,France,48.06572111,-3.393146188,1173713,2005,2017,9,13,0.869142135,0.899314097,0.030171963,-1.205244,-0.360972,0.327814,-3.917997,-2.012308,-0.019513975,0.055913,0.01407,Family,TRUE,FALSE,FALSE,TRUE
FRA_046_MZB_LO_522,France,48.01443018,-3.473365051,1173713,2005,2016,11,12,0.848449118,0.8355572,-0.012891918,-0.852119,-1.806844,-6.048365,2.506479,-3.788087,-0.082888481,0.072131,0.021546,Family,TRUE,FALSE,FALSE,TRUE
FRA_046_MZB_LO_523,France,48.09429971,-3.540696798,1173713,2005,2017,9,13,0.844820182,0.942477441,0.09765726,-0.106831,0.843006,4.940061,-3.972221,-0.742099,-0.041324183,0.016343,0.005036,Family,TRUE,FALSE,FALSE,TRUE
FRA_046_MZB_LO_524,France,48.01821746,-3.500589747,1173713,2005,2016,12,12,0.812726966,0.694289753,-0.118437213,-3.453512,-2.233298,-2.771758,-7.543978,-6.915572,0.011506664,0.028076,0.00357,Family,TRUE,FALSE,FALSE,TRUE
FRA_046_MZB_LO_528,France,48.39157908,-3.251061155,1173429,2008,2017,8,10,0.891842357,0.776253444,-0.115588913,-3.891085,-1.944991,0.157627,-10.965313,-7.545589,-0.173120148,0.017681,6.00E-04,Family,TRUE,FALSE,FALSE,TRUE
FRA_046_MZB_LO_538,France,48.25548074,-3.152405289,1173429,2008,2017,8,10,0.62720732,0.722349654,0.095142334,3.245479,2.682035,3.615054,1.970843,5.110555,0.139109921,0.090653,0.006425,Family,TRUE,FALSE,FALSE,TRUE
FRA_046_MZB_LO_540,France,48.17033267,-2.99280785,1173429,2008,2017,8,10,0.718193891,0.679282152,-0.038911739,-0.196288,0.153803,1.873445,-2.508255,0.45606,0.00323873,0.038556,0.005598,Family,TRUE,FALSE,FALSE,TRUE
FRA_046_MZB_LO_541,France,48.00796939,-3.12891543,1173429,2005,2017,10,13,0.868055905,0.840592632,-0.027463272,-2.348182,-1.595301,-1.570904,-4.173473,-3.884372,-0.032799304,0.033316,0.014314,Family,TRUE,FALSE,FALSE,TRUE
FRA_046_MZB_LO_544,France,47.74999481,-3.183965446,1173428,2008,2017,8,10,0.805292275,0.672616471,-0.132675804,-1.646823,-1.88212,-2.937563,-2.791059,-1.431338,0.022371717,0.128346,0.03143,Family,TRUE,FALSE,FALSE,TRUE
FRA_046_MZB_LO_550,France,48.1138229,-2.754865316,1173707,2008,2017,10,10,0.461890069,0.575509486,0.113619417,-0.819641,-0.366588,-2.445205,-1.642722,-0.561772,-0.193337195,0.086115,0.010647,Family,TRUE,FALSE,FALSE,TRUE
FRA_046_MZB_LO_552,France,48.2019548,-2.622017107,1173707,2008,2017,9,10,0.731722434,0.798235071,0.066512637,2.530957,0.35116,0.59745,11.179456,6.26534,0.059302063,0.068731,0.016982,Family,TRUE,FALSE,FALSE,TRUE
FRA_046_MZB_LO_556,France,47.98142982,-2.15837066,1173707,2005,2015,7,11,0.723979552,0.714425785,-0.009553767,-1.733119,0.112376,-2.575769,-8.332364,-4.605692,0.128072988,0.006713,0.006329,Family,TRUE,FALSE,FALSE,TRUE
FRA_046_MZB_LO_558,France,47.71690213,-2.431756952,1173707,2008,2017,8,10,0.862626819,0.771223058,-0.091403761,-0.056429,-1.452618,-5.829293,3.475628,-0.119408,-0.114830145,0.109991,0.02376,Family,TRUE,FALSE,FALSE,TRUE
FRA_046_MZB_LO_560,France,48.1150101,-1.239063715,1173707,2008,2017,9,10,0.595546139,0.273017705,-0.322528434,-0.544112,-8.815342,-20.078566,37.973949,-0.22299,-0.004234292,0.150914,0.054754,Family,TRUE,FALSE,FALSE,TRUE
FRA_046_MZB_LO_561,France,48.10871582,-1.126464857,1173707,2008,2017,7,10,0.343126664,0.454737757,0.111611092,-0.109495,0.461086,4.597766,-1.44856,0.661197,-0.082544644,0.082888,0.02046,Family,TRUE,FALSE,FALSE,TRUE
FRA_046_MZB_LO_562,France,48.16277882,-1.224826491,1173707,2008,2017,7,10,0.39659369,0.210608981,-0.185984708,-4.922855,-5.75778,-12.943388,6.937567,-8.089196,-0.089824559,0.0286,0.003592,Family,TRUE,FALSE,FALSE,TRUE
FRA_046_MZB_LO_563,France,48.15210772,-1.222218176,1173707,2008,2017,7,10,0.560720789,0.438671058,-0.122049732,-0.47998,-2.924532,-5.902635,17.371743,0.25818,-0.054069196,0.001392,0.002206,Family,TRUE,FALSE,FALSE,TRUE
FRA_046_MZB_LO_569,France,48.02302755,-1.707456728,1173707,2007,2016,10,10,0.309327619,0.299071782,-0.010255837,3.829718,1.008083,-3.282362,9.805529,7.545666,-0.012365873,0.114361,0.016814,Family,TRUE,FALSE,FALSE,TRUE
FRA_046_MZB_LO_576,France,47.62173854,-1.797583552,1173707,2007,2018,10,12,0.397650304,0.391582305,-0.006067999,-1.70052,-0.697839,-1.340445,-5.681827,-3.257859,0.097386713,0.076243,0.023642,Family,TRUE,FALSE,FALSE,TRUE
FRA_046_MZB_LO_579,France,47.49693543,-1.925460885,1173707,2007,2018,7,12,0.326062734,0.322681114,-0.00338162,-2.134269,0.043746,-2.636449,-7.63897,-5.023519,0.026163296,0.066664,0.017882,Family,TRUE,FALSE,FALSE,TRUE
FRA_046_MZB_LO_584,France,48.02596834,-0.196637394,1173706,2008,2018,7,11,0.536460991,0.655845064,0.119384074,0.273945,0.964368,6.333648,1.139598,2.259416,-0.002383679,0.086096,0.026174,Family,TRUE,FALSE,FALSE,TRUE
FRA_046_MZB_LO_597,France,44.54587693,0.085638325,1172721,2008,2020,7,13,0.111458586,0.198540398,0.087081812,4.316233,1.350147,-1.800255,8.961147,7.827587,-0.037783823,0.095112,0.029572,Family,TRUE,FALSE,FALSE,TRUE
FRA_046_MZB_LO_599,France,44.47331602,0.223525085,1172721,2008,2020,7,13,0.185240507,0.134842317,-0.050398189,2.670648,-4.630882,-4.686602,31.397543,2.887137,0.059446366,0.111486,0.026734,Family,TRUE,FALSE,FALSE,TRUE
FRA_046_MZB_LO_602,France,44.79289124,3.358147033,1172721,2007,2020,7,14,0.825358217,0.795390325,-0.029967892,-2.348583,0.145725,-0.416435,-11.638879,-5.267928,-0.065773246,0.001178,0.002603,Family,TRUE,FALSE,FALSE,TRUE
FRA_046_MZB_LO_603,France,44.72056007,3.525180274,1172721,2007,2020,7,14,0.755273478,0.589897997,-0.165375481,-2.107857,-2.278206,-5.402584,-1.927525,-4.163182,-0.051967153,0.062677,0.021822,Family,TRUE,FALSE,FALSE,TRUE
FRA_046_MZB_LO_607,France,44.49070038,3.248378745,1172721,2007,2020,7,14,0.837701262,0.855945822,0.01824456,-1.007238,-2.99447,-6.150728,7.959975,-1.159357,-0.092434989,0.076144,0.018345,Family,TRUE,FALSE,FALSE,TRUE
FRA_046_MZB_LO_610,France,44.0468737,2.080877878,1172721,2008,2020,7,13,0.404336166,0.732644394,0.328308228,5.008543,0.621962,-2.057739,19.230839,8.59056,-0.015422183,0.043784,0.016837,Family,TRUE,FALSE,FALSE,TRUE
FRA_046_MZB_LO_612,France,43.60666421,2.698351452,1172721,2007,2020,7,14,0.870939725,0.806567072,-0.064372653,-2.621594,-1.538057,-1.658845,-4.298332,-5.329458,-0.040545324,0.040666,0.001819,Family,TRUE,FALSE,FALSE,TRUE
FRA_046_MZB_LO_613,France,44.07537024,3.491413062,1172721,2007,2020,7,14,0.835963159,0.834541312,-0.001421847,0.454806,1.002657,2.584155,-0.835436,0.029731,0.045331552,0.009737,0.00612,Family,TRUE,FALSE,FALSE,TRUE
FRA_046_MZB_LO_614,France,44.19740245,3.475077863,1172721,2007,2020,7,14,0.917397596,0.878574538,-0.038823057,-0.443365,-0.575719,0.173078,1.481651,-0.993065,-0.028761135,0.00431,0.003581,Family,TRUE,FALSE,FALSE,TRUE
FRA_046_MZB_LO_616,France,44.38738099,3.819247206,1172721,2007,2020,7,14,0.87310108,0.896216142,0.023115062,0.169338,0.447714,3.063952,-4.309445,0.095947,-0.033181135,0.001278,0.011608,Family,TRUE,FALSE,FALSE,TRUE
FRA_046_MZB_LO_617,France,44.22689284,3.592968577,1172721,2007,2020,7,14,0.879486742,0.843868103,-0.035618639,0.122432,0.766823,-0.697433,-4.367425,-0.706593,0.077152106,0.055542,0.012989,Family,TRUE,FALSE,FALSE,TRUE
FRA_046_MZB_LO_618,France,44.15964604,3.610921936,1172721,2007,2020,7,14,0.893753748,0.864216467,-0.029537281,-1.645077,0.483553,2.673997,-8.120207,-5.249764,-0.041171139,0.058295,0.008536,Family,TRUE,FALSE,FALSE,TRUE
FRA_046_MZB_LO_619,France,44.26773036,3.758628632,1172721,2007,2020,7,14,0.923727441,0.848610518,-0.075116923,-0.018005,0.628602,-0.360392,-1.331514,0.448683,-0.006431639,0.053647,0.004461,Family,TRUE,FALSE,FALSE,TRUE
FRA_046_MZB_LO_622,France,43.19996946,1.735724241,1172721,2007,2020,7,14,0.705250368,0.853996426,0.148746058,-0.364576,0.413619,-0.197365,-4.337892,-1.180741,-0.144488806,0.020579,0.009723,Family,TRUE,FALSE,FALSE,TRUE
FRA_046_MZB_LO_623,France,42.95436215,1.967869997,1172721,2007,2020,7,14,0.648465401,0.783704252,0.135238851,0.57178,1.635436,2.327262,-7.503293,0.7226,-0.050267568,0.060245,0.010752,Family,TRUE,FALSE,FALSE,TRUE
FRA_046_MZB_LO_625,France,42.73198265,1.550215489,1172721,2008,2020,7,13,0.807932787,0.817807723,0.009874936,3.833965,-0.683431,-4.171403,22.432647,6.528398,-0.0678039,0.093223,0.014236,Family,TRUE,FALSE,FALSE,TRUE
FRA_046_MZB_LO_628,France,43.58182682,-1.418833226,1173703,2008,2020,7,13,0.096960567,0.255380067,0.1584195,5.108239,2.614302,0.839897,12.414399,14.65099,0.063413867,0.152754,0.042396,Family,TRUE,FALSE,FALSE,TRUE
FRA_046_MZB_LO_630,France,43.64081965,-0.785040987,1172928,2008,2020,7,13,0.342195637,0.858182397,0.51598676,3.45573,2.168211,9.719254,5.181003,5.761685,0.069087207,0.1317,0.0283,Family,TRUE,FALSE,FALSE,TRUE
FRA_046_MZB_LO_633,France,43.82757924,-0.828678243,1172928,2008,2020,7,13,0.203332831,0.221497002,0.018164171,9.509885,-4.801765,1.55899,44.432069,22.401562,0.070460132,0.034757,0.005053,Family,TRUE,FALSE,FALSE,TRUE
FRA_046_MZB_LO_636,France,47.93536227,5.863978965,1172787,2009,2021,8,13,0.609248278,0.722875027,0.11362675,0.473613,0.732937,-0.903511,-0.986306,1.14729,0.044345453,0.002063,0.00522,Family,TRUE,FALSE,FALSE,TRUE
FRA_046_MZB_LO_639,France,48.01825126,5.941492053,1172787,2009,2020,7,12,0.436012757,0.553490661,0.117477903,0.930583,1.913821,2.744257,-0.709748,1.536303,-0.106283753,0.096779,0.024005,Family,TRUE,FALSE,FALSE,TRUE
FRA_046_MZB_LO_641,France,47.82895955,5.630388482,1172787,2008,2021,8,14,0.544539417,0.374666253,-0.169873164,-1.06756,0.456384,5.072462,-6.580021,-1.950447,0.066261636,0.051877,0.006562,Family,TRUE,FALSE,FALSE,TRUE
FRA_046_MZB_LO_642,France,47.82331821,5.74292622,1172787,2008,2021,8,14,0.450405821,0.550330177,0.099924356,0.414376,1.933351,7.103057,-5.405623,0.325458,-0.014924397,0.076126,0.020624,Family,TRUE,FALSE,FALSE,TRUE
FRA_046_MZB_LO_643,France,47.85433132,5.874957785,1172787,2009,2020,8,12,0.529586883,0.461483868,-0.068103015,-2.210112,-2.132255,-4.041468,-2.182803,-6.396246,-0.044535245,0.073427,0.019883,Family,TRUE,FALSE,FALSE,TRUE
FRA_046_MZB_LO_644,France,47.79437692,6.057799609,1172787,2009,2020,7,12,0.332902116,0.577228187,0.244326071,2.102221,3.931454,4.078565,-5.898424,4.199111,0.09879048,0.077445,0.019765,Family,TRUE,FALSE,FALSE,TRUE
FRA_046_MZB_LO_646,France,47.69107833,6.039291564,1172787,2009,2019,8,11,0.481629467,0.570461268,0.088831801,2.430393,1.552686,-2.209009,2.867508,4.647726,0.087651637,0.04061,0.003957,Family,TRUE,FALSE,FALSE,TRUE
FRA_046_MZB_LO_648,France,47.64942139,6.024960332,1172787,2009,2021,9,13,0.503487767,0.536727074,0.033239307,0.607078,-0.147853,-3.491638,4.376729,1.427196,0.027090535,0.011748,0.011272,Family,TRUE,FALSE,FALSE,TRUE
FRA_046_MZB_LO_649,France,47.66173112,5.972459739,1172787,2009,2021,8,13,0.484141443,0.499122699,0.014981256,0.362112,1.116548,5.718025,-2.455212,-0.819433,0.023144136,0.019998,0.002254,Family,TRUE,FALSE,FALSE,TRUE
FRA_046_MZB_LO_650,France,47.53446264,5.920836835,1172787,2008,2020,9,13,0.755751683,0.589819393,-0.165932291,-0.852978,2.211718,3.457362,-10.86595,-2.545206,-0.100227457,0.010871,0.003405,Family,TRUE,FALSE,FALSE,TRUE
FRA_046_MZB_LO_652,France,47.6057997,5.795127242,1172787,2008,2019,8,12,0.649341872,0.642860365,-0.006481506,0.576479,-0.037774,-4.793588,1.883584,0.804388,0.055216405,0.020781,0.000696,Family,TRUE,FALSE,FALSE,TRUE
FRA_046_MZB_LO_653,France,47.60576874,5.73407747,1172787,2008,2019,10,12,0.728652891,0.797067812,0.068414922,0.267563,1.068442,0.018719,-3.707656,1.369459,0.083973149,0.050832,0.005114,Family,TRUE,FALSE,FALSE,TRUE
FRA_046_MZB_LO_655,France,47.45130403,5.656953322,1172787,2008,2018,8,11,0.323566548,0.552575245,0.229008696,1.459493,3.451223,11.96763,-4.300639,1.859674,-0.00131178,0.091987,0.023695,Family,TRUE,FALSE,FALSE,TRUE
FRA_046_MZB_LO_656,France,47.45867742,5.584702846,1172787,2011,2020,7,10,0.476623184,0.447913671,-0.028709512,0.327114,0.256768,-5.118536,-4.134527,1.091744,0.253890091,0.06315,0.01813,Family,TRUE,FALSE,FALSE,TRUE
FRA_046_MZB_LO_657,France,47.44622521,5.540354574,1172787,2010,2020,8,11,0.322271425,0.623289298,0.301017873,0.570055,1.528973,-0.969187,-3.703239,1.573444,0.113613065,0.113885,0.001715,Family,TRUE,FALSE,FALSE,TRUE
FRA_046_MZB_LO_659,France,47.40262006,5.561078526,1172787,2010,2020,9,11,0.467520104,0.345464788,-0.122055316,-0.883609,-2.923988,-5.182836,4.490551,-2.16327,0.092664301,0.054506,5.90E-05,Family,TRUE,FALSE,FALSE,TRUE
FRA_046_MZB_LO_660,France,47.71992574,5.325471551,1172787,2008,2021,8,14,0.41819532,0.474957007,0.056761686,0.324473,-0.024594,-2.036607,4.514596,1.234975,-0.026512439,0.066043,0.008777,Family,TRUE,FALSE,FALSE,TRUE
FRA_046_MZB_LO_661,France,47.75154438,5.262778523,1172787,2008,2021,9,14,0.52358201,0.745178118,0.221596108,2.034356,3.092475,3.892299,-5.453831,4.491794,-0.010825879,0.032919,0.008461,Family,TRUE,FALSE,FALSE,TRUE
FRA_046_MZB_LO_662,France,47.57825758,5.406927485,1172787,2008,2020,8,13,0.559529126,0.659795493,0.100266367,-0.713421,0.570597,3.805093,-7.059228,-1.179233,0.059181614,0.087234,0.01939,Family,TRUE,FALSE,FALSE,TRUE
FRA_046_MZB_LO_663,France,47.34774034,5.349820599,1172787,2008,2021,10,14,0.799363731,0.287651479,-0.511712251,-6.636716,-8.520446,-9.276558,8.957093,-14.788486,0.125807685,0.107529,0.038284,Family,TRUE,FALSE,FALSE,TRUE
FRA_046_MZB_LO_665,France,47.61380468,6.455263912,1172787,2010,2020,8,11,0.649271972,0.681652199,0.032380227,-0.846978,0.421692,3.718898,-3.479807,-2.654027,-0.038419186,0.034347,0.01043,Family,TRUE,FALSE,FALSE,TRUE
FRA_046_MZB_LO_666,France,47.62188563,6.473804486,1172787,2008,2020,9,13,0.786868794,0.718258577,-0.068610217,-1.024034,-0.826237,-1.840543,-0.822275,-2.450187,0.015642358,0.018247,0.006586,Family,TRUE,FALSE,FALSE,TRUE
FRA_046_MZB_LO_669,France,47.18264276,5.356430393,1172787,2010,2021,7,12,0.218333598,0.328691788,0.110358191,-3.691778,0.973944,2.093943,-15.830523,-8.346848,0.062981419,0.060097,0.001526,Family,TRUE,FALSE,FALSE,TRUE
FRA_046_MZB_LO_670,France,47.51336887,5.197446979,1172787,2008,2018,7,11,0.710690407,0.782089258,0.071398851,0.678555,2.161275,2.394434,-6.576712,-0.073178,-0.172331064,0.070448,0.00689,Family,TRUE,FALSE,FALSE,TRUE
FRA_046_MZB_LO_671,France,47.61180721,5.157010065,1172787,2008,2021,8,14,0.82468136,0.616212438,-0.208468922,-1.012722,-1.199198,-5.478001,-3.313757,-1.432969,-0.042014111,0.086956,0.016105,Family,TRUE,FALSE,FALSE,TRUE
FRA_046_MZB_LO_672,France,47.27674468,5.172338431,1172787,2008,2018,9,11,0.349705796,0.641833939,0.292128144,-0.589038,1.744659,2.834804,-11.621325,-1.649476,0.002829533,0.063656,0.026185,Family,TRUE,FALSE,FALSE,TRUE
FRA_046_MZB_LO_673,France,47.28046446,5.217537489,1172787,2008,2021,9,14,0.672656056,0.704981922,0.032325866,0.98358,2.02032,-1.224395,-4.033599,1.336613,-0.030525931,0.048254,0.004262,Family,TRUE,FALSE,FALSE,TRUE
FRA_046_MZB_LO_675,France,47.20988806,4.725647133,1172787,2008,2021,10,14,0.793130305,0.691851791,-0.101278514,-0.321366,0.584599,0.317193,-2.21351,-1.155247,-0.013583854,0.070654,0.013675,Family,TRUE,FALSE,FALSE,TRUE
FRA_046_MZB_LO_676,France,47.31486768,4.859575534,1172787,2008,2021,10,14,0.745069074,0.560130046,-0.184939029,-0.998632,0.02864,-2.004446,-3.762355,-2.679546,-0.009002875,0.064502,0.010187,Family,TRUE,FALSE,FALSE,TRUE
FRA_046_MZB_LO_677,France,47.33301454,4.980356795,1172787,2008,2021,7,14,0.680207087,0.791605715,0.111398628,1.926887,2.061788,1.082887,-2.233212,3.963529,0.062861281,0.016581,0.00228,Family,TRUE,FALSE,FALSE,TRUE
FRA_046_MZB_LO_678,France,47.26624041,5.117497571,1172787,2008,2018,9,11,0.43748074,0.553050618,0.115569879,-0.016058,1.055571,3.233205,-3.873802,0.192672,0.051430703,0.015088,0.000399,Family,TRUE,FALSE,FALSE,TRUE
FRA_046_MZB_LO_679,France,47.11398712,5.280295315,1172787,2008,2021,7,14,0.493550321,0.741821354,0.248271032,1.731149,3.271463,3.051479,-5.703941,3.254675,0.034561868,0.016921,0.00409,Family,TRUE,FALSE,FALSE,TRUE
FRA_046_MZB_LO_680,France,47.17917584,5.118721888,1172787,2010,2021,7,12,0.481516922,0.597159687,0.115642765,1.247943,2.38009,-0.445166,-4.557856,2.711358,0.082972455,0.06512,0.02352,Family,TRUE,FALSE,FALSE,TRUE
FRA_046_MZB_LO_681,France,47.15044569,5.200790119,1172787,2008,2021,8,14,0.53716041,0.618924403,0.081763993,-2.105236,-2.240419,-0.012187,5.976317,-4.937625,0.046002119,0.043084,0.004542,Family,TRUE,FALSE,FALSE,TRUE
FRA_046_MZB_LO_685,France,46.71922421,6.20853463,1172787,2011,2021,8,11,0.296140713,0.633298477,0.337157764,5.962362,7.414448,6.187017,-5.021489,10.422634,-0.120681564,0.066706,0.017973,Family,TRUE,FALSE,FALSE,TRUE
FRA_046_MZB_LO_686,France,46.77258273,6.279948461,1172787,2011,2021,8,11,0.315840541,0.600144173,0.284303632,5.47247,5.519667,7.709298,-0.916662,11.11848,-0.138628268,0.029097,0.006744,Family,TRUE,FALSE,FALSE,TRUE
FRA_046_MZB_LO_687,France,47.32231862,6.851746943,1172787,2008,2018,8,11,0.695431636,0.783959786,0.08852815,0.865496,2.725739,2.876949,-8.728289,1.444345,-0.011317846,0.043287,0.015313,Family,TRUE,FALSE,FALSE,TRUE
FRA_046_MZB_LO_688,France,46.94341262,6.343355459,1172787,2008,2021,11,14,0.482465466,0.50120905,0.018743584,0.143436,-0.26051,-0.513663,0.732865,0.348092,0.051152533,0.053701,0.013725,Family,TRUE,FALSE,FALSE,TRUE
FRA_046_MZB_LO_689,France,47.36695253,6.436979672,1172787,2009,2021,8,13,0.691908956,0.642916593,-0.048992364,1.691559,1.015142,2.530195,2.849097,3.490593,-0.06560502,0.070282,0.010692,Family,TRUE,FALSE,FALSE,TRUE
FRA_046_MZB_LO_701,France,47.17561994,5.905270827,1172787,2008,2019,8,12,0.757107875,0.394290908,-0.362816967,-1.481932,-1.363913,-3.358017,-1.411491,-2.933815,0.030578418,0.054275,0.003451,Family,TRUE,FALSE,FALSE,TRUE
FRA_046_MZB_LO_703,France,47.03730893,6.275268734,1172787,2008,2021,9,14,0.682992063,0.663719526,-0.019272538,0.647867,0.445628,-0.757062,1.867864,1.6961,0.011388722,0.049269,0.010578,Family,TRUE,FALSE,FALSE,TRUE
FRA_046_MZB_LO_705,France,46.82804128,5.169609735,1172787,2008,2021,8,14,0.276579089,0.303501448,0.026922359,-1.230052,0.673716,-2.544221,-9.052578,-2.928175,0.092333363,0.083373,0.012149,Family,TRUE,FALSE,FALSE,TRUE
FRA_046_MZB_LO_706,France,46.85328692,5.178275656,1172787,2009,2020,10,12,0.337965272,0.38299275,0.045027478,-1.413726,2.159834,4.790358,-10.278373,-2.834367,0.027752677,0.061876,0.021573,Family,TRUE,FALSE,FALSE,TRUE
FRA_046_MZB_LO_707,France,46.88601256,5.184795212,1172787,2009,2021,11,13,0.336820724,0.200134478,-0.136686246,-1.563143,-0.439731,-0.609474,-7.617798,-3.353879,-0.034297399,0.037614,0.008622,Family,TRUE,FALSE,FALSE,TRUE
FRA_046_MZB_LO_709,France,46.80163492,4.569620193,1172787,2008,2021,11,14,0.25054245,0.242138682,-0.008403768,1.783587,2.157157,1.44428,-0.893151,2.718264,0.028662954,0.079062,0.002571,Family,TRUE,FALSE,FALSE,TRUE
FRA_046_MZB_LO_710,France,46.97159977,4.781333974,1172787,2008,2018,8,11,0.105352775,0.398362267,0.293009492,7.62234,11.9084,5.01807,-5.881718,14.998228,-0.08294038,0.117106,0.043262,Family,TRUE,FALSE,FALSE,TRUE
FRA_046_MZB_LO_712,France,46.92065903,4.771060079,1172787,2008,2020,9,13,0.218297034,0.272383947,0.054086913,2.236806,2.73349,5.028192,-3.383322,4.877934,0.063423159,0.052067,0.025399,Family,TRUE,FALSE,FALSE,TRUE
FRA_046_MZB_LO_713,France,46.94337484,5.018529049,1172787,2008,2019,7,12,0.301916026,0.537706232,0.235790206,2.089949,2.039584,3.873649,7.601908,4.124433,0.056185305,0.08403,0.019535,Family,TRUE,FALSE,FALSE,TRUE
FRA_046_MZB_LO_715,France,46.74824533,4.822363787,1172787,2008,2018,8,11,0.114383474,0.248793614,0.13441014,2.148887,5.502267,5.557637,-10.95578,2.572398,0.060976193,0.017465,0.013434,Family,TRUE,FALSE,FALSE,TRUE
FRA_046_MZB_LO_716,France,46.76023128,4.842228214,1172787,2010,2021,9,12,0.450413009,0.186161887,-0.264251123,-4.451814,-2.858678,-5.38515,-6.844588,-9.161927,0.144310331,0.004509,0.026401,Family,TRUE,FALSE,FALSE,TRUE
FRA_046_MZB_LO_718,France,46.37557495,4.605775252,1172787,2008,2019,8,12,0.646854346,0.810463412,0.163609066,1.99065,3.452538,-0.611888,-6.005054,3.256853,0.011801863,0.086909,0.009006,Family,TRUE,FALSE,FALSE,TRUE
FRA_046_MZB_LO_719,France,46.55021877,4.567414021,1172787,2008,2020,8,13,0.60024073,0.439634857,-0.160605873,-0.278917,-2.537785,-8.728011,8.899061,-0.312452,0.054805654,0.020321,0.01051,Family,TRUE,FALSE,FALSE,TRUE
FRA_046_MZB_LO_720,France,46.57619898,4.773750889,1172787,2008,2021,10,14,0.711323917,0.630764652,-0.080559264,0.613578,1.990744,-1.142963,-6.662158,2.596007,0.047365893,0.054012,0.006941,Family,TRUE,FALSE,FALSE,TRUE
FRA_046_MZB_LO_721,France,46.68709166,4.874876485,1172787,2009,2021,11,13,0.441942264,0.510359469,0.068417206,0.830459,-0.43616,-1.346043,4.080964,0.816208,-0.099961594,0.041145,0.001328,Family,TRUE,FALSE,FALSE,TRUE
FRA_046_MZB_LO_722,France,46.59935432,4.891989925,1172787,2009,2021,7,13,0.315197511,0.340064136,0.024866625,2.670532,1.159445,0.099361,5.544643,6.357582,0.12013066,0.047685,0.008764,Family,TRUE,FALSE,FALSE,TRUE
FRA_046_MZB_LO_723,France,46.66786354,4.857086895,1172787,2009,2020,9,12,0.152024098,0.175186721,0.023162623,0.143182,4.327381,6.514835,-22.108375,-0.431639,0.050421091,0.100008,0.041769,Family,TRUE,FALSE,FALSE,TRUE
FRA_046_MZB_LO_724,France,46.85001175,5.431278643,1172787,2009,2018,7,10,0.343982214,0.664049723,0.320067509,2.478078,3.750526,19.444416,-3.264631,6.716293,0.123922312,0.164279,0.047181,Family,TRUE,FALSE,FALSE,TRUE
FRA_046_MZB_LO_725,France,46.74966113,5.292399328,1172787,2009,2021,11,13,0.679133056,0.41058836,-0.268544696,-1.698576,-0.11521,-1.687202,-9.362678,-2.849657,0.124417848,0.081888,0.01207,Family,TRUE,FALSE,FALSE,TRUE
FRA_046_MZB_LO_726,France,46.62817983,5.423296016,1172787,2009,2021,9,13,0.228056148,0.429784156,0.201728007,3.01736,2.695145,7.016132,-1.687289,6.184348,0.064006295,0.02809,0.005037,Family,TRUE,FALSE,FALSE,TRUE
FRA_046_MZB_LO_727,France,46.51501476,5.287669992,1172787,2008,2021,9,14,0.493621896,0.357768631,-0.135853264,2.667709,-0.292805,-3.821254,12.444054,4.710402,0.027647521,0.142604,0.029499,Family,TRUE,FALSE,FALSE,TRUE
FRA_046_MZB_LO_728,France,46.42933097,5.234741797,1172787,2009,2021,9,13,0.280387305,0.331991576,0.051604272,-0.839877,-1.722651,-0.340573,3.43914,-2.753152,0.001006673,0.079165,0.013777,Family,TRUE,FALSE,FALSE,TRUE
FRA_046_MZB_LO_729,France,46.5606409,5.050032502,1172787,2008,2021,9,14,0.229805737,0.253043188,0.023237452,1.104962,0.30729,-2.496906,5.732392,0.904489,0.066214672,0.066941,0.015129,Family,TRUE,FALSE,FALSE,TRUE
FRA_046_MZB_LO_730,France,46.51407531,4.946774568,1172787,2009,2021,9,13,0.446873969,0.239917156,-0.206956814,-3.05692,-0.930621,-4.42412,-10.985947,-6.843861,-0.023859344,0.067001,0.01992,Family,TRUE,FALSE,FALSE,TRUE
FRA_046_MZB_LO_731,France,46.47562528,4.859589251,1172787,2009,2019,7,11,0.537400012,0.467891308,-0.069508703,-0.788309,1.172072,0.924446,-5.353721,-2.117495,0.072791639,0.017973,0.012719,Family,TRUE,FALSE,FALSE,TRUE
FRA_046_MZB_LO_733,France,46.25763092,5.195955296,1172787,2008,2021,10,14,0.362908285,0.309761801,-0.053146484,-2.238994,-0.515083,-1.250399,-9.285564,-4.520576,6.64E-05,0.004279,0.000809,Family,TRUE,FALSE,FALSE,TRUE
FRA_046_MZB_LO_734,France,46.42403652,4.95847787,1172787,2008,2021,10,14,0.385357652,0.104441367,-0.280916285,-0.740592,-2.907399,-5.229673,3.847086,-2.877757,-0.000956527,0.094788,0.026881,Family,TRUE,FALSE,FALSE,TRUE
FRA_046_MZB_LO_735,France,46.41125263,4.784487891,1172787,2009,2019,8,11,0.279275173,0.369620029,0.090344856,-0.047228,0.698576,-2.169082,-4.491447,0.006926,0.04090825,0.061132,0.019428,Family,TRUE,FALSE,FALSE,TRUE
FRA_046_MZB_LO_736,France,46.2840111,4.781015126,1172787,2008,2019,8,12,0.352035596,0.5111583,0.159122704,4.514684,2.992978,3.343723,7.494812,7.68723,-0.023098478,0.15688,0.021054,Family,TRUE,FALSE,FALSE,TRUE
FRA_046_MZB_LO_737,France,46.08704414,5.149648922,1172787,2008,2021,10,14,0.095937292,0.204638476,0.108701185,1.188352,-2.345167,-4.610698,11.905265,3.065068,-0.038220673,0.077587,0.031317,Family,TRUE,FALSE,FALSE,TRUE
FRA_046_MZB_LO_738,France,46.20340225,5.128147916,1172787,2008,2021,10,14,0.384065163,0.521969384,0.137904221,0.492543,-1.842781,-0.835173,10.882986,1.096776,-0.027868134,0.011157,0.003957,Family,TRUE,FALSE,FALSE,TRUE
FRA_046_MZB_LO_739,France,46.22966377,5.071381881,1172787,2008,2021,10,14,0.459820261,0.425248358,-0.034571903,-0.364406,0.30065,2.352448,-4.878998,-1.08438,0.026212063,0.078339,0.009993,Family,TRUE,FALSE,FALSE,TRUE
FRA_046_MZB_LO_740,France,46.11959809,5.198659634,1172787,2008,2021,10,14,0.780363941,0.417857691,-0.362506251,-2.340089,-2.434114,-6.131089,0.484159,-3.704834,0.098290443,0.089395,0.027855,Family,TRUE,FALSE,FALSE,TRUE
FRA_046_MZB_LO_741,France,46.24313175,5.126497707,1172787,2008,2021,10,14,0.523150303,0.501991318,-0.021158985,0.286572,0.700128,1.850405,-1.119166,0.666364,0.031346262,0.092364,0.034033,Family,TRUE,FALSE,FALSE,TRUE
FRA_046_MZB_LO_742,France,46.21185461,4.98298288,1172787,2008,2021,10,14,0.439405216,0.512863093,0.073457877,1.383693,-1.389773,-1.047961,10.516135,2.300196,0.038314562,0.033078,0.01018,Family,TRUE,FALSE,FALSE,TRUE
FRA_046_MZB_LO_743,France,46.14629173,5.138646877,1172787,2008,2019,8,12,0.304977846,0.348147915,0.043170069,1.494848,3.325803,2.16194,-5.947401,2.775276,0.069713461,0.089958,0.029752,Family,TRUE,FALSE,FALSE,TRUE
FRA_046_MZB_LO_744,France,46.22024411,5.008968235,1172787,2009,2021,9,13,0.486124909,0.261215723,-0.224909186,-2.749433,-1.906212,-1.668236,-6.396569,-5.523835,-0.05258359,0.034558,0.000182,Family,TRUE,FALSE,FALSE,TRUE
FRA_046_MZB_LO_746,France,46.26685318,4.857628637,1172787,2009,2021,8,13,0.549338364,0.408330797,-0.141007567,-0.018577,-0.643112,-7.569534,-0.115923,-0.614903,-0.006601724,0.084717,0.029071,Family,TRUE,FALSE,FALSE,TRUE
FRA_046_MZB_LO_747,France,46.15188452,5.192111587,1172787,2008,2021,10,14,0.680191736,0.621873538,-0.058318199,-0.524629,-1.80187,-6.243871,3.890453,-1.222859,0.046148593,0.075229,0.021783,Family,TRUE,FALSE,FALSE,TRUE
FRA_046_MZB_LO_748,France,46.1288161,4.922551917,1172787,2008,2020,9,13,0.250432291,0.216193537,-0.034238754,-0.851881,-3.744502,-7.220314,7.309655,-1.72236,0.028736212,0.133052,0.052233,Family,TRUE,FALSE,FALSE,TRUE
FRA_046_MZB_LO_749,France,46.15811049,4.839753348,1172787,2009,2021,9,13,0.382821523,0.441632203,0.058810681,0.737283,0.544223,0.582216,-0.478522,1.290846,-0.025597498,0.063523,0.000284,Family,TRUE,FALSE,FALSE,TRUE
FRA_046_MZB_LO_751,France,46.06585442,4.713438854,1172787,2008,2018,7,11,0.403574006,0.552095337,0.148521331,8.014837,1.632917,8.811115,20.656957,20.492367,0.002615935,0.117525,0.03507,Family,TRUE,FALSE,FALSE,TRUE
FRA_046_MZB_LO_752,France,45.98648751,4.703680482,1172787,2008,2021,10,14,0.298623191,0.410651427,0.112028235,2.053851,-1.998591,-1.564292,19.732623,5.321625,-0.032079571,0.085292,0.023324,Family,TRUE,FALSE,FALSE,TRUE
FRA_046_MZB_LO_753,France,45.986423,4.737570148,1172787,2008,2021,10,14,0.140370015,0.048306259,-0.092063756,1.274369,0.139203,6.421031,4.326706,2.526268,0.041026937,0.134303,0.057832,Family,TRUE,FALSE,FALSE,TRUE
FRA_046_MZB_LO_755,France,45.8161413,4.60571989,1172787,2008,2021,7,14,0.426668852,0.486780641,0.060111789,0.238651,1.765242,1.683116,0.465076,-0.03547,-0.026606043,0.059741,0.012486,Family,TRUE,FALSE,FALSE,TRUE
FRA_046_MZB_LO_760,France,45.91949589,6.770565096,1172787,2008,2022,11,15,0.344121506,0.463145137,0.119023631,3.898646,3.684211,4.309239,-0.891759,10.281039,-0.027561688,0.019563,0.008803,Family,TRUE,FALSE,FALSE,TRUE
FRA_046_MZB_LO_761,France,45.98194822,6.628686449,1172787,2009,2022,10,14,0.495550789,0.667633567,0.172082778,0.308881,0.840119,3.932658,1.675609,1.351041,-0.059452257,0.068696,0.008269,Family,TRUE,FALSE,FALSE,TRUE
FRA_046_MZB_LO_762,France,46.01089642,6.53193993,1172787,2012,2022,7,11,0.816374077,0.82369662,0.007322544,1.90118,1.312334,1.574871,3.318657,4.882834,0.048178167,0.051782,0.000104,Family,TRUE,FALSE,FALSE,TRUE
FRA_046_MZB_LO_763,France,46.09760433,6.644961641,1172787,2008,2021,9,14,0.611026123,0.810434082,0.19940796,3.961624,3.345765,4.852756,4.958393,8.139881,-0.018503978,0.066661,0.001289,Family,TRUE,FALSE,FALSE,TRUE
FRA_046_MZB_LO_764,France,46.07572257,6.428637793,1172787,2009,2022,9,14,0.533293931,0.683884247,0.150590316,1.264551,2.091909,6.289418,0.779013,2.927019,0.008045706,0.038085,0.013874,Family,TRUE,FALSE,FALSE,TRUE
FRA_046_MZB_LO_766,France,46.14985215,6.270250738,1172787,2009,2022,9,14,0.663137674,0.746999951,0.083862276,0.58651,0.069664,1.979333,-0.445107,0.970098,-0.043877408,0.04067,0.010446,Family,TRUE,FALSE,FALSE,TRUE
FRA_046_MZB_LO_768,France,46.244224,5.796411362,1172787,2008,2021,9,14,0.835744323,0.811182223,-0.024562099,-0.626426,-0.971499,-2.401569,1.91184,-0.729413,0.000667997,0.034473,0.012326,Family,TRUE,FALSE,FALSE,TRUE
FRA_046_MZB_LO_769,France,46.02059443,6.146417677,1172787,2008,2020,8,13,0.585316008,0.662664276,0.077348268,-0.662662,0.877492,4.291804,-4.050161,-1.287287,0.043556339,0.013453,0.0054,Family,TRUE,FALSE,FALSE,TRUE
FRA_046_MZB_LO_770,France,45.98636662,5.847871687,1172787,2009,2020,7,12,0.468615866,0.422065869,-0.046549997,-0.983295,-0.539478,-0.78311,-2.805725,-1.018988,-0.146118322,0.03277,0.00918,Family,TRUE,FALSE,FALSE,TRUE
FRA_046_MZB_LO_773,France,45.89892186,6.05677282,1172787,2009,2021,7,13,0.442050828,0.674066829,0.232016001,4.84155,1.58442,-0.283883,8.680078,14.532524,0.039991205,0.084465,0.01295,Family,TRUE,FALSE,FALSE,TRUE
FRA_046_MZB_LO_774,France,45.69253273,6.119049021,1172787,2008,2020,7,13,0.65713613,0.628061264,-0.029074866,-1.534143,-1.299072,0.688426,-0.581309,-3.708707,0.01383455,0.00967,0.006416,Family,TRUE,FALSE,FALSE,TRUE
FRA_046_MZB_LO_780,France,45.69381283,5.892123092,1172787,2008,2021,10,14,0.028446185,0.2178981,0.189451915,5.056858,3.230335,2.877516,14.179125,9.949353,0.009561265,0.050352,0.022979,Family,TRUE,FALSE,FALSE,TRUE
FRA_046_MZB_LO_781,France,45.91258356,5.669600048,1172787,2009,2021,7,13,0.562515188,0.507009827,-0.055505362,-1.600713,-1.466463,-2.821492,-0.730398,-2.546481,0.049272334,0.079968,0.030642,Family,TRUE,FALSE,FALSE,TRUE
FRA_046_MZB_LO_782,France,45.70840924,5.677092267,1172787,2008,2021,7,14,0.451905459,0.504053256,0.052147797,0.918696,1.516914,3.58784,0.350197,2.172008,-0.044725436,0.001084,0.003213,Family,TRUE,FALSE,FALSE,TRUE
FRA_046_MZB_LO_784,France,45.36358848,5.754148025,1172787,2008,2021,9,14,0.677786807,0.707095548,0.029308741,-0.024815,0.968146,6.152317,-2.466952,0.503113,0.046061769,0.027961,0.001462,Family,TRUE,FALSE,FALSE,TRUE
FRA_046_MZB_LO_788,France,45.4953393,5.484434334,1172787,2008,2021,8,14,0.491198676,0.594562183,0.103363507,1.632488,0.492072,0.847298,5.490154,4.195687,-0.021095371,0.051428,0.001248,Family,TRUE,FALSE,FALSE,TRUE
FRA_046_MZB_LO_790,France,45.56635577,5.371129719,1172787,2010,2021,8,12,0.306322977,0.379867904,0.073544927,1.034208,1.475582,-0.38495,-3.450709,2.702846,0.059336866,0.116436,0.028622,Family,TRUE,FALSE,FALSE,TRUE
FRA_046_MZB_LO_791,France,45.50387374,5.411596997,1172787,2008,2021,7,14,0.361756877,0.498340039,0.136583162,2.003792,-0.73079,0.517716,8.862715,3.769944,-0.069205619,0.058945,0.018658,Family,TRUE,FALSE,FALSE,TRUE
FRA_046_MZB_LO_792,France,45.56274176,5.369064254,1172787,2008,2021,8,14,0.361157999,0.495442302,0.134284302,3.020235,1.248778,3.472024,4.921643,5.529719,-0.012246311,0.020285,0.008419,Family,TRUE,FALSE,FALSE,TRUE
FRA_046_MZB_LO_795,France,45.71523617,5.159153101,1172787,2008,2021,10,14,0.205326224,0.476403414,0.27107719,0.082983,1.287891,1.002955,-2.485895,0.647294,-0.077027394,0.001766,0.005625,Family,TRUE,FALSE,FALSE,TRUE
FRA_046_MZB_LO_797,France,46.74121488,5.792666358,1172787,2008,2021,9,14,0.647829062,0.670490491,0.022661429,-0.078701,-0.359384,-1.586596,2.203802,-0.238139,0.043740196,0.000163,0.003028,Family,TRUE,FALSE,FALSE,TRUE
FRA_046_MZB_LO_799,France,46.59774574,5.699348097,1172787,2008,2021,8,14,0.552537173,0.72491243,0.172375257,0.633468,1.535098,3.001053,-5.015291,0.864318,0.049323146,0.069297,0.012604,Family,TRUE,FALSE,FALSE,TRUE
FRA_046_MZB_LO_802,France,46.08996786,5.403083502,1172787,2009,2021,9,13,0.490978725,0.54966021,0.058681485,0.494242,1.392387,0.231361,-9.4997,1.410848,0.046400444,0.036268,0.006184,Family,TRUE,FALSE,FALSE,TRUE
FRA_046_MZB_LO_803,France,45.94655604,5.476857409,1172787,2008,2021,9,14,0.565973959,0.73727209,0.171298131,1.623094,2.979731,5.425667,-9.92347,3.412021,-0.006728073,0.071274,0.014735,Family,TRUE,FALSE,FALSE,TRUE
FRA_046_MZB_LO_805,France,45.92071811,5.228193629,1172787,2008,2021,10,14,0.402960302,0.312032719,-0.090927583,-0.710014,-1.036041,-5.35641,2.083366,-1.591115,0.103757347,0.065467,0.015129,Family,TRUE,FALSE,FALSE,TRUE
FRA_046_MZB_LO_806,France,46.01278885,5.588665237,1172787,2009,2020,7,12,0.231902448,0.494991907,0.263089459,3.213594,5.456748,10.019193,0.147971,5.938936,-0.144501493,0.149733,0.03764,Family,TRUE,FALSE,FALSE,TRUE
FRA_046_MZB_LO_810,France,45.63299144,4.822606198,1172787,2010,2021,9,12,0.07538979,0.074560723,-0.000829067,-0.243171,-2.750836,-5.372061,9.962003,-0.945887,0.041861934,0.071319,0.019164,Family,TRUE,FALSE,FALSE,TRUE
FRA_046_MZB_LO_811,France,45.66998967,4.596803982,1172787,2008,2018,7,11,0.553866793,0.598439003,0.04457221,-1.723359,-0.560881,3.823887,-1.860608,-3.3513,0.081213431,0.082906,0.02041,Family,TRUE,FALSE,FALSE,TRUE
FRA_046_MZB_LO_813,France,45.60316475,4.770977775,1172787,2009,2021,7,13,0.289380194,0.386307624,0.09692743,0.965518,-0.772376,-6.435495,5.682255,2.233307,0.04723899,0.097975,0.018324,Family,TRUE,FALSE,FALSE,TRUE
FRA_046_MZB_LO_814,France,45.48270493,4.527031859,1172787,2009,2021,7,13,0.185293832,0.199142468,0.013848636,-0.240632,1.70597,3.090347,-5.466688,0.534353,0.01835781,0.002139,0.003474,Family,TRUE,FALSE,FALSE,TRUE
FRA_046_MZB_LO_815,France,45.68713194,4.743053611,1172787,2008,2021,8,14,0.163389822,0.209874829,0.046485007,-0.261345,0.17009,0.30781,-3.759705,-0.147868,-0.046039677,0.061223,0.022579,Family,TRUE,FALSE,FALSE,TRUE
FRA_046_MZB_LO_823,France,45.31128134,4.810229769,1172787,2010,2021,9,12,0.453156869,0.394940701,-0.058216168,0.185289,0.773925,-4.635209,-3.006347,0.896993,0.080376074,0.037404,0.011403,Family,TRUE,FALSE,FALSE,TRUE
FRA_046_MZB_LO_824,France,45.34075538,5.092645124,1172787,2008,2021,8,14,0.389983726,0.493622525,0.103638799,1.555177,1.220244,-1.504388,6.457278,3.575692,-0.078295911,0.020569,0.005136,Family,TRUE,FALSE,FALSE,TRUE
FRA_046_MZB_LO_825,France,45.29441217,4.904049536,1172787,2008,2021,9,14,0.276502349,0.386631844,0.110129495,1.064459,0.896083,-0.173228,3.433671,2.4767,-0.084882321,0.010009,0.005636,Family,TRUE,FALSE,FALSE,TRUE
FRA_046_MZB_LO_826,France,45.2059304,4.786733558,1172787,2008,2021,10,14,0.545070232,0.629909573,0.084839341,0.247736,0.567206,-0.967518,-0.951396,0.869594,-0.021124918,0.080957,0.001413,Family,TRUE,FALSE,FALSE,TRUE
FRA_046_MZB_LO_828,France,45.02924554,4.493850278,1172787,2008,2021,11,14,0.874181248,0.814340545,-0.059840703,-2.286403,-1.10751,-3.536802,-7.67839,-4.4194,-0.036233278,0.014455,0.008281,Family,TRUE,FALSE,FALSE,TRUE
FRA_046_MZB_LO_829,France,45.05945132,4.778269592,1172787,2008,2021,10,14,0.783916582,0.76249588,-0.021420701,-2.131443,-1.429181,-3.921315,-7.336043,-3.680303,0.019576631,0.006816,0.002041,Family,TRUE,FALSE,FALSE,TRUE
FRA_046_MZB_LO_830,France,44.95128036,4.935163399,1172787,2009,2021,10,13,0.55976155,0.237894024,-0.321867526,-4.066994,-3.133913,-1.814127,-5.20554,-8.109096,0.059726317,0.111669,0.039615,Family,TRUE,FALSE,FALSE,TRUE
FRA_046_MZB_LO_833,France,44.86184639,4.928054205,1172787,2009,2021,10,13,0.574492879,0.322129695,-0.252363184,-2.351373,-4.627632,-6.629113,11.98484,-4.117168,0.002672974,0.038417,0.016771,Family,TRUE,FALSE,FALSE,TRUE
FRA_046_MZB_LO_834,France,44.83850982,4.864939676,1172787,2008,2021,11,14,0.611873991,0.336186078,-0.275687913,-3.651823,-1.815987,-3.496387,-9.136089,-6.222215,0.068172572,0.053559,0.018798,Family,TRUE,FALSE,FALSE,TRUE
FRA_046_MZB_LO_835,France,44.93779323,4.392851488,1172787,2008,2021,7,14,0.821216075,0.834345842,0.013129767,-0.253651,0.907382,-1.94228,-9.104026,-0.519271,-0.071586307,0.076557,0.013023,Family,TRUE,FALSE,FALSE,TRUE
FRA_046_MZB_LO_837,France,44.67105659,5.271273165,1172787,2008,2021,11,14,0.81048663,0.686868418,-0.123618213,-1.62425,-0.517924,-3.585257,-4.575369,-3.225455,0.001131819,0.007768,0.003571,Family,TRUE,FALSE,FALSE,TRUE
FRA_046_MZB_LO_839,France,44.56688312,5.505186134,1172787,2008,2021,10,14,0.750013396,0.678603674,-0.071409723,-3.594816,-3.312581,-4.852451,0.110245,-6.936266,-0.075689508,0.053564,0.013467,Family,TRUE,FALSE,FALSE,TRUE
FRA_046_MZB_LO_841,France,47.18829191,5.38624672,1172787,2008,2021,8,14,0.522598352,0.044562129,-0.478036223,-5.378131,-3.512461,-1.769248,-9.120696,-10.604506,0.049578644,0.123019,0.039868,Family,TRUE,FALSE,FALSE,TRUE
FRA_046_MZB_LO_844,France,43.74384795,6.501751776,1172787,2012,2021,8,10,0.772155491,0.644074858,-0.128080633,-0.316651,0.331869,-2.603119,-6.244937,0.310226,0.180572127,0.079519,0.025977,Family,TRUE,FALSE,FALSE,TRUE
FRA_046_MZB_LO_846,France,44.41398499,4.767548138,1172787,2010,2021,9,12,0.59788016,0.580679078,-0.017201082,-0.514266,-0.995328,-1.60688,-1.198391,-1.722757,-0.032902261,0.009845,0.005448,Family,TRUE,FALSE,FALSE,TRUE
FRA_046_MZB_LO_848,France,44.62961792,4.160021227,1172787,2008,2021,10,14,0.816280358,0.812447694,-0.003832664,-1.045706,-0.174474,0.004677,-7.135538,-1.950353,0.027209199,0.046471,0.008236,Family,TRUE,FALSE,FALSE,TRUE
FRA_046_MZB_LO_849,France,44.67182272,4.363348593,1172787,2008,2021,10,14,0.824662739,0.831038356,0.006375617,-0.30199,-0.672246,-1.534435,1.455222,0.653378,0.108683933,0.056438,0.018993,Family,TRUE,FALSE,FALSE,TRUE
FRA_046_MZB_LO_854,France,44.41419059,5.355535562,1172787,2008,2021,11,14,0.657847127,0.703430588,0.045583461,-0.370561,0.191536,0.896163,-2.782513,-0.538548,-0.078963773,0.008468,0.008232,Family,TRUE,FALSE,FALSE,TRUE
FRA_046_MZB_LO_855,France,44.37053102,5.152381988,1172787,2008,2021,11,14,0.619869082,0.658620333,0.038751251,1.195568,1.770921,1.858555,-3.190946,3.701455,-0.015275448,0.074038,0.016565,Family,TRUE,FALSE,FALSE,TRUE
FRA_046_MZB_LO_856,France,44.29181588,5.015342532,1172787,2008,2021,11,14,0.518817928,0.659148323,0.140330395,0.240785,0.742459,-0.019053,-4.695594,0.737423,-0.096105366,0.026361,0.00538,Family,TRUE,FALSE,FALSE,TRUE
FRA_046_MZB_LO_857,France,44.42317655,4.983934899,1172787,2009,2021,9,13,0.73576885,0.739633815,0.003864965,-1.072011,-0.052488,-0.737497,-5.772397,-2.534861,0.0594804,0.013716,0.003166,Family,TRUE,FALSE,FALSE,TRUE
FRA_046_MZB_LO_858,France,44.21538057,4.711418473,1172787,2008,2018,8,11,0.125590503,0.115238129,-0.010352373,2.138102,-7.984028,-6.720267,41.744312,4.499664,0.006659794,0.123387,0.032508,Family,TRUE,FALSE,FALSE,TRUE
FRA_046_MZB_LO_860,France,43.99512947,4.993328867,1172787,2008,2018,7,11,0.300538635,0.597553707,0.297015072,3.590613,2.085549,3.505412,8.678225,6.399688,-0.057178695,0.060741,0.024191,Family,TRUE,FALSE,FALSE,TRUE
FRA_046_MZB_LO_861,France,44.11111097,4.785814588,1172787,2008,2020,10,13,0.095401153,0.310158975,0.214757822,2.782527,5.625318,4.365234,-5.653783,5.421625,-0.068920813,0.100585,0.015469,Family,TRUE,FALSE,FALSE,TRUE
FRA_046_MZB_LO_862,France,44.33066739,3.878801414,1172787,2012,2021,7,10,0.886455267,0.815529127,-0.070926141,0.322195,-0.378977,-12.689132,3.421542,1.048755,-0.071727317,0.096559,0.008228,Family,TRUE,FALSE,FALSE,TRUE
FRA_046_MZB_LO_863,France,44.32403049,3.960898173,1172787,2008,2021,10,14,0.849062206,0.907767313,0.058705107,0.818016,1.444352,0.061366,-4.181331,1.316013,-0.05005892,0.044044,0.012758,Family,TRUE,FALSE,FALSE,TRUE
FRA_046_MZB_LO_867,France,44.22463687,4.263439259,1172787,2008,2019,7,12,0.54373994,0.499397456,-0.044342485,-0.162997,0.733695,-6.21058,-2.18461,-0.324672,0.057072022,0.059335,0.022176,Family,TRUE,FALSE,FALSE,TRUE
FRA_046_MZB_LO_868,France,44.18200539,4.465911072,1172787,2008,2021,9,14,0.641264916,0.44109943,-0.200165486,-2.981068,-2.201834,-10.128716,-7.965623,-5.518932,-0.003313594,0.077477,0.026411,Family,TRUE,FALSE,FALSE,TRUE
FRA_046_MZB_LO_870,France,44.11419995,4.690392741,1172787,2008,2020,9,13,0.335381886,0.179306241,-0.156075645,-2.11754,-1.645397,-3.27386,-3.525614,-4.76966,-0.003984939,0.101566,0.027593,Family,TRUE,FALSE,FALSE,TRUE
FRA_046_MZB_LO_872,France,44.06106316,5.081100123,1172787,2008,2021,12,14,0.204543498,0.310825521,0.106282022,1.866357,3.817467,2.222656,-6.566265,3.435827,0.004183198,0.043354,0.014307,Family,TRUE,FALSE,FALSE,TRUE
FRA_046_MZB_LO_873,France,44.03953285,5.011956478,1172787,2008,2021,11,14,0.059758765,0.386648921,0.326890156,4.807511,10.534685,6.308684,-15.382634,10.805514,-0.09022484,0.140267,0.041313,Family,TRUE,FALSE,FALSE,TRUE
FRA_046_MZB_LO_879,France,44.15705976,4.024280766,1172787,2011,2021,8,11,0.871482098,0.776396258,-0.09508584,0.775844,0.127031,-3.8661,3.802338,2.022491,0.068137029,0.061088,0.015246,Family,TRUE,FALSE,FALSE,TRUE
FRA_046_MZB_LO_880,France,44.15142508,4.08872807,1172787,2009,2021,10,13,0.191429378,0.46520702,0.273777642,4.466651,0.492126,0.97663,14.556394,9.598341,-0.043112887,0.099813,0.014977,Family,TRUE,FALSE,FALSE,TRUE
FRA_046_MZB_LO_882,France,44.17544961,3.75054294,1172787,2008,2020,8,13,0.862328583,0.775200478,-0.087128105,-1.312206,-1.594808,-5.027917,-0.913806,-2.992513,0.004747752,0.035216,0.008992,Family,TRUE,FALSE,FALSE,TRUE
FRA_046_MZB_LO_883,France,44.07509022,3.962214677,1172787,2008,2020,7,13,0.730095589,0.688433994,-0.041661595,-1.23392,1.348396,2.302433,-13.485286,-0.524114,-0.040739935,0.050432,0.00631,Family,TRUE,FALSE,FALSE,TRUE
FRA_046_MZB_LO_884,France,44.07290942,3.982777702,1172787,2010,2021,9,12,0.538047176,0.763044087,0.224996911,2.229148,1.408675,11.490776,4.848886,4.306898,-0.03187234,0.065473,0.016551,Family,TRUE,FALSE,FALSE,TRUE
FRA_046_MZB_LO_886,France,43.99202792,4.217290192,1172787,2008,2019,9,12,0.391238503,0.391450275,0.000211771,0.797774,3.140811,1.331794,-11.193311,2.085579,-0.098275297,0.069501,0.011983,Family,TRUE,FALSE,FALSE,TRUE
FRA_046_MZB_LO_887,France,43.94521622,4.281705407,1172787,2008,2020,7,13,0.436398199,0.719328957,0.282930759,0.480354,2.569627,5.236005,-8.93534,2.11025,-0.03514662,0.031281,0.000229,Family,TRUE,FALSE,FALSE,TRUE
FRA_046_MZB_LO_889,France,43.93176344,4.562848482,1172787,2008,2020,9,13,0.510468648,0.610151478,0.099682831,0.776862,1.982849,1.646767,-6.097992,0.723143,-0.064190656,0.048919,0.009809,Family,TRUE,FALSE,FALSE,TRUE
FRA_046_MZB_LO_890,France,43.9082525,4.620870843,1172787,2009,2021,8,13,0.21126913,0.572700151,0.36143102,0.734189,1.073234,7.165226,0.083009,0.802496,-0.014963649,0.096194,0.016491,Family,TRUE,FALSE,FALSE,TRUE
FRA_046_MZB_LO_894,France,45.44979839,7.013408309,1172787,2009,2022,10,14,0.717807074,0.679570593,-0.038236481,2.616358,1.127467,0.434053,7.06198,5.258953,0.08342044,0.041367,0.012455,Family,TRUE,FALSE,FALSE,TRUE
FRA_046_MZB_LO_896,France,45.45737024,6.747256316,1172787,2012,2022,8,11,0.765226852,0.752376578,-0.012850274,3.291686,2.78526,2.059206,0.587679,6.204928,0.015264719,0.047397,0.007297,Family,TRUE,FALSE,FALSE,TRUE
FRA_046_MZB_LO_897,France,45.4118373,6.708503426,1172787,2008,2022,12,15,0.384664704,0.593360486,0.208695781,3.431013,5.30056,0.822795,-6.148067,5.965516,-0.117878698,0.071851,0.023182,Family,TRUE,FALSE,FALSE,TRUE
FRA_046_MZB_LO_899,France,45.48174903,6.525846782,1172787,2008,2021,10,14,0.338361655,0.693149513,0.354787858,4.66338,3.837893,7.37115,4.875194,11.204887,-0.11263022,0.078055,0.023929,Family,TRUE,FALSE,FALSE,TRUE
FRA_046_MZB_LO_901,France,45.84533844,6.636684667,1172787,2012,2022,7,11,0.720203637,0.769177167,0.04897353,2.619745,0.183107,-1.119436,12.30419,5.915049,-0.002995853,0.062975,0.002637,Family,TRUE,FALSE,FALSE,TRUE
FRA_046_MZB_LO_902,France,45.82211525,6.53373966,1172787,2008,2022,10,15,0.290169823,0.70691728,0.416747457,4.481714,3.625147,3.497472,8.93679,8.063579,-0.088869477,0.058762,0.018999,Family,TRUE,FALSE,FALSE,TRUE
FRA_046_MZB_LO_905,France,45.28408097,6.812587182,1172787,2009,2022,10,14,0.708338943,0.717680109,0.009341166,2.149252,2.614625,1.971136,-4.433738,4.31435,0.039092945,0.064475,0.008022,Family,TRUE,FALSE,FALSE,TRUE
FRA_046_MZB_LO_906,France,45.19576521,6.629504954,1172787,2008,2022,11,15,0.354920833,0.391435781,0.036514947,0.676995,-0.676107,-1.429555,1.416795,1.700078,-0.033556349,0.05189,0.022482,Family,TRUE,FALSE,FALSE,TRUE
FRA_046_MZB_LO_907,France,45.1357677,6.419175782,1172787,2012,2022,8,11,0.779013052,0.703739717,-0.075273335,1.320666,1.017215,0.118001,2.854744,2.038597,0.048996467,0.017499,0.007238,Family,TRUE,FALSE,FALSE,TRUE
FRA_046_MZB_LO_908,France,45.27453332,6.354409241,1172787,2009,2022,7,14,0.287793643,0.666817402,0.379023759,0.964987,5.750059,11.052283,-11.69715,2.174518,-0.082648845,0.032141,0.017825,Family,TRUE,FALSE,FALSE,TRUE
FRA_046_MZB_LO_910,France,45.48970246,6.15104804,1172787,2008,2021,8,14,0.151508237,0.455841417,0.304333179,1.887169,4.087302,2.021453,-6.779521,4.0065,-0.070425275,0.037638,0.0153,Family,TRUE,FALSE,FALSE,TRUE
FRA_046_MZB_LO_911,France,45.38997777,6.079787852,1172787,2009,2022,9,14,0.609025774,0.791125907,0.182100133,2.85625,2.82167,5.612442,3.61415,6.569907,-0.019618919,0.022309,0.011573,Family,TRUE,FALSE,FALSE,TRUE
FRA_046_MZB_LO_912,France,45.23365591,5.977904915,1172787,2013,2022,8,10,0.734471938,0.774333751,0.039861813,0.285687,0.030274,0.074443,8.810878,0.920392,-0.027642621,0.014011,0.004005,Family,TRUE,FALSE,FALSE,TRUE
FRA_046_MZB_LO_914,France,44.72488052,6.255194468,1172787,2013,2022,7,10,0.729889892,0.740081481,0.010191589,-0.039092,1.773623,6.521123,2.026534,-0.416092,0.001383113,0.003904,0.007519,Family,TRUE,FALSE,FALSE,TRUE
FRA_046_MZB_LO_915,France,44.73535937,6.004022951,1172787,2011,2022,8,12,0.626224123,0.684079279,0.057855156,2.514268,1.655174,3.693293,-0.469365,7.044784,0.002653127,0.026327,0.00066,Family,TRUE,FALSE,FALSE,TRUE
FRA_046_MZB_LO_916,France,44.86827262,6.093493067,1172787,2012,2022,8,11,0.615850037,0.762585684,0.146735647,3.532954,4.724219,9.080806,-9.312543,8.683236,0.054866835,0.072098,0.028341,Family,TRUE,FALSE,FALSE,TRUE
FRA_046_MZB_LO_917,France,44.90076894,5.780938645,1172787,2008,2021,12,14,0.139149851,0.128166459,-0.010983391,-2.804156,-0.81276,-1.990952,-5.452029,-4.483937,-0.009077859,0.104908,0.034893,Family,TRUE,FALSE,FALSE,TRUE
FRA_046_MZB_LO_918,France,44.88174564,5.796925204,1172787,2009,2022,10,14,0.311530794,0.721209115,0.40967832,5.336671,5.30151,3.574987,4.963363,11.920917,-0.146290919,0.091254,0.039646,Family,TRUE,FALSE,FALSE,TRUE
FRA_046_MZB_LO_919,France,44.96754651,6.154849416,1172787,2009,2021,9,13,0.640876177,0.700996376,0.060120199,0.475655,-0.359425,6.047526,4.106916,1.043227,0.022721667,0.037774,0.007884,Family,TRUE,FALSE,FALSE,TRUE
FRA_046_MZB_LO_923,France,45.29339282,5.521914588,1172787,2008,2020,7,13,0.120820357,0.427732914,0.306912557,0.317433,5.022718,13.471254,-4.643732,1.034738,-0.079537648,0.129228,0.055157,Family,TRUE,FALSE,FALSE,TRUE
FRA_046_MZB_LO_925,France,45.08617862,5.522869954,1172787,2010,2021,8,12,0.563007597,0.602023381,0.039015784,0.114395,0.514455,-3.612581,0.965187,0.667052,-0.023768834,0.065989,0.017876,Family,TRUE,FALSE,FALSE,TRUE
FRA_046_MZB_LO_927,France,45.13193996,5.326594942,1172787,2008,2021,11,14,0.178820082,0.48298247,0.304162388,5.374586,6.014403,7.425707,1.159335,12.484814,-0.121569655,0.101665,0.043662,Family,TRUE,FALSE,FALSE,TRUE
FRA_046_MZB_LO_928,France,45.06522611,5.392573755,1172787,2010,2021,7,12,0.615418625,0.539251891,-0.076166734,0.498605,-0.457818,-2.722831,5.724808,1.875895,0.008952715,0.013179,0.016085,Family,TRUE,FALSE,FALSE,TRUE
FRA_046_MZB_LO_930,France,45.1933413,5.30519063,1172787,2008,2021,7,14,0.455741102,0.522982407,0.067241305,0.865812,-0.082094,-4.71313,4.430673,1.515341,-0.106360004,0.084431,0.020397,Family,TRUE,FALSE,FALSE,TRUE
FRA_046_MZB_LO_931,France,45.05014425,5.03421903,1172787,2008,2019,7,12,0.51888154,0.404269405,-0.114612135,-4.122548,-0.842357,-3.015479,-5.570626,-8.244837,-0.003034389,0.019178,0.019308,Family,TRUE,FALSE,FALSE,TRUE
FRA_046_MZB_LO_934,France,44.86167781,6.595721002,1172787,2011,2022,9,12,0.42004149,0.519002153,0.098960662,2.257642,1.987514,-2.709361,-1.585498,5.50262,-0.078581009,0.064656,0.026271,Family,TRUE,FALSE,FALSE,TRUE
FRA_046_MZB_LO_935,France,44.68183167,6.697760136,1172787,2008,2020,9,13,0.552104466,0.711824202,0.159719736,1.377586,2.592245,2.371482,-1.623578,3.054031,-0.048659062,0.019149,0.014283,Family,TRUE,FALSE,FALSE,TRUE
FRA_046_MZB_LO_936,France,44.65787914,6.631600261,1172787,2008,2022,11,15,0.498343655,0.637932437,0.139588783,-1.067259,0.976846,0.19751,-4.094499,-1.431872,-0.029211605,0.055483,0.019074,Family,TRUE,FALSE,FALSE,TRUE
FRA_046_MZB_LO_937,France,44.66646918,6.616987245,1172787,2009,2021,7,13,0.731919746,0.739808154,0.007888408,-2.84536,3.423269,2.571653,-22.061919,-6.251126,-0.054447939,0.023188,0.002123,Family,TRUE,FALSE,FALSE,TRUE
FRA_046_MZB_LO_938,France,43.18475267,2.343709862,1171081,2009,2020,7,12,0.520976372,0.548940864,0.027964492,0.716299,0.566533,5.26801,-0.192658,2.164914,0.042738633,0.017076,0.004169,Family,TRUE,FALSE,FALSE,TRUE
FRA_046_MZB_LO_941,France,44.4249319,6.441961549,1172787,2013,2022,7,10,0.413777138,0.551367309,0.137590171,3.588068,4.733737,1.813892,-3.387579,10.898881,-0.067317547,0.037918,0.000203,Family,TRUE,FALSE,FALSE,TRUE
FRA_046_MZB_LO_943,France,44.43975896,6.030895033,1172787,2008,2021,8,14,0.510479534,0.300167301,-0.210312233,-2.613097,-2.475009,-1.132209,1.312103,-5.216818,-0.057330905,0.042974,0.015575,Family,TRUE,FALSE,FALSE,TRUE
FRA_046_MZB_LO_944,France,44.55683736,6.121404855,1172787,2008,2020,8,13,0.201889366,0.459605059,0.257715693,2.536004,10.157385,15.557044,-15.477333,4.994184,-0.051494925,0.040367,0.003064,Family,TRUE,FALSE,FALSE,TRUE
FRA_046_MZB_LO_945,France,44.27596683,6.015683522,1172787,2011,2021,9,11,0.58074446,0.719814012,0.139069553,-4.21647,0.975713,2.525409,-12.360585,-8.584259,0.018123129,0.089768,0.011927,Family,TRUE,FALSE,FALSE,TRUE
FRA_046_MZB_LO_947,France,44.47932327,6.081965184,1172787,2009,2021,11,13,0.345798159,0.397789288,0.051991129,-0.139084,4.126658,1.365255,-16.750564,0.621422,-0.060327995,0.053897,0.005886,Family,TRUE,FALSE,FALSE,TRUE
FRA_046_MZB_LO_949,France,44.57093409,5.980673781,1172787,2008,2022,9,15,0.744166532,0.719990589,-0.024175943,-0.559448,0.292428,-0.643237,-6.298221,-0.788485,-0.007217232,0.013529,0.002628,Family,TRUE,FALSE,FALSE,TRUE
FRA_046_MZB_LO_950,France,44.44283221,5.713659263,1172787,2009,2021,10,13,0.703016682,0.656996569,-0.046020113,-0.800115,-1.06604,-0.284089,1.871661,-0.692197,-0.010501407,0.058092,0.007032,Family,TRUE,FALSE,FALSE,TRUE
FRA_046_MZB_LO_951,France,44.27026762,5.809730806,1172787,2008,2020,7,13,0.682335312,0.733296839,0.050961527,0.517911,-0.323601,2.385055,4.033779,0.842776,-0.048937524,0.045107,0.011384,Family,TRUE,FALSE,FALSE,TRUE
FRA_046_MZB_LO_953,France,44.04037836,6.141926485,1172787,2008,2021,10,14,0.413637662,0.518078925,0.104441263,-0.801319,1.372155,0.978259,-9.284704,-1.934998,-0.076945841,0.055053,0.01629,Family,TRUE,FALSE,FALSE,TRUE
FRA_046_MZB_LO_958,France,43.96137194,6.513831794,1172787,2009,2021,10,13,0.711021223,0.668856117,-0.042165105,0.426166,-0.297608,0.840466,-0.172589,1.657173,0.023303072,0.01136,0.008507,Family,TRUE,FALSE,FALSE,TRUE
FRA_046_MZB_LO_959,France,44.1738957,6.617793221,1172787,2013,2022,7,10,0.586183479,0.609348006,0.023164527,-1.237867,-2.352273,2.936051,9.110688,-0.883826,-0.07336715,0.073752,0.013967,Family,TRUE,FALSE,FALSE,TRUE
FRA_046_MZB_LO_960,France,43.80543722,6.441099512,1172787,2008,2021,7,14,0.607213286,0.535987142,-0.071226143,-1.287875,-1.149709,-2.511751,1.877188,-1.628817,-0.030838919,0.048046,0.017656,Family,TRUE,FALSE,FALSE,TRUE
FRA_046_MZB_LO_961,France,43.77179099,5.953797693,1172787,2009,2021,10,13,0.394531182,0.46748344,0.072952258,-1.395103,2.596698,4.412239,-12.664082,-1.757844,0.02319005,0.025354,0.01369,Family,TRUE,FALSE,FALSE,TRUE
FRA_046_MZB_LO_962,France,43.7293798,5.824493498,1172787,2008,2021,9,14,0.452644352,0.593049599,0.140405248,-2.231567,-0.43116,0.694381,-2.157645,-3.292032,-0.063959169,0.06688,0.015469,Family,TRUE,FALSE,FALSE,TRUE
FRA_046_MZB_LO_964,France,43.64089945,5.618047763,1172787,2008,2021,10,14,0.366349185,0.301607853,-0.064741332,-2.669846,2.762112,3.380521,-14.765401,-5.318051,0.039046688,0.030939,0.010924,Family,TRUE,FALSE,FALSE,TRUE
FRA_046_MZB_LO_968,France,43.85816665,5.161656829,1172787,2008,2021,10,14,0.569281198,0.42282245,-0.146458748,-1.134534,0.665059,-0.80144,-5.913153,-2.256749,-0.01635152,0.06549,0.015461,Family,TRUE,FALSE,FALSE,TRUE
FRA_046_MZB_LO_969,France,43.7008834,5.511240576,1172787,2008,2021,8,14,0.255952913,0.468807918,0.212855005,5.18445,2.027384,2.944507,16.357997,10.492881,-0.125652252,0.045337,0.016544,Family,TRUE,FALSE,FALSE,TRUE
FRA_046_MZB_LO_970,France,43.8585416,5.003355135,1172787,2009,2020,7,12,0.306418168,0.815210012,0.508791845,3.383437,0.940014,7.493183,11.688093,7.45063,-0.066274512,0.08745,0.014897,Family,TRUE,FALSE,FALSE,TRUE
FRA_046_MZB_LO_972,France,42.42951389,1.940919571,1172636,2008,2021,11,14,0.710750713,0.79906822,0.088317508,-0.032072,0.96554,1.474096,-3.794944,0.247434,0.023045081,0.063033,0.009051,Family,TRUE,FALSE,FALSE,TRUE
FRA_046_MZB_LO_973,France,42.4692523,2.607180759,1165482,2008,2021,12,14,0.846160557,0.877366518,0.031205961,-1.020057,-0.190401,1.003594,-3.961433,-2.321448,-0.033044598,0.047643,0.010001,Family,TRUE,FALSE,FALSE,TRUE
FRA_046_MZB_LO_976,France,42.5790712,3.012918661,1165482,2008,2019,8,12,0.268134036,0.443552128,0.175418093,1.321958,0.017262,4.399479,6.119985,0.617222,0.063161007,0.065117,0.00758,Family,TRUE,FALSE,FALSE,TRUE
FRA_046_MZB_LO_977,France,42.63779581,2.991939013,1172786,2008,2021,10,14,0.203943945,0.232186459,0.028242514,-1.032795,0.87648,5.990732,-4.273348,-1.192585,0.059190078,0.050905,0.016872,Family,TRUE,FALSE,FALSE,TRUE
FRA_046_MZB_LO_978,France,42.66703646,2.963865733,1172786,2008,2021,10,14,0.137092302,0.232746895,0.095654592,1.620098,3.383966,1.902951,-4.658287,2.791366,-0.01187415,0.047852,0.03064,Family,TRUE,FALSE,FALSE,TRUE
FRA_046_MZB_LO_979,France,42.50378103,2.149167399,1171659,2008,2021,12,14,0.675306137,0.747395192,0.072089055,-0.79891,1.147775,3.926898,-5.720513,-2.205581,-0.044606731,0.044799,0.012465,Family,TRUE,FALSE,FALSE,TRUE
FRA_046_MZB_LO_980,France,42.49441515,2.354497491,1171659,2008,2021,12,14,0.852575175,0.882478605,0.02990343,-0.375027,-0.479939,0.482826,4.007486,-1.184138,0.011554538,0.043959,0.004876,Family,TRUE,FALSE,FALSE,TRUE
FRA_046_MZB_LO_982,France,42.71081678,3.023408615,1171659,2009,2021,12,13,0.253644979,0.392187893,0.138542913,0.726314,-0.00099,3.312398,7.424423,-0.068647,-0.036993416,0.063261,0.018087,Family,TRUE,FALSE,FALSE,TRUE
FRA_046_MZB_LO_983,France,42.86125925,2.43718566,1173398,2012,2021,7,10,0.941028976,0.958461716,0.01743274,0.577971,-0.511316,-1.617983,7.395438,1.207528,-0.046471412,0.089161,0.018932,Family,TRUE,FALSE,FALSE,TRUE
FRA_046_MZB_LO_984,France,42.7276059,2.303335051,1173398,2012,2021,7,10,0.836076659,0.874414873,0.038338214,-0.835062,-0.341857,2.032828,-4.728061,-0.679748,0.071872049,0.013522,0.009236,Family,TRUE,FALSE,FALSE,TRUE
FRA_046_MZB_LO_985,France,42.75748076,2.516367839,1173398,2009,2021,10,13,0.696008442,0.739568222,0.043559781,-1.231712,1.313339,1.951014,-10.5249,-1.957643,-0.015124409,0.055524,0.005146,Family,TRUE,FALSE,FALSE,TRUE
FRA_046_MZB_LO_986,France,42.80044148,2.641758916,1173398,2008,2021,9,14,0.577804108,0.604163168,0.02635906,-2.17919,0.573041,-2.068312,-9.035406,-4.279187,0.067698236,0.042167,0.000542,Family,TRUE,FALSE,FALSE,TRUE
FRA_046_MZB_LO_987,France,42.94680935,2.659976481,1173398,2011,2021,7,11,0.659355576,0.737250727,0.077895151,1.987557,1.940997,2.786869,5.584274,3.633781,-0.026903896,0.008783,0.00561,Family,TRUE,FALSE,FALSE,TRUE
FRA_046_MZB_LO_988,France,42.79818445,2.720334572,1173398,2009,2021,10,13,0.753674749,0.742356011,-0.011318738,-0.608607,0.491368,1.427525,-7.514278,-1.328051,-0.019735388,0.035215,0.003845,Family,TRUE,FALSE,FALSE,TRUE
FRA_046_MZB_LO_990,France,42.75104271,2.972219655,1173676,2008,2019,7,12,0.149364698,0.020505722,-0.128858976,-9.849772,0.500367,0.614395,-37.899827,-17.268437,0.169941616,0.105879,0.005581,Family,TRUE,FALSE,FALSE,TRUE
FRA_046_MZB_LO_992,France,43.04984359,2.899611997,1173399,2008,2021,10,14,0.607226393,0.612606252,0.005379858,-0.027318,-0.669256,-0.313398,0.692192,-0.06197,0.009649365,0.019173,0.006143,Family,TRUE,FALSE,FALSE,TRUE
FRA_046_MZB_LO_993,France,42.7089999,2.140864927,1171081,2008,2021,12,14,0.812639161,0.880523228,0.067884067,-0.83769,0.871657,3.455034,-7.236243,-1.440092,-0.06841612,0.04223,0.007309,Family,TRUE,FALSE,FALSE,TRUE
FRA_046_MZB_LO_996,France,42.96873537,2.259251959,1171081,2008,2021,12,14,0.602296898,0.772837827,0.170540929,1.355231,2.861501,1.748823,-4.595357,2.497515,-0.100394677,0.039035,0.010122,Family,TRUE,FALSE,FALSE,TRUE
FRA_046_MZB_LO_997,France,43.11027402,2.181826824,1171081,2008,2021,8,14,0.477878661,0.605653058,0.127774397,-2.023185,2.927595,5.644519,-16.757556,-4.628341,-0.058460168,0.071299,0.019302,Family,TRUE,FALSE,FALSE,TRUE
FRA_046_MZB_LO_998,France,42.93839195,2.280521408,1171081,2008,2021,8,14,0.743282634,0.824857917,0.081575283,-0.590141,1.480245,4.89922,-8.977862,-1.533426,-0.033136923,0.015977,0.00561,Family,TRUE,FALSE,FALSE,TRUE
FRA_046_MZB_LO_999,France,43.11692146,2.284255557,1171081,2008,2021,12,14,0.295314602,0.715704254,0.420389652,1.153204,5.432125,12.437225,-13.72444,2.535104,-0.078396533,0.090085,0.026429,Family,TRUE,FALSE,FALSE,TRUE
FRA_046_MZB_LO_1004,France,43.25545253,2.179879315,1171081,2008,2021,7,14,0.523909971,0.430283153,-0.093626818,-2.537311,-1.789492,-4.614197,-2.602871,-5.516653,0.045419996,0.073525,0.006139,Family,TRUE,FALSE,FALSE,TRUE
FRA_046_MZB_LO_1006,France,43.24602156,2.39158284,1171081,2009,2018,7,10,0.322009062,0.188270833,-0.133738229,-3.182829,-1.680372,-0.312022,-7.365497,-2.383108,0.039133834,0.022839,0.009194,Family,TRUE,FALSE,FALSE,TRUE
FRA_046_MZB_LO_1008,France,43.44705037,2.91200774,1171339,2011,2020,7,10,0.593765735,0.709532857,0.115767122,1.136877,2.615434,7.091246,-5.468159,2.930143,-0.036200731,0.10285,0.023499,Family,TRUE,FALSE,FALSE,TRUE
FRA_046_MZB_LO_1009,France,43.34763077,3.165684004,1171339,2009,2020,8,12,0.321849396,0.351501896,0.0296525,-1.171531,3.192065,4.158406,-16.870793,-1.988992,0.104590962,0.039416,0.0123,Family,TRUE,FALSE,FALSE,TRUE
FRA_046_MZB_LO_1010,France,43.89530031,4.006691246,1172849,2008,2019,9,12,0.686070423,0.630743886,-0.055326537,-0.908751,0.595236,-0.876788,-8.14201,-1.81558,-0.102982335,0.060427,0.000104,Family,TRUE,FALSE,FALSE,TRUE
FRA_046_MZB_LO_1011,France,43.88681952,4.036793587,1172849,2008,2020,8,13,0.560842254,0.595125391,0.034283137,0.992616,1.653829,-1.121314,-2.524017,2.859612,0.089043613,0.022728,0.001123,Family,TRUE,FALSE,FALSE,TRUE
FRA_046_MZB_LO_1012,France,43.25198147,2.157837559,1171081,2008,2021,8,14,0.434004268,0.498338473,0.064334205,-1.204659,-1.194713,-1.930462,-1.181711,-3.404566,0.095689426,0.078417,0.011192,Family,TRUE,FALSE,FALSE,TRUE
FRA_046_MZB_LO_1013,France,43.25432219,2.115293089,1171081,2008,2021,10,14,0.350976493,0.264793822,-0.086182672,-1.052764,-0.550402,7.310555,2.071232,-1.520167,-0.03319752,0.075465,0.025762,Family,TRUE,FALSE,FALSE,TRUE
FRA_046_MZB_LO_1014,France,43.36830578,1.900405761,1171081,2008,2021,7,14,0.510170368,0.25323591,-0.256934458,-4.042263,-3.740454,-1.550963,-1.591782,-8.6364,-0.068314784,0.090361,0.022061,Family,TRUE,FALSE,FALSE,TRUE
FRA_046_MZB_LO_1018,France,43.2409192,2.430838147,1171081,2008,2018,9,11,0.512789395,0.55882251,0.046033115,5.199934,2.451944,1.325089,9.806469,10.376399,0.013954768,0.065883,0.017212,Family,TRUE,FALSE,FALSE,TRUE
FRA_046_MZB_LO_1020,France,43.26382266,2.629637629,1171081,2008,2020,7,13,0.648776763,0.694444541,0.045667778,0.120984,0.737521,2.994109,-5.602605,0.143126,-0.097229771,0.011762,0.007659,Family,TRUE,FALSE,FALSE,TRUE
FRA_046_MZB_LO_1021,France,43.00445914,2.521181,1171081,2011,2020,7,10,0.96154379,0.797465791,-0.164077999,-0.958914,-2.563973,-7.701481,7.861146,-1.976419,0.079913789,0.05699,0.025973,Family,TRUE,FALSE,FALSE,TRUE
FRA_046_MZB_LO_1023,France,43.10533883,2.626441652,1171081,2008,2021,8,14,0.566872032,0.584747995,0.017875962,-0.337497,-0.03668,-0.377791,-2.885472,-0.154722,-0.001262797,0.013009,0.000971,Family,TRUE,FALSE,FALSE,TRUE
FRA_046_MZB_LO_1024,France,43.25466195,2.938539349,1171081,2008,2021,8,14,0.41960526,0.634842604,0.215237345,1.158545,-0.157787,1.605412,4.89031,1.504769,-0.016483317,0.037722,0.007736,Family,TRUE,FALSE,FALSE,TRUE
FRA_046_MZB_LO_1026,France,43.00121986,2.964404786,1173399,2008,2020,10,13,0.227081591,0.390995687,0.163914096,14.322531,14.859562,12.615913,-0.585989,31.020044,-0.096417094,0.158711,0.067872,Family,TRUE,FALSE,FALSE,TRUE
FRA_046_MZB_LO_1029,France,43.27475416,2.734201057,1171081,2008,2020,7,13,0.210961452,0.326412531,0.115451079,7.681383,6.164043,9.103427,3.236842,16.171677,0.037884061,0.047408,0.008784,Family,TRUE,FALSE,FALSE,TRUE
FRA_046_MZB_LO_1030,France,43.97076904,3.598156494,1173197,2010,2021,10,12,0.67677974,0.758979586,0.082199846,0.638304,1.580559,4.80869,-3.847875,1.954658,-0.033586743,0.055219,0.004224,Family,TRUE,FALSE,FALSE,TRUE
FRA_046_MZB_LO_1031,France,43.99720479,3.675047677,1173197,2008,2021,10,14,0.648986542,0.542252452,-0.10673409,-2.136874,-1.304469,-3.16216,-8.689847,-4.140095,-0.023813668,0.06187,0.014729,Family,TRUE,FALSE,FALSE,TRUE
FRA_046_MZB_LO_1032,France,44.08732386,3.604576261,1173197,2008,2020,9,13,0.92963851,0.791769954,-0.137868556,-3.379828,-1.232138,-3.703818,-10.855734,-6.762379,-0.105706498,0.034626,0.011767,Family,TRUE,FALSE,FALSE,TRUE
FRA_046_MZB_LO_1033,France,43.89796761,3.490172551,1173197,2008,2021,7,14,0.728993935,0.848202271,0.119208336,0.05809,-0.070766,-0.53701,1.756091,-0.057745,-0.076306533,0.033289,0.013326,Family,TRUE,FALSE,FALSE,TRUE
FRA_046_MZB_LO_1034,France,43.82319827,3.798373003,1173197,2011,2020,7,10,0.429554926,0.447755794,0.018200868,-0.92546,0.479551,1.315142,-5.181036,-1.713403,0.053774161,0.079936,0.000295,Family,TRUE,FALSE,FALSE,TRUE
FRA_046_MZB_LO_1035,France,43.84406402,3.700718669,1173197,2008,2020,10,13,0.732467185,0.745474333,0.013007148,-1.545463,0.637153,0.664524,-11.169266,-3.208424,-0.028625498,0.045939,0.001661,Family,TRUE,FALSE,FALSE,TRUE
FRA_046_MZB_LO_1036,France,43.81414711,3.601787428,1173197,2008,2018,7,11,0.794058111,0.716192055,-0.077866056,-1.30787,0.866231,-2.937858,-11.441263,-2.938038,-0.075317451,0.052268,0.011479,Family,TRUE,FALSE,FALSE,TRUE
FRA_046_MZB_LO_1039,France,43.39800126,3.414061961,1173197,2008,2021,9,14,0.3700515,0.289306811,-0.080744689,0.573484,2.275933,-0.05244,-5.814092,2.291243,0.030840679,0.035848,0.00243,Family,TRUE,FALSE,FALSE,TRUE
FRA_046_MZB_LO_1040,France,43.38405324,3.446648719,1173197,2009,2021,8,13,0.52919482,0.64942886,0.12023404,0.811728,1.280928,4.168525,-3.938006,0.912792,-0.198894098,0.095802,0.01418,Family,TRUE,FALSE,FALSE,TRUE
FRA_046_MZB_LO_1041,France,43.72300688,3.130887454,1171339,2008,2021,7,14,0.674928493,0.781487018,0.106558524,0.414401,2.002788,4.53617,-4.532248,1.191868,-0.085448896,0.093586,0.031187,Family,TRUE,FALSE,FALSE,TRUE
FRA_046_MZB_LO_1042,France,43.59445349,3.122163642,1171339,2008,2021,9,14,0.819701442,0.798369371,-0.021332071,-1.15668,-0.744993,-1.025714,-0.554003,-1.883669,-0.083206885,0.037195,0.012801,Family,TRUE,FALSE,FALSE,TRUE
FRA_046_MZB_LO_1043,France,43.57701835,3.068476485,1171339,2008,2021,8,14,0.611245083,0.79313814,0.181893057,-0.029976,-0.54372,-4.378184,2.867754,-0.007865,-0.095401164,0.060687,0.020198,Family,TRUE,FALSE,FALSE,TRUE
FRA_046_MZB_LO_1044,France,43.560449,2.912019551,1171339,2008,2021,10,14,0.735433506,0.787185212,0.051751706,0.064316,-0.357095,-0.776911,0.110209,0.772947,-0.065736337,0.051305,0.018674,Family,TRUE,FALSE,FALSE,TRUE
FRA_046_MZB_LO_1046,France,43.31217083,3.253011588,1171339,2009,2021,9,13,0.321298396,0.527247406,0.20594901,1.856172,4.627431,8.119616,-9.382928,4.504622,0.090804481,0.001285,0.000653,Family,TRUE,FALSE,FALSE,TRUE
FRA_046_MZB_LO_1047,France,43.31140814,3.401084022,1170052,2009,2020,8,12,0.278244585,0.230375021,-0.047869565,-0.610661,0.661246,-5.48485,-5.806085,-1.195175,0.087772232,0.018616,0.007643,Family,TRUE,FALSE,FALSE,TRUE
FRA_046_MZB_LO_1048,France,43.69716792,3.855045603,1172929,2008,2021,7,14,0.477034265,0.370382935,-0.10665133,-1.531413,2.001907,5.973777,-12.333098,-2.806403,0.049328305,0.028653,0.006224,Family,TRUE,FALSE,FALSE,TRUE
FRA_046_MZB_LO_1049,France,43.43477533,3.607635283,1173201,2009,2020,7,12,0.08516131,0.021925679,-0.063235631,-6.036556,-2.00606,-0.737984,-15.967434,-9.417521,-0.028387335,0.06131,0.035802,Family,TRUE,FALSE,FALSE,TRUE
FRA_046_MZB_LO_1050,France,43.57052193,3.897772699,1172929,2009,2021,8,13,0.275669131,0.410564627,0.134895496,2.545417,4.926938,11.29478,-8.153244,4.793687,-0.014702575,0.0129,0.028305,Family,TRUE,FALSE,FALSE,TRUE
FRA_046_MZB_LO_1051,France,43.5450566,3.860128905,1172623,2010,2020,8,11,0.158640445,0.450851339,0.292210894,0.617727,3.269342,7.508861,-3.119932,1.179771,-0.083136161,0.06752,0.029272,Family,TRUE,FALSE,FALSE,TRUE
FRA_046_MZB_LO_1052,France,43.55544236,3.799809903,1172623,2008,2021,12,14,0.172929914,0.24060486,0.067674946,3.664958,2.495736,1.420992,1.757666,9.403429,0.108722468,0.022028,0.007395,Family,TRUE,FALSE,FALSE,TRUE
FRA_046_MZB_LO_1053,France,43.64512012,4.121372282,1172849,2009,2021,10,13,0.09525014,0.092265928,-0.002984212,-1.671695,4.20992,11.5801,-14.0028,-4.561286,0.023870939,0.082738,0.021837,Family,TRUE,FALSE,FALSE,TRUE
FRA_046_MZB_LO_1054,France,43.61066419,4.046478879,1172849,2008,2021,10,14,0.074959889,0.117136114,0.042176224,-2.386655,2.790316,2.453671,-13.529904,-6.022518,0.077049232,0.004278,0.009043,Family,TRUE,FALSE,FALSE,TRUE
FRA_046_MZB_LO_1055,France,43.63781553,4.061062065,1172849,2008,2019,9,12,0.285698764,0.214090306,-0.071608458,1.734905,1.277026,-3.408436,2.461305,3.255169,0.029879877,0.104375,0.028407,Family,TRUE,FALSE,FALSE,TRUE
FRA_046_MZB_LO_1056,France,43.63663129,4.075350616,1172849,2008,2021,12,14,0.047043527,0.020751119,-0.026292408,-2.48076,3.557177,2.947939,-13.708351,-5.111629,-0.09824776,0.084844,0.035784,Family,TRUE,FALSE,FALSE,TRUE
FRA_046_MZB_LO_1057,France,43.63912636,4.190816711,1172849,2009,2021,9,13,0.522490452,0.431525389,-0.090965063,0.134361,-0.09447,-0.659449,-0.273902,-0.999569,-0.053821234,0.054867,0.008092,Family,TRUE,FALSE,FALSE,TRUE
FRA_046_MZB_LO_1058,France,43.80175951,4.37398714,1172849,2008,2020,7,13,0.251784172,0.110285045,-0.141499127,3.17222,-0.191616,3.324966,13.506219,5.082719,-0.008239754,0.136397,0.041249,Family,TRUE,FALSE,FALSE,TRUE
FRA_046_MZB_LO_1059,France,43.76253683,4.305963748,1172849,2008,2020,7,13,0.165956294,0.370902505,0.20494621,7.63948,7.66928,10.901817,1.660351,15.923519,0.084612233,0.08764,0.021774,Family,TRUE,FALSE,FALSE,TRUE
FRA_046_MZB_LO_1060,France,43.60716143,4.213695154,1172849,2009,2021,9,13,0.264796896,0.148895729,-0.115901167,-1.091857,4.705378,9.604698,-13.343316,-3.419516,-0.101119709,0.074277,0.036105,Family,TRUE,FALSE,FALSE,TRUE
FRA_046_MZB_LO_1061,France,43.47916791,5.422741517,1172924,2008,2021,11,14,0.184415188,0.219211428,0.034796239,0.188122,0.424601,-2.470612,-0.576183,1.932412,-0.091676328,0.056268,0.013573,Family,TRUE,FALSE,FALSE,TRUE
FRA_046_MZB_LO_1062,France,43.47191087,5.617187312,1172924,2008,2021,10,14,0.148576303,0.304963288,0.156386986,2.227929,4.09163,5.70787,-3.274539,5.402686,-0.05536195,0.058955,0.025161,Family,TRUE,FALSE,FALSE,TRUE
FRA_046_MZB_LO_1063,France,43.50572889,5.347920012,1172924,2008,2021,10,14,0.232330493,0.288281538,0.055951046,-1.170462,-0.639026,-0.57417,-2.64539,-0.891442,0.005204593,0.046031,0.009605,Family,TRUE,FALSE,FALSE,TRUE
FRA_046_MZB_LO_1064,France,43.92590375,3.662262718,1173197,2010,2021,10,12,0.672528513,0.68004357,0.007515057,-1.96215,-1.785096,-1.05661,-1.164801,-3.999807,-0.036235248,0.068525,0.020139,Family,TRUE,FALSE,FALSE,TRUE
FRA_046_MZB_LO_1066,France,43.58329535,5.367290648,1172924,2009,2021,11,13,0.20836099,0.24462382,0.03626283,3.442916,1.060632,-1.890054,6.79562,7.970208,0.002174304,0.060807,0.013004,Family,TRUE,FALSE,FALSE,TRUE
FRA_046_MZB_LO_1067,France,43.6874939,4.879266766,1172787,2008,2021,9,14,0.427205374,0.475738897,0.048533523,-1.624549,1.296646,1.532058,-7.924632,-2.925941,0.057332866,0.052337,0.015417,Family,TRUE,FALSE,FALSE,TRUE
FRA_046_MZB_LO_1069,France,43.41089388,5.21216468,1172924,2010,2021,10,12,0.350553887,0.271306708,-0.079247179,-0.926465,-0.981959,-6.108733,-0.387215,-1.841297,-0.015685649,0.078029,0.018366,Family,TRUE,FALSE,FALSE,TRUE
FRA_046_MZB_LO_1070,France,43.41134164,5.201676112,1172924,2008,2020,7,13,0.297765722,0.224266654,-0.073499068,-1.693784,-3.687392,-9.085868,3.816877,-3.321315,0.015729992,0.003661,0.005268,Family,TRUE,FALSE,FALSE,TRUE
FRA_046_MZB_LO_1071,France,43.27508405,5.409427627,1167908,2008,2020,7,13,0.224819741,0.139837633,-0.084982108,-1.990644,0.928549,-4.951305,-11.747088,-4.763219,-0.029116069,0.082847,0.019614,Family,TRUE,FALSE,FALSE,TRUE
FRA_046_MZB_LO_1073,France,43.13075042,6.165392987,1167593,2008,2021,11,14,0.361446795,0.537578453,0.176131658,-1.077108,1.713683,-0.535989,-8.805705,-2.480633,-0.081918061,0.055579,0.01327,Family,TRUE,FALSE,FALSE,TRUE
FRA_046_MZB_LO_1074,France,43.51093403,6.011293444,1173410,2011,2020,7,10,0.514567836,0.480907647,-0.033660189,-2.982424,2.431617,15.623979,-18.13858,-4.667991,0.135214462,0.065733,0.024772,Family,TRUE,FALSE,FALSE,TRUE
FRA_046_MZB_LO_1075,France,43.51113502,6.017019307,1173410,2009,2020,8,12,0.414288247,0.581637507,0.16734926,1.481241,1.600517,1.951206,-4.093299,2.772386,-0.004946232,0.069871,0.023427,Family,TRUE,FALSE,FALSE,TRUE
FRA_046_MZB_LO_1076,France,43.43695791,6.170140142,1173410,2008,2020,9,13,0.453137331,0.560138136,0.107000805,-0.792349,1.254329,9.760291,-6.760635,-0.688291,-0.007724155,0.062721,0.019645,Family,TRUE,FALSE,FALSE,TRUE
FRA_046_MZB_LO_1077,France,43.34150053,6.129410605,1173410,2008,2021,10,14,0.207478775,0.453722743,0.246243968,1.10786,3.349307,4.793187,-7.735616,2.576188,-0.033511542,0.068035,0.017077,Family,TRUE,FALSE,FALSE,TRUE
FRA_046_MZB_LO_1078,France,43.53706205,6.251814972,1173410,2008,2020,7,13,0.497403853,0.635145692,0.137741838,-0.403934,0.292037,3.406307,-3.177287,0.272823,-0.080107106,0.00067,0.000565,Family,TRUE,FALSE,FALSE,TRUE
FRA_046_MZB_LO_1079,France,43.40988985,6.474744048,1173410,2008,2021,7,14,0.433363692,0.590272502,0.15690881,1.52697,0.171447,0.737393,3.524021,3.727528,-0.076785498,0.003274,0.003788,Family,TRUE,FALSE,FALSE,TRUE
FRA_046_MZB_LO_1080,France,43.49072734,6.512029166,1173410,2008,2020,8,13,0.164797934,0.317169736,0.152371802,0.834713,0.934081,-3.604587,-0.292732,1.407455,-0.051760751,0.056482,0.013967,Family,TRUE,FALSE,FALSE,TRUE
FRA_046_MZB_LO_1081,France,43.44991609,6.640949503,1173410,2008,2021,9,14,0.448647865,0.485595341,0.036947476,-1.828493,0.011427,-1.120855,-7.764297,-3.438492,0.070804145,0.143018,0.04203,Family,TRUE,FALSE,FALSE,TRUE
FRA_046_MZB_LO_1082,France,43.25449978,6.552417257,1170643,2008,2021,10,14,0.363013117,0.180411449,-0.182601669,-1.424117,1.861924,-2.783246,-12.004124,-4.151037,0.009871367,0.048892,0.012054,Family,TRUE,FALSE,FALSE,TRUE
FRA_046_MZB_LO_1083,France,43.59325675,6.930050738,1171515,2008,2021,10,14,0.310541389,0.281754408,-0.028786981,-1.937519,-1.064168,0.529907,-3.538788,-3.312897,-0.073315626,0.052187,0.004874,Family,TRUE,FALSE,FALSE,TRUE
FRA_046_MZB_LO_1084,France,43.62147769,7.100958237,1169064,2008,2021,9,14,0.243247111,0.447162794,0.203915683,1.172085,4.518665,6.184772,-13.555936,3.205466,0.003640356,0.073945,0.02284,Family,TRUE,FALSE,FALSE,TRUE
FRA_046_MZB_LO_1086,France,44.03464873,7.294819372,1164273,2008,2020,7,13,0.556011255,0.645807631,0.089796376,1.629494,2.668491,7.19018,-4.823324,3.174254,0.049045874,0.075275,0.026462,Family,TRUE,FALSE,FALSE,TRUE
FRA_046_MZB_LO_1088,France,43.84684908,7.146495259,1164273,2009,2020,7,12,0.907546605,0.859335525,-0.04821108,-1.699646,-1.161399,-1.622025,-3.291151,-3.749504,0.042630077,0.069864,0.007197,Family,TRUE,FALSE,FALSE,TRUE
FRA_046_MZB_LO_1090,France,42.46854641,9.107636785,1293951,2008,2018,7,11,0.770603578,0.735575857,-0.035027721,1.536345,-0.940841,-3.389526,8.31803,3.610529,0.026570585,0.015016,0.01134,Family,TRUE,FALSE,FALSE,TRUE
FRA_046_MZB_LO_1091,France,42.4340634,9.222565981,1293951,2009,2021,7,13,0.836745121,0.732434013,-0.104311108,2.03618,-0.506652,-0.713547,17.479022,4.949961,0.144990346,0.110099,0.022767,Family,TRUE,FALSE,FALSE,TRUE
FRA_046_MZB_LO_1092,France,42.31926547,8.976418354,1293951,2009,2021,9,13,0.799276541,0.847870251,0.04859371,1.138653,-0.110379,0.141015,6.471741,3.194333,0.016160542,0.010205,0.003262,Family,TRUE,FALSE,FALSE,TRUE
FRA_046_MZB_LO_1093,France,42.50694093,9.37288584,1293951,2009,2021,9,13,0.687625528,0.753583705,0.065958176,1.991647,0.342779,3.666761,10.294259,5.050406,0.050377741,0.094868,0.021721,Family,TRUE,FALSE,FALSE,TRUE
FRA_046_MZB_LO_1094,France,42.59250762,9.363625252,1293951,2008,2020,9,13,0.799936968,0.775461332,-0.024475636,1.653039,-0.644208,-2.305239,16.293321,4.435116,0.044843128,0.07011,0.01143,Family,TRUE,FALSE,FALSE,TRUE
FRA_046_MZB_LO_1095,France,42.25757671,9.071869203,1293433,2009,2021,9,13,0.615054446,0.771172679,0.156118233,3.707557,-0.388185,-0.439447,17.651561,7.538678,0.021915159,0.066726,0.003852,Family,TRUE,FALSE,FALSE,TRUE
FRA_046_MZB_LO_1096,France,42.22164932,9.265821245,1293433,2009,2021,8,13,0.783365777,0.87711809,0.093752313,1.268349,-0.26564,-0.043582,8.971574,3.038044,0.100191782,0.068574,0.01154,Family,TRUE,FALSE,FALSE,TRUE
FRA_046_MZB_LO_1097,France,42.11743037,9.489496432,1293433,2008,2020,8,13,0.743509601,0.644393793,-0.099115808,-0.671893,-2.164636,-5.084418,8.582328,-1.882888,0.011492488,0.068528,0.023198,Family,TRUE,FALSE,FALSE,TRUE
FRA_046_MZB_LO_1098,France,42.10288171,9.244364796,1287604,2008,2021,8,14,0.822453946,0.900665526,0.078211581,2.508141,0.313126,1.547029,10.542581,5.612629,0.012049552,0.056461,0.014682,Family,TRUE,FALSE,FALSE,TRUE
FRA_046_MZB_LO_1099,France,42.03448186,9.366558838,1287604,2009,2020,8,12,0.746878827,0.482153746,-0.264725081,-0.192184,-2.373482,-2.119051,10.369988,-0.639876,-0.004879576,0.09342,0.021464,Family,TRUE,FALSE,FALSE,TRUE
FRA_046_MZB_LO_1100,France,42.16929698,8.819358196,1294627,2008,2021,8,14,0.718499884,0.920554977,0.202055093,3.614542,0.786412,0.295628,16.712985,7.354691,0.136906914,0.036233,0.015395,Family,TRUE,FALSE,FALSE,TRUE
FRA_046_MZB_LO_1101,France,42.11595102,8.814854966,1294627,2008,2021,10,14,0.552919726,0.647596276,0.09467655,0.009972,-1.239036,-1.97577,9.588458,0.949698,0.005730937,0.010861,0.009033,Family,TRUE,FALSE,FALSE,TRUE
FRA_046_MZB_LO_1102,France,42.11153226,8.930237794,1294627,2008,2021,7,14,0.769399278,0.85551703,0.086117752,0.106131,-1.949813,-1.864245,11.247313,0.316521,0.088590636,0.04625,0.003527,Family,TRUE,FALSE,FALSE,TRUE
FRA_046_MZB_LO_1103,France,42.09262365,9.102891577,1288022,2011,2021,8,11,0.76972975,0.841765442,0.072035692,2.671385,0.841456,-1.323941,9.858631,4.439599,0.04941554,0.04098,0.014951,Family,TRUE,FALSE,FALSE,TRUE
FRA_046_MZB_LO_1104,France,41.92404429,8.811676553,1288022,2008,2021,11,14,0.313406802,0.596088952,0.28268215,4.341178,1.961243,3.200941,11.847627,9.208252,-0.057523578,0.036053,0.013258,Family,TRUE,FALSE,FALSE,TRUE
FRA_046_MZB_LO_1105,France,41.91250302,8.825599916,1287877,2011,2021,8,11,0.697588751,0.758198426,0.060609676,1.045147,-0.544399,-0.930959,10.913249,2.846188,0.176946495,0.018151,0.01119,Family,TRUE,FALSE,FALSE,TRUE
FRA_046_MZB_LO_1106,France,41.84583442,9.033658289,1287874,2008,2021,7,14,0.801255569,0.929857819,0.12860225,2.470099,0.730937,0.540806,11.864961,5.848207,0.086285709,0.079117,0.014199,Family,TRUE,FALSE,FALSE,TRUE
FRA_046_MZB_LO_1107,France,41.81291106,8.961749042,1287874,2008,2021,7,14,0.699244196,0.915594295,0.2163501,2.46501,0.709629,2.252596,12.326097,5.806936,0.063213972,0.000932,0.002475,Family,TRUE,FALSE,FALSE,TRUE
FRA_046_MZB_LO_1108,France,41.7884634,8.921196648,1287874,2009,2021,8,13,0.684978854,0.732877069,0.047898215,0.898743,-1.482334,-1.462826,16.619797,2.003191,0.015744286,0.039274,0.014793,Family,TRUE,FALSE,FALSE,TRUE
FRA_046_MZB_LO_1109,France,41.76872228,9.173762804,1284980,2008,2021,8,14,0.774580196,0.856612818,0.082032622,5.009658,1.205186,1.967439,14.451077,11.720832,0.171939609,0.00963,0.005536,Family,TRUE,FALSE,FALSE,TRUE
FRA_046_MZB_LO_1110,France,41.65565853,8.981628606,1284980,2009,2021,8,13,0.69540625,0.675512072,-0.019894178,0.67101,-1.425777,-2.411863,13.849275,1.131208,0.092836468,0.063824,0.009136,Family,TRUE,FALSE,FALSE,TRUE
FRA_046_MZB_LO_1111,France,42.44520133,9.470438066,1284289,2008,2020,8,13,0.457798322,0.625382526,0.167584204,2.76705,0.062727,-0.404727,14.879864,5.411056,0.055716503,0.019381,0.003839,Family,TRUE,FALSE,FALSE,TRUE
FRA_046_MZB_LO_1112,France,41.71825549,9.303875635,1286742,2011,2021,7,11,0.509477373,0.754260677,0.244783305,5.822412,2.237258,4.041124,23.101941,13.832152,0.022939574,0.137744,0.007533,Family,TRUE,FALSE,FALSE,TRUE
FRA_046_MZB_LO_1113,France,42.27481206,8.853207667,1264942,2008,2021,9,14,0.763425195,0.695721679,-0.067703515,1.423687,-2.181613,-3.181845,14.854146,2.711604,-0.031333579,0.048441,0.007729,Family,TRUE,FALSE,FALSE,TRUE
FRA_046_MZB_LO_1115,France,41.92334719,9.309219852,1242369,2008,2021,8,14,0.66950807,0.724658912,0.055150842,1.647597,0.252758,2.031618,9.526058,3.163902,0.091771271,0.071906,0.018325,Family,TRUE,FALSE,FALSE,TRUE
FRA_046_MZB_LO_1116,France,42.65252691,9.07360755,1288399,2008,2021,7,14,0.448015545,0.269973775,-0.17804177,-0.304271,-1.33818,-4.206723,4.303287,-0.575255,0.057813229,0.044171,0.01084,Family,TRUE,FALSE,FALSE,TRUE
FRA_046_MZB_LO_1117,France,42.60963669,9.294594375,1294634,2008,2021,9,14,0.775890088,0.767559796,-0.008330291,2.310628,0.260223,-4.301804,16.137022,4.420073,0.036411936,0.021497,0.006314,Family,TRUE,FALSE,FALSE,TRUE
FRA_046_MZB_LO_1118,France,42.61996715,8.992734161,1288398,2009,2021,9,13,0.676389923,0.672610131,-0.003779792,3.519323,-0.63459,-3.413473,20.566397,7.989123,0.091704733,0.091977,0.017529,Family,TRUE,FALSE,FALSE,TRUE
FRA_046_MZB_LO_1119,France,42.37958565,8.753740571,1265987,2008,2021,10,14,0.39143752,0.708707793,0.317270273,3.762178,1.794172,3.869286,7.706908,9.707414,-0.089416762,0.10535,0.003161,Family,TRUE,FALSE,FALSE,TRUE
FRA_046_MZB_LO_1120,France,47.05526526,5.286063484,1172787,2008,2021,8,14,0.489153201,0.457682282,-0.031470919,-1.838298,1.604235,3.808315,-12.283794,-4.30685,-0.058454443,0.047745,0.007978,Family,TRUE,FALSE,FALSE,TRUE
FRA_046_MZB_LO_1121,France,44.18967929,7.03150888,1164273,2008,2020,7,13,0.487169199,0.471120708,-0.016048491,-0.457111,-1.714966,-0.421775,6.168572,-1.466777,-0.06475351,0.074177,0.020433,Family,TRUE,FALSE,FALSE,TRUE
FRA_046_MZB_LO_1122,France,44.60090167,4.989354614,1172787,2008,2021,11,14,0.711741079,0.608695445,-0.103045634,-1.366282,-0.733389,-3.752178,-5.315379,-1.494249,0.021016919,0.059258,0.007339,Family,TRUE,FALSE,FALSE,TRUE
FRA_046_MZB_LO_1123,France,43.61516773,3.817201198,1172623,2008,2021,7,14,0.055318428,0.360387387,0.305068959,5.473045,3.923257,6.383491,6.72391,13.070251,0.013792209,0.077205,0.014581,Family,TRUE,FALSE,FALSE,TRUE
FRA_046_MZB_LO_1124,France,42.6765993,2.824258098,1171659,2012,2021,7,10,0.50619781,0.570065266,0.063867456,-0.943872,1.105938,0.518632,-10.177811,-1.814015,0.040893381,0.004168,0.004817,Family,TRUE,FALSE,FALSE,TRUE
FRA_046_MZB_LO_1125,France,42.80616381,2.481939604,1173398,2008,2021,9,14,0.713402238,0.702084311,-0.011317927,-0.702981,1.157714,2.941553,-6.547437,-1.380577,0.067845416,0.067438,0.012519,Family,TRUE,FALSE,FALSE,TRUE
FRA_046_MZB_LO_1126,France,43.24452271,6.000062518,1167593,2009,2021,10,13,0.329298604,0.35951765,0.030219046,-1.183044,0.854105,1.15093,-7.744229,-3.065039,-0.107913093,0.02905,0.001701,Family,TRUE,FALSE,FALSE,TRUE
FRA_046_MZB_LO_1127,France,46.30141886,4.764414652,1172787,2008,2019,10,12,0.197266159,0.364238388,0.166972229,1.112364,0.696213,-6.237884,-3.926845,1.748711,-0.019517157,0.111186,0.037378,Family,TRUE,FALSE,FALSE,TRUE
FRA_046_MZB_LO_1128,France,43.47860881,6.266313613,1173410,2008,2020,9,13,0.517218717,0.670125394,0.152906677,-0.336438,1.699863,4.773781,-6.582462,-1.193217,-0.035504926,0.067514,0.017772,Family,TRUE,FALSE,FALSE,TRUE
FRA_046_MZB_LO_1129,France,43.15874129,6.256519933,1172383,2008,2019,9,12,0.466841145,0.569537776,0.102696631,2.200488,0.871754,-1.215996,5.447864,3.712686,-0.015142339,0.034727,0.004987,Family,TRUE,FALSE,FALSE,TRUE
FRA_046_MZB_LO_1130,France,42.89688452,9.42046818,1267275,2008,2021,10,14,0.644605934,0.729970567,0.085364633,1.962156,-0.411445,-0.546776,15.926918,3.299637,-0.011957436,0.041001,0.006604,Family,TRUE,FALSE,FALSE,TRUE
FRA_046_MZB_LO_1131,France,43.59604131,6.769480434,1171515,2009,2021,10,13,0.321745928,0.519550936,0.197805008,3.398779,4.867104,5.675567,-1.517285,9.116032,0.044058712,0.107448,0.039418,Family,TRUE,FALSE,FALSE,TRUE
FRA_046_MZB_LO_1132,France,47.58141626,6.743084697,1172787,2008,2021,7,14,0.360551871,0.321385739,-0.039166132,-1.435468,-1.388295,-0.517275,-0.115285,-4.011903,0.043414637,0.063287,0.009727,Family,TRUE,FALSE,FALSE,TRUE
FRA_046_MZB_LO_1133,France,43.6081599,4.003845405,1172849,2008,2020,7,13,0.272148817,0.382019256,0.10987044,2.824186,3.662392,2.413898,0.203945,3.164276,-0.012220011,0.159736,0.037206,Family,TRUE,FALSE,FALSE,TRUE
FRA_046_MZB_LO_1134,France,46.97816695,5.407670162,1172787,2008,2021,8,14,0.452223964,0.369594261,-0.082629703,-0.698821,-0.040456,3.97414,-4.311399,-1.278899,0.103199306,0.034981,0.007483,Family,TRUE,FALSE,FALSE,TRUE
FRA_046_MZB_LO_1135,France,46.39793987,5.86580635,1172787,2010,2021,7,12,0.821321495,0.891142297,0.069820802,0.948443,0.789428,1.878479,2.722434,2.146514,-0.03714904,0.054587,0.008296,Family,TRUE,FALSE,FALSE,TRUE
FRA_046_MZB_LO_1136,France,47.81622866,6.198453161,1172787,2008,2021,8,14,0.713365841,0.910576616,0.197210775,0.403472,1.740581,1.20618,-4.886596,0.3613,-0.039830809,0.048255,0.018819,Family,TRUE,FALSE,FALSE,TRUE
FRA_046_MZB_LO_1137,France,47.80152091,6.308658208,1172787,2008,2020,8,13,0.637223623,0.760942344,0.123718722,1.067824,1.975319,5.33179,-1.905298,2.280358,-0.067089313,0.078506,0.014393,Family,TRUE,FALSE,FALSE,TRUE
FRA_046_MZB_LO_1138,France,47.94324566,6.42192362,1172787,2008,2021,7,14,0.555001312,0.916878443,0.361877131,3.550073,6.94083,14.00223,-5.547413,7.968214,-0.156818888,0.094212,0.024638,Family,TRUE,FALSE,FALSE,TRUE
FRA_046_MZB_LO_1139,France,47.6622098,6.28071608,1172787,2008,2019,8,12,0.54958029,0.504012381,-0.045567909,-1.330527,1.305457,3.338597,-9.309099,-3.019504,0.021877141,0.067574,0.006301,Family,TRUE,FALSE,FALSE,TRUE
FRA_046_MZB_LO_1141,France,47.80618475,5.459626634,1172787,2008,2018,7,11,0.003645337,0.05900342,0.055358083,3.461172,7.205187,-0.578174,-19.133761,7.740455,-0.080438856,0.046153,0.01218,Family,TRUE,FALSE,FALSE,TRUE
FRA_046_MZB_LO_1142,France,47.69284974,5.456223203,1172787,2008,2021,8,14,0.555566725,0.485544028,-0.070022697,-1.243958,-0.403798,-1.188005,-4.084155,-2.196418,0.060191097,0.077032,0.016406,Family,TRUE,FALSE,FALSE,TRUE
FRA_046_MZB_LO_1143,France,47.50782566,6.354308908,1172787,2008,2019,8,12,0.886050718,0.771297493,-0.114753225,0.207135,-2.012522,-5.376151,8.222505,1.313765,0.008314429,0.069615,0.008758,Family,TRUE,FALSE,FALSE,TRUE
FRA_046_MZB_LO_1145,France,47.66995209,6.47198852,1172787,2008,2021,7,14,0.297975042,0.2767503,-0.021224742,-1.188592,-0.31708,3.542367,-4.855239,-1.813031,0.072013517,0.027804,0.003619,Family,TRUE,FALSE,FALSE,TRUE
FRA_046_MZB_LO_1146,France,47.43549867,6.20919681,1172787,2008,2019,8,12,0.5263165,0.628226261,0.101909762,-0.259165,-2.287473,-3.806193,8.500537,-1.866158,-0.116279905,0.02413,0.010864,Family,TRUE,FALSE,FALSE,TRUE
FRA_046_MZB_LO_1147,France,47.2858351,5.806764654,1172787,2008,2019,7,12,0.471728768,0.300378798,-0.17134997,0.181469,-1.436138,-12.383722,7.047889,0.408275,-0.021990365,0.087747,0.008562,Family,TRUE,FALSE,FALSE,TRUE
FRA_046_MZB_LO_1148,France,47.26462569,5.743328362,1172787,2008,2021,9,14,0.542113214,0.726736757,0.184623544,3.293178,2.396744,1.56255,3.843454,6.38882,0.014331857,0.071098,0.01518,Family,TRUE,FALSE,FALSE,TRUE
FRA_046_MZB_LO_1149,France,47.31561169,5.518756893,1172787,2010,2021,9,12,0.140189628,0.14563491,0.005445281,0.223339,0.118894,1.618867,0.71998,-1.122179,-0.065294433,0.083871,0.013055,Family,TRUE,FALSE,FALSE,TRUE
FRA_046_MZB_LO_1150,France,47.3354477,5.968455432,1172787,2008,2021,9,14,0.721177505,0.56517678,-0.156000725,-0.700796,-0.829922,-5.090755,0.711549,-1.360269,-0.019082223,0.042493,0.025487,Family,TRUE,FALSE,FALSE,TRUE
FRA_046_MZB_LO_1151,France,47.25248492,5.618601203,1172787,2010,2021,9,12,0.233408158,0.299741346,0.066333188,2.928149,1.83821,1.461532,10.15128,5.652025,0.008459616,0.02583,0.012922,Family,TRUE,FALSE,FALSE,TRUE
FRA_046_MZB_LO_1152,France,47.56633274,6.943143905,1172787,2008,2021,8,14,0.375659701,0.534000141,0.15834044,2.790096,2.903051,2.300497,0.512302,5.605835,0.020310479,0.041928,0.00039,Family,TRUE,FALSE,FALSE,TRUE
FRA_046_MZB_LO_1153,France,47.62146544,6.955017527,1172787,2008,2021,7,14,0.29731497,0.030682373,-0.266632597,-2.597251,-1.194364,-4.435321,-1.892966,-4.488918,-0.037239503,0.066402,0.009494,Family,TRUE,FALSE,FALSE,TRUE
FRA_046_MZB_LO_1154,France,47.34124774,6.381962945,1172787,2009,2018,7,10,0.768622614,0.830802391,0.062179777,1.810205,3.003609,1.115166,-7.422747,4.822323,-0.076730311,0.052322,0.007257,Family,TRUE,FALSE,FALSE,TRUE
FRA_046_MZB_LO_1155,France,47.03587216,5.53997004,1172787,2009,2021,9,13,0.75103912,0.714067323,-0.036971797,-1.083027,-0.974348,-0.335516,-0.094501,-3.702133,0.007823209,0.069668,0.013366,Family,TRUE,FALSE,FALSE,TRUE
FRA_046_MZB_LO_1157,France,46.92468754,5.702215353,1172787,2009,2021,9,13,0.617508688,0.527850609,-0.089658079,0.694075,-2.726537,-6.101186,11.085,1.544809,-0.002192051,0.009686,0.015046,Family,TRUE,FALSE,FALSE,TRUE
FRA_046_MZB_LO_1159,France,47.52386195,6.899335264,1172787,2010,2021,7,12,0.221023397,0.226524015,0.005500618,-0.781916,-0.014361,-8.753555,-3.5815,-2.015929,-0.075785349,0.096172,0.035504,Family,TRUE,FALSE,FALSE,TRUE
FRA_046_MZB_LO_1160,France,46.96102376,5.262763837,1172787,2009,2021,7,13,0.312347038,0.08466252,-0.227684518,-7.204298,-4.362571,-1.82444,2.262904,-16.245476,-0.127201662,0.082581,0.027386,Family,TRUE,FALSE,FALSE,TRUE
FRA_046_MZB_LO_1161,France,46.7483522,5.889821011,1172787,2010,2021,7,12,0.750907394,0.659950512,-0.090956882,0.942678,-0.504553,-5.143616,5.105244,2.374272,0.120571766,0.057715,0.019314,Family,TRUE,FALSE,FALSE,TRUE
FRA_046_MZB_LO_1162,France,46.72326069,5.462384924,1172787,2010,2021,10,12,0.709911657,0.733709607,0.02379795,-0.023965,0.538439,2.099015,-2.289702,-0.1298,0.019278784,0.112774,0.023568,Family,TRUE,FALSE,FALSE,TRUE
FRA_046_MZB_LO_1164,France,46.3913883,5.447227618,1172787,2008,2020,9,13,0.598457197,0.651260101,0.052802904,-2.309186,0.780657,4.039895,-10.711513,-3.660791,0.010343996,0.017658,0.004584,Family,TRUE,FALSE,FALSE,TRUE
FRA_046_MZB_LO_1165,France,44.74042908,5.124491567,1172787,2008,2021,11,14,0.687873659,0.633626003,-0.054247655,-2.727,-1.739676,1.220016,-6.323429,-5.033965,0.003294706,0.013399,0.005349,Family,TRUE,FALSE,FALSE,TRUE
FRA_046_MZB_LO_1166,France,45.19060771,4.755101227,1172787,2008,2021,9,14,0.731762906,0.77851461,0.046751704,-1.209601,0.440831,-2.929202,-8.801259,-1.999438,0.038652561,0.009395,0.000658,Family,TRUE,FALSE,FALSE,TRUE
FRA_046_MZB_LO_1167,France,45.77076029,4.761175333,1172787,2009,2021,8,13,0.1357527,0.171175292,0.035422593,3.761556,1.565664,-3.798819,4.511423,8.151357,-0.125279012,0.064471,0.003194,Family,TRUE,FALSE,FALSE,TRUE
FRA_046_MZB_LO_1168,France,46.15031001,5.803992161,1172787,2008,2021,9,14,0.833436304,0.686203316,-0.147232988,-0.58571,-2.135087,-6.928482,3.961957,-1.391759,-0.000861321,0.045882,0.019307,Family,TRUE,FALSE,FALSE,TRUE
FRA_046_MZB_LO_1171,France,46.2910683,5.589197264,1172787,2008,2021,8,14,0.61666079,0.40028258,-0.21637821,-3.176563,-3.418209,-8.324563,0.432942,-6.255504,-0.074826784,0.084413,0.021927,Family,TRUE,FALSE,FALSE,TRUE
FRA_046_MZB_LO_1172,France,44.48265079,4.239175391,1172787,2008,2021,9,14,0.769601245,0.698374462,-0.071226783,0.386614,1.289613,0.661219,-4.114963,2.331994,0.056509843,0.066254,0.011136,Family,TRUE,FALSE,FALSE,TRUE
FRA_046_MZB_LO_1173,France,45.23581467,4.678065148,1172787,2008,2021,7,14,0.371113681,0.406229853,0.035116172,-0.309588,2.069858,2.379343,-7.184924,-0.79569,-0.030923779,0.062516,0.024807,Family,TRUE,FALSE,FALSE,TRUE
FRA_046_MZB_LO_1174,France,44.49245615,4.324330746,1172787,2008,2021,8,14,0.768493978,0.740752677,-0.027741302,-1.714532,-0.491325,0.374906,-7.820468,-2.915821,-0.124218244,0.059997,0.012757,Family,TRUE,FALSE,FALSE,TRUE
FRA_046_MZB_LO_1175,France,44.16165388,5.945378328,1172787,2008,2021,8,14,0.681146901,0.651234363,-0.029912538,-0.555284,0.942482,0.608667,-4.120898,0.351861,0.031019434,0.027415,0.004113,Family,TRUE,FALSE,FALSE,TRUE
FRA_046_MZB_LO_1176,France,44.55232142,4.749287829,1172787,2008,2020,7,13,0.473267567,0.647944128,0.174676561,-1.138456,0.633355,9.334603,-6.154251,-2.003569,0.016705857,0.058103,0.002165,Family,TRUE,FALSE,FALSE,TRUE
FRA_046_MZB_LO_1177,France,44.62625499,4.897488812,1172787,2008,2021,11,14,0.476743915,0.479913984,0.003170069,-0.429769,-1.282345,-1.756319,4.936342,-0.032487,-0.040076408,0.040663,0.00712,Family,TRUE,FALSE,FALSE,TRUE
FRA_046_MZB_LO_1178,France,44.55091203,4.750150826,1172787,2008,2021,11,14,0.441643828,0.495658326,0.054014498,-0.507241,0.123521,0.061708,-2.023335,-0.336218,-0.013453808,0.029566,0.004611,Family,TRUE,FALSE,FALSE,TRUE
FRA_046_MZB_LO_1179,France,45.17997455,4.848086652,1172787,2008,2019,8,12,0.471037216,0.510230375,0.039193159,-2.022864,-0.169375,2.857509,-8.428834,-3.595819,0.009131213,0.05943,0.012586,Family,TRUE,FALSE,FALSE,TRUE
FRA_046_MZB_LO_1180,France,45.00108707,5.435033701,1172787,2009,2021,9,13,0.5243134,0.488023078,-0.036290322,-1.594168,0.797964,-2.289032,-9.324538,-3.31836,-0.122714201,0.001418,0.009308,Family,TRUE,FALSE,FALSE,TRUE
FRA_046_MZB_LO_1181,France,46.11142407,4.970263961,1172787,2010,2021,8,12,0.480637247,0.343960007,-0.136677241,-1.199474,-2.17682,-1.371493,4.808634,-2.658223,-0.110726297,0.083736,0.014786,Family,TRUE,FALSE,FALSE,TRUE
FRA_046_MZB_LO_1182,France,45.81861416,4.999748989,1172787,2010,2021,7,12,0.464175609,0.235254102,-0.228921507,-2.580913,-3.997206,-2.176879,6.737503,-2.818636,0.107887085,0.119008,0.032998,Family,TRUE,FALSE,FALSE,TRUE
FRA_046_MZB_LO_1183,France,45.43525195,5.756803953,1172787,2009,2020,7,12,0.750731358,0.725570864,-0.025160494,-1.484626,-1.37134,0.749187,-1.596466,-2.707281,-0.065916515,0.063739,0.000657,Family,TRUE,FALSE,FALSE,TRUE
FRA_046_MZB_LO_1184,France,45.53476092,5.732800625,1172787,2008,2020,7,13,0.48899668,0.553028878,0.064032198,2.649051,0.567136,-4.152522,9.100807,6.379545,-0.048832556,0.066907,0.020548,Family,TRUE,FALSE,FALSE,TRUE
FRA_046_MZB_LO_1185,France,46.18710322,5.266257266,1172787,2009,2021,8,13,0.546213107,0.73730714,0.191094033,-0.179737,1.925909,5.386995,-9.668083,-0.118707,-0.007443393,0.112311,0.027565,Family,TRUE,FALSE,FALSE,TRUE
FRA_046_MZB_LO_1186,France,46.27808981,5.18090022,1172787,2009,2021,10,13,0.28073074,0.488927901,0.208197161,1.541932,0.618621,1.872858,5.927143,1.530975,0.003539509,0.093402,0.01848,Family,TRUE,FALSE,FALSE,TRUE
FRA_046_MZB_LO_1187,France,46.39911885,5.108770184,1172787,2009,2021,10,13,0.212706229,0.213929441,0.001223212,-0.980657,-1.465361,-0.507893,1.78276,-2.135955,-0.08696188,0.087018,0.012792,Family,TRUE,FALSE,FALSE,TRUE
FRA_046_MZB_LO_1189,France,46.41194096,5.012765201,1172787,2009,2021,8,13,0.434348871,0.033322994,-0.401025877,-2.921791,-7.575411,-11.642803,9.318548,-6.954031,0.026630723,0.102194,0.032411,Family,TRUE,FALSE,FALSE,TRUE
FRA_046_MZB_LO_1190,France,46.08120304,5.340559236,1172787,2010,2021,7,12,0.636981914,0.591608548,-0.045373366,-1.177896,-1.964974,-4.697494,1.729879,-1.875592,-0.03401241,0.092242,0.043671,Family,TRUE,FALSE,FALSE,TRUE
FRA_046_MZB_LO_1191,France,45.33134158,6.288145498,1172787,2009,2021,9,13,0.56359034,0.494094638,-0.069495702,-0.986635,4.053788,5.374588,-15.723319,-1.614639,0.056361723,0.05288,0.002013,Family,TRUE,FALSE,FALSE,TRUE
FRA_046_MZB_LO_1192,France,44.40482431,4.217754625,1172787,2008,2021,10,14,0.647676488,0.667888561,0.020212073,-0.90226,2.949589,5.800539,-8.962924,-0.880946,0.017956679,0.01188,0.01556,Family,TRUE,FALSE,FALSE,TRUE
FRA_046_MZB_LO_1193,France,45.61899985,5.610525443,1172787,2009,2020,7,12,0.044635842,0.250708831,0.206072989,-0.109065,0.809691,1.198934,-2.849047,0.420557,-0.025839257,0.063948,0.003564,Family,TRUE,FALSE,FALSE,TRUE
FRA_046_MZB_LO_1194,France,45.7233771,5.920442186,1172787,2009,2020,7,12,0.113034534,0.419625665,0.306591131,1.162801,2.199012,11.95702,-5.269771,1.914989,0.001425314,0.071944,0.035074,Family,TRUE,FALSE,FALSE,TRUE
FRA_046_MZB_LO_1196,France,44.81556337,5.681405931,1172787,2008,2021,10,14,0.583319094,0.793777923,0.210458829,1.914512,3.429248,5.566373,-4.261049,5.885547,0.033258726,0.067822,0.016708,Family,TRUE,FALSE,FALSE,TRUE
FRA_046_MZB_LO_1197,France,45.05860057,4.956348069,1172787,2008,2021,11,14,0.442673652,0.538902202,0.096228549,0.562807,2.080979,6.178171,-7.248408,1.650309,-0.013854532,0.044088,0.015592,Family,TRUE,FALSE,FALSE,TRUE
FRA_046_MZB_LO_1198,France,44.27442426,5.275657666,1172787,2008,2018,7,11,0.560134897,0.647253731,0.087118834,-1.063059,1.475736,4.053957,-9.687472,-0.994208,0.011676869,0.062362,0.008646,Family,TRUE,FALSE,FALSE,TRUE
FRA_046_MZB_LO_1199,France,46.28408891,6.735231805,1172787,2008,2021,9,14,0.455882896,0.682751037,0.226868142,2.872549,2.559065,3.750881,1.726323,5.653256,-0.039287807,0.060497,0.006799,Family,TRUE,FALSE,FALSE,TRUE
FRA_046_MZB_LO_1200,France,46.2868598,6.61735492,1172787,2008,2021,9,14,0.417230349,0.80346526,0.386234912,5.919865,5.174828,4.789623,3.530347,11.620084,-0.059013789,0.082118,0.015925,Family,TRUE,FALSE,FALSE,TRUE
FRA_046_MZB_LO_1201,France,45.09531367,5.695243436,1172787,2009,2021,8,13,0.688029209,0.629791424,-0.058237785,-2.010389,-0.052894,-1.273146,-8.428179,-2.629281,-0.00722532,0.083579,0.000356,Family,TRUE,FALSE,FALSE,TRUE
FRA_046_MZB_LO_1202,France,44.53873006,4.708113497,1172787,2009,2020,8,12,0.389960705,0.442309079,0.052348374,-0.006899,0.423673,-2.959481,1.435204,-1.448885,-0.085624318,0.087372,0.009382,Family,TRUE,FALSE,FALSE,TRUE
FRA_046_MZB_LO_1203,France,44.73156286,4.97281188,1172787,2008,2021,7,14,0.557602623,0.699390822,0.1417882,2.845158,-0.801772,-1.965737,16.413357,6.05413,-0.036520001,0.020528,0.007741,Family,TRUE,FALSE,FALSE,TRUE
FRA_046_MZB_LO_1205,France,43.96510919,7.415355449,1257506,2009,2020,8,12,0.8564249,0.796994718,-0.059430182,-1.328441,-1.165864,-2.834705,5.441614,-1.679172,0.044185034,0.045889,0.007657,Family,TRUE,FALSE,FALSE,TRUE
FRA_046_MZB_LO_1206,France,43.68849753,7.070682061,1161417,2008,2020,8,13,0.672750481,0.766844084,0.094093603,1.554554,-0.214736,-0.61222,10.080809,3.711222,0.002380175,0.068078,0.011085,Family,TRUE,FALSE,FALSE,TRUE
FRA_046_MZB_LO_1208,France,43.74919283,7.316408242,1250454,2008,2020,8,13,0.360860468,0.413741166,0.052880698,-0.342223,-1.56247,1.628086,2.788589,0.63897,-0.017581462,0.050652,0.021404,Family,TRUE,FALSE,FALSE,TRUE
FRA_046_MZB_LO_1209,France,44.03090741,6.825681487,1164273,2008,2021,10,14,0.670991499,0.709218057,0.038226558,1.035828,0.695792,0.384604,2.876997,2.389794,0.029537025,0.007251,0.000398,Family,TRUE,FALSE,FALSE,TRUE
FRA_046_MZB_LO_1210,France,43.96673237,6.758524455,1164273,2009,2021,8,13,0.607848005,0.68836306,0.080515054,-0.88035,1.312248,8.714753,-8.953198,-0.720562,0.068452165,0.029527,0.009004,Family,TRUE,FALSE,FALSE,TRUE
FRA_046_MZB_LO_1211,France,43.91660836,5.885014185,1172787,2008,2021,11,14,0.543190311,0.743127188,0.199936877,0.700716,-0.086861,2.391497,7.299651,1.677353,-0.059358499,0.04284,0.015059,Family,TRUE,FALSE,FALSE,TRUE
FRA_046_MZB_LO_1212,France,44.03381562,4.911534716,1172787,2008,2021,7,14,0.24866337,0.505658606,0.256995236,5.760433,2.645454,2.747613,11.742837,11.603426,-0.127306283,0.034067,0.009555,Family,TRUE,FALSE,FALSE,TRUE
FRA_046_MZB_LO_1215,France,43.11901534,6.027806446,1173681,2008,2021,8,14,0.240540738,0.181393062,-0.059147676,-4.709195,-4.068649,-0.033821,-5.180994,-9.175752,-0.000519945,0.08717,0.02132,Family,TRUE,FALSE,FALSE,TRUE
FRA_046_MZB_LO_1218,France,43.87255915,7.194331199,1164273,2009,2021,7,13,0.694192893,0.718544539,0.024351646,1.734956,1.933829,-0.033291,-4.357463,3.234453,0.00735443,0.026429,0.006088,Family,TRUE,FALSE,FALSE,TRUE
FRA_046_MZB_LO_1219,France,44.09797185,5.117557714,1172787,2010,2021,10,12,0.241449246,0.365568936,0.12411969,1.286766,0.618399,10.751631,4.703343,3.642429,0.009810479,0.031309,0.009666,Family,TRUE,FALSE,FALSE,TRUE
FRA_046_MZB_LO_1220,France,44.23591494,5.859982456,1172787,2008,2021,8,14,0.659143668,0.620856275,-0.038287393,-0.578594,0.298076,0.373255,-4.704808,0.026727,0.060480216,0.018764,0.007788,Family,TRUE,FALSE,FALSE,TRUE
FRA_046_MZB_LO_1221,France,46.16973473,4.803492596,1172787,2008,2021,10,14,0.337540171,0.455672262,0.11813209,2.121469,1.039993,3.783326,5.099309,3.524018,0.066279745,0.072227,0.017275,Family,TRUE,FALSE,FALSE,TRUE
FRA_046_MZB_LO_1222,France,45.30021407,4.821203028,1172787,2008,2021,9,14,0.228111492,0.244109545,0.015998053,1.636818,0.826307,2.43709,2.797942,3.824123,-0.028283617,0.05773,0.022367,Family,TRUE,FALSE,FALSE,TRUE
FRA_046_MZB_LO_1223,France,45.70672543,5.905080913,1172787,2008,2020,9,13,0.338381332,0.421778677,0.083397345,0.956643,1.785348,5.745469,-2.702298,2.622447,-0.051774431,0.063965,0.020973,Family,TRUE,FALSE,FALSE,TRUE
FRA_046_MZB_LO_1225,France,44.75839678,4.73397005,1172787,2008,2021,9,14,0.486650862,0.633382273,0.146731411,1.845418,1.113915,4.186121,2.318707,3.363916,-0.096236125,0.082035,0.021908,Family,TRUE,FALSE,FALSE,TRUE
FRA_046_MZB_LO_1226,France,45.44230295,5.046552429,1172787,2008,2021,7,14,0.89748937,0.750177999,-0.147311372,-2.335646,-2.185051,-4.863759,-1.654764,-4.399519,-0.090191023,0.089668,0.019398,Family,TRUE,FALSE,FALSE,TRUE
FRA_046_MZB_LO_1229,France,45.01775608,5.692182801,1172787,2009,2021,9,13,0.536903349,0.61416892,0.077265572,2.685728,2.17704,0.02088,3.282097,6.822012,0.038817084,0.015359,0.008506,Family,TRUE,FALSE,FALSE,TRUE
FRA_046_MZB_LO_1230,France,44.73681825,5.893071724,1172787,2013,2022,7,10,0.592422711,0.70961524,0.117192529,0.588082,1.944598,6.077228,-4.776494,2.97055,-0.010898514,0.036057,0.015299,Family,TRUE,FALSE,FALSE,TRUE
FRA_046_MZB_LO_1231,France,45.41334858,4.730865399,1172787,2008,2021,8,14,0.370966566,0.496764324,0.125797757,1.041722,1.067501,1.266964,0.93905,2.394042,-0.014433128,0.054154,0.008402,Family,TRUE,FALSE,FALSE,TRUE
FRA_046_MZB_LO_1233,France,45.3138331,5.487356855,1172787,2010,2020,8,11,0.319593008,0.579005303,0.259412295,2.927339,3.454503,3.194887,-6.859435,5.026372,-0.07949542,0.086382,0.003722,Family,TRUE,FALSE,FALSE,TRUE
FRA_046_MZB_LO_1234,France,45.78876059,6.231161742,1172787,2008,2021,9,14,0.648978943,0.748217665,0.099238722,1.900838,2.284856,8.034392,2.050644,5.099464,0.015867818,0.015004,0.012558,Family,TRUE,FALSE,FALSE,TRUE
FRA_046_MZB_LO_1235,France,45.07457751,4.865552193,1172787,2009,2021,9,13,0.03492231,0.135594871,0.100672561,2.785705,0.596663,-1.224089,5.099871,7.69551,-0.028157024,0.028585,0.004527,Family,TRUE,FALSE,FALSE,TRUE
FRA_046_MZB_LO_1236,France,46.16963193,6.246472226,1172787,2012,2021,7,10,0.465568164,0.469031823,0.003463659,4.338281,1.567935,-1.25916,20.979299,10.608966,-0.014485449,0.085028,0.02729,Family,TRUE,FALSE,FALSE,TRUE
FRA_046_MZB_LO_1237,France,45.25730208,4.788532721,1172787,2008,2021,9,14,0.161244129,0.162765793,0.001521665,2.241644,-1.306477,-2.735507,13.001336,5.649011,0.049339052,0.09468,0.016135,Family,TRUE,FALSE,FALSE,TRUE
FRA_046_MZB_LO_1238,France,45.90422167,5.921779407,1172787,2008,2020,7,13,0.281914505,0.486730722,0.204816217,1.294048,2.459666,1.443272,-2.25034,2.50314,-0.100218835,0.055363,0.01043,Family,TRUE,FALSE,FALSE,TRUE
FRA_046_MZB_LO_1240,France,45.90957854,6.098636354,1172787,2008,2021,11,14,0.167099515,0.205098031,0.037998516,-0.394371,0.937236,1.934728,-3.79662,-0.577673,0.043455551,0.041689,0.014095,Family,TRUE,FALSE,FALSE,TRUE
FRA_046_MZB_LO_1242,France,46.99879054,5.853142752,1172787,2008,2020,9,13,0.677614215,0.783835649,0.106221434,0.324818,-2.298924,-6.451684,10.59745,1.673542,-0.004467846,0.055831,0.013546,Family,TRUE,FALSE,FALSE,TRUE
FRA_046_MZB_LO_1245,France,46.29430135,5.528314598,1172787,2008,2019,7,12,0.719272677,0.716451914,-0.002820763,-1.89729,0.856924,-1.336844,-11.72327,-4.362184,0.017992028,0.076818,0.018264,Family,TRUE,FALSE,FALSE,TRUE
FRA_046_MZB_LO_1246,France,46.22948698,6.013556022,1172787,2008,2021,7,14,0.230062937,0.54203995,0.311977014,1.632205,0.560085,1.927803,1.720504,2.46802,-0.109453257,0.092043,0.015817,Family,TRUE,FALSE,FALSE,TRUE
FRA_046_MZB_LO_1247,France,46.14682573,6.071390814,1172787,2008,2021,8,14,0.180277808,0.365987846,0.185710038,5.226989,1.084978,2.734385,23.390642,10.759968,-0.216250091,0.051905,0.004309,Family,TRUE,FALSE,FALSE,TRUE
FRA_046_MZB_LO_995,France,42.8165583,2.200728027,1171081,2008,2021,7,14,0.466885673,0.536093607,0.069207935,-0.487552,2.175003,6.449645,-10.240883,-1.840066,-0.046229453,0.06777,0.020141,Family,TRUE,FALSE,FALSE,TRUE
GER_017_MZB_LO_1,Germany,51.440163,7.978005,1173482,2009,2019,10,11,0.921204838,0.845394542,-0.075810295,0.008579,-0.512511,-1.253065,5.284787,0.903776,0.221792928,0.108978,0.01429,Mixed,TRUE,FALSE,TRUE,FALSE
GER_017_MZB_LO_2,Germany,51.441405,7.961376,1173482,2008,2019,11,12,0.84077585,0.616730212,-0.224045638,2.487177,2.37058,4.699614,6.186637,5.709298,0.137238274,0.094563,0.025446,Mixed,TRUE,FALSE,TRUE,FALSE
GER_017_MZB_LO_3,Germany,51.435197,8.135747,1173482,2010,2019,10,10,0.851933106,0.642805833,-0.209127273,1.3755,0.395753,-0.827904,7.703891,3.983609,0.282268312,0.136814,0.011917,Mixed,TRUE,FALSE,TRUE,FALSE
GER_017_MZB_LO_4,Germany,51.435804,8.137236,1173482,2010,2019,10,10,0.876654545,0.607145454,-0.269509091,1.945735,-2.416417,-4.079998,30.729512,5.078672,0.247340127,0.136837,0.010849,Mixed,TRUE,FALSE,TRUE,FALSE
GER_017_MZB_LO_5,Germany,51.450802,8.164562,1173482,2010,2019,10,10,0.815872727,0.498527273,-0.317345455,-1.073339,-4.23612,-6.329468,19.35315,0.133163,0.359636406,0.170681,0.023053,Mixed,TRUE,FALSE,TRUE,FALSE
GER_018_MZB_LO_10,Germany,52.66180748,9.539374709,1293488,1986,2008,13,23,0.661592275,0.809167382,0.147575107,0.02913,-0.182909,-2.513818,-1.992255,-0.034773,-0.022224904,0.06347,0.009959,Mixed,TRUE,FALSE,TRUE,FALSE
GER_018_MZB_LO_101,Germany,49.21454426,8.351319521,1173482,1983,2003,12,21,0.064930399,0.004507614,-0.060422785,-2.247999,0.819687,2.916789,-7.163298,9.626393,0.004172204,0.181494,0.049878,Mixed,TRUE,FALSE,TRUE,FALSE
GER_018_MZB_LO_104,Germany,50.995153,8.231036733,1293488,1996,2005,9,10,0.779494204,0.775046379,-0.004447824,6.7683,5.531049,5.583676,5.219538,15.262995,0.018231452,0.103518,0.015917,Mixed,TRUE,FALSE,TRUE,FALSE
GER_018_MZB_LO_105,Germany,51.00806539,8.192515708,1293488,1995,2005,11,11,0.751272727,0.808363636,0.057090909,5.133758,5.226705,4.553055,9.290659,11.112024,-0.051628414,0.048602,0.014852,Mixed,TRUE,FALSE,TRUE,FALSE
GER_018_MZB_LO_108,Germany,49.60735319,7.180915584,1173482,1982,1995,9,14,0.115808568,0.022798527,-0.09301004,10.333323,10.087314,10.31142,3.451047,25.496906,0.065451991,0.021994,0.032177,Mixed,TRUE,FALSE,TRUE,FALSE
GER_018_MZB_LO_109,Germany,49.63637515,7.238398381,1173482,1983,2003,9,21,0.083180003,0.624237422,0.541057418,3.690009,5.359586,10.512369,-10.775058,8.324462,-0.007603695,0.091683,0.016525,Mixed,TRUE,FALSE,TRUE,FALSE
GER_018_MZB_LO_11,Germany,50.98994157,8.202025623,1293488,1988,2008,7,21,0.94040897,0.753543961,-0.186865009,6.192793,5.460521,6.554878,1.904795,14.895716,-0.001605468,0.117038,0.028451,Mixed,TRUE,FALSE,TRUE,FALSE
GER_018_MZB_LO_110,Germany,49.68940017,7.298281507,1173482,1982,2003,8,22,0.157329535,0.547313796,0.389984262,2.389516,4.190668,6.424488,-7.696701,7.719112,-0.105755638,0.084063,0.023668,Mixed,TRUE,FALSE,TRUE,FALSE
GER_018_MZB_LO_111,Germany,49.71514046,7.366206521,1173482,1982,2003,7,22,0.187769632,0.172716734,-0.015052898,3.750257,3.345428,3.5547,-0.373149,8.903191,0.030448678,0.066818,0.016379,Mixed,TRUE,FALSE,TRUE,FALSE
GER_018_MZB_LO_119,Germany,49.65226768,6.439386654,1173482,1985,2003,9,19,0.088464463,0.072226323,-0.016238139,-1.962992,1.930512,3.270131,-19.045306,-3.96687,-0.027809823,0.129245,0.036905,Mixed,TRUE,FALSE,TRUE,FALSE
GER_018_MZB_LO_12,Germany,51.00061028,8.206098406,1293488,1988,2005,11,18,1.010274835,0.895388212,-0.114886624,1.531964,1.029625,1.607941,-2.031156,3.731897,0.066235505,0.088255,0.015367,Mixed,TRUE,FALSE,TRUE,FALSE
GER_018_MZB_LO_120,Germany,49.69541493,6.474929637,1173482,1982,2003,13,22,0.056585118,0.046047517,-0.010537601,-0.646351,1.146451,2.731633,-10.382606,-1.370861,0.002869449,0.151052,0.027861,Mixed,TRUE,FALSE,TRUE,FALSE
GER_018_MZB_LO_121,Germany,49.71142001,6.512217726,1173482,1982,2003,11,22,0.033996654,0.019824875,-0.014171779,-1.04596,-0.767254,1.904139,-4.808356,-2.429213,-0.022689163,0.142846,0.031765,Mixed,TRUE,FALSE,TRUE,FALSE
GER_018_MZB_LO_122,Germany,49.70200369,6.559201119,1173482,1982,2003,10,22,0.006553462,0.013649276,0.007095814,-1.452991,-1.198255,-0.537388,-0.062978,-3.366637,-0.023021145,0.132834,0.028908,Mixed,TRUE,FALSE,TRUE,FALSE
GER_018_MZB_LO_123,Germany,49.54440751,6.602629733,1173482,1983,2004,10,22,0.093396551,0.005254368,-0.088142183,4.309239,4.64151,3.029626,-0.787329,9.925063,0.001118854,0.152133,0.008894,Mixed,TRUE,FALSE,TRUE,FALSE
GER_018_MZB_LO_124,Germany,49.66741812,6.573565002,1173482,1983,2004,11,22,0.05997507,0.022569139,-0.037405931,3.559951,4.364329,4.379257,-0.576207,8.093058,0.019476349,0.134574,0.033559,Mixed,TRUE,FALSE,TRUE,FALSE
GER_018_MZB_LO_126,Germany,49.70964156,6.581411188,1173482,1982,2002,9,21,0.027900124,0.007372435,-0.020527689,-0.571416,0.082985,6.607288,-6.360196,-1.536502,-0.05090255,0.152869,0.034177,Mixed,TRUE,FALSE,TRUE,FALSE
GER_018_MZB_LO_127,Germany,49.77579782,6.66926253,1173482,1982,2003,14,22,0.043926829,0.014731707,-0.029195122,-0.125845,2.167093,5.207161,-10.597837,-0.550228,-0.050604563,0.156056,0.034501,Mixed,TRUE,FALSE,TRUE,FALSE
GER_018_MZB_LO_129,Germany,49.81503829,6.842953823,1173482,1982,2003,12,22,0.036194783,0.024184475,-0.012010308,2.771873,2.219245,4.02503,-6.359846,5.879878,-0.032348899,0.122003,0.038917,Mixed,TRUE,FALSE,TRUE,FALSE
GER_018_MZB_LO_130,Germany,49.84994958,6.891710944,1173482,1982,2003,10,22,0.066020193,0.002102945,-0.063917247,0.816513,1.349521,5.420331,-10.448735,1.476964,-0.046458024,0.147871,0.036425,Mixed,TRUE,FALSE,TRUE,FALSE
GER_018_MZB_LO_131,Germany,49.8837433,6.946910276,1173482,1982,2003,11,22,0.009643262,0.002907327,-0.006735935,0.409338,0.608158,1.16436,-6.189516,0.880587,0.003259622,0.101696,0.03103,Mixed,TRUE,FALSE,TRUE,FALSE
GER_018_MZB_LO_132,Germany,49.95185878,7.015385568,1173482,1982,1999,10,18,0.026081911,0.001356744,-0.024725167,3.041992,2.057467,-1.189469,-0.083979,6.592536,-0.012532353,0.115523,0.033095,Mixed,TRUE,FALSE,TRUE,FALSE
GER_018_MZB_LO_134,Germany,50.02967146,7.179856716,1173482,1982,1996,10,15,0.022139763,0.010129209,-0.012010555,0.479458,3.55226,2.345727,-10.260704,0.412843,-0.059246373,0.200254,0.047628,Mixed,TRUE,FALSE,TRUE,FALSE
GER_018_MZB_LO_135,Germany,50.0818749,7.132686428,1173482,1982,2003,9,22,0.011252806,0.024418353,0.013165547,-1.018706,-0.07033,5.575761,-6.951151,-2.194182,-0.000356273,0.139141,0.030614,Mixed,TRUE,FALSE,TRUE,FALSE
GER_018_MZB_LO_136,Germany,50.12371712,7.226960113,1173482,1982,2003,10,22,0.004372743,0.000600284,-0.00377246,1.90357,2.378469,8.04404,-8.229004,4.224383,-0.000700916,0.14629,0.036122,Mixed,TRUE,FALSE,TRUE,FALSE
GER_018_MZB_LO_137,Germany,50.15469692,7.170364185,1173482,1982,1999,12,18,0.019734454,1.23E-05,-0.019722178,-1.253544,-0.1292,2.542316,-13.22801,-3.357748,-0.087680139,0.20322,0.040766,Mixed,TRUE,FALSE,TRUE,FALSE
GER_018_MZB_LO_139,Germany,50.27283123,7.456051934,1173482,1982,2003,14,22,0.013768254,0.000701587,-0.013066667,1.600744,2.856078,6.600466,-11.21149,3.442977,-0.016989793,0.160378,0.032559,Mixed,TRUE,FALSE,TRUE,FALSE
GER_018_MZB_LO_140,Germany,50.36703542,7.570715654,1173482,1982,2003,8,22,0.050823794,0.006598697,-0.044225097,2.281719,2.464305,0.330971,1.980674,4.793325,-0.037624383,0.139603,0.03053,Mixed,TRUE,FALSE,TRUE,FALSE
GER_018_MZB_LO_142,Germany,50.67676536,7.624093652,1173482,1988,2003,7,16,0.038476494,0.098959961,0.060483467,7.067072,3.896554,6.282193,21.89296,16.022038,-0.028058072,0.100454,4.50E-05,Mixed,TRUE,FALSE,TRUE,FALSE
GER_018_MZB_LO_148,Germany,51.64695164,6.605637893,1173482,1971,2007,23,37,0.120195928,0.043817851,-0.076378078,3.351557,0,-0.143964,16.658494,5.095198,-0.012289842,0.097642,0.031055,Mixed,TRUE,FALSE,TRUE,FALSE
GER_018_MZB_LO_151,Germany,49.95316827,7.8985345,1173482,1985,2003,10,19,0.069440839,0.667325261,0.597884422,5.406155,6.376224,11.173301,-8.276534,11.296613,-0.087190735,0.109301,0.021821,Mixed,TRUE,FALSE,TRUE,FALSE
GER_018_MZB_LO_152,Germany,50.3471413,7.96645598,1173482,1983,2003,11,21,0.014240106,0.03414536,0.019905254,2.106255,2.330344,6.165232,-5.814743,4.652399,0.020044588,0.104524,0.024103,Mixed,TRUE,FALSE,TRUE,FALSE
GER_018_MZB_LO_20,Germany,49.78024377,6.697438905,1173482,1982,2003,10,22,0.070163884,0.006281221,-0.063882663,0.434473,1.062598,4.044291,-11.320108,0.939459,-0.014651684,0.156715,0.034117,Mixed,TRUE,FALSE,TRUE,FALSE
GER_018_MZB_LO_23,Germany,49.95007226,7.02542091,1173482,1982,1999,9,18,0.023677465,0.037760382,0.014082918,4.452463,4.933588,3.747605,-7.656044,10.010305,0.047463446,0.149305,0.041834,Mixed,TRUE,FALSE,TRUE,FALSE
GER_018_MZB_LO_24,Germany,50.16153622,7.18423035,1173482,1982,1999,12,18,0.011086489,0.010811757,-0.000274732,1.747533,2.631954,7.157318,-13.542851,3.647825,-0.016589366,0.129002,0.013302,Mixed,TRUE,FALSE,TRUE,FALSE
GER_018_MZB_LO_26,Germany,50.367757,7.568814625,1173482,1982,2003,8,22,0.003850328,0.000279667,-0.00357066,2.607036,3.452685,5.103868,-9.862699,5.578936,-0.020822471,0.150168,0.031015,Mixed,TRUE,FALSE,TRUE,FALSE
GER_018_MZB_LO_27,Germany,52.34059654,7.355128008,1292342,1986,2005,12,20,0.718017961,0.831120077,0.113102115,-1.885318,-2.929525,-5.093177,4.720573,-3.8348,0.016563101,0.067561,0.002701,Mixed,TRUE,FALSE,TRUE,FALSE
GER_018_MZB_LO_28,Germany,52.46099043,7.4973813,1292342,1986,1997,11,12,0.03858378,0.110970244,0.072386464,4.460193,4.719191,5.126744,3.225658,11.613238,0.07311904,0.167012,0.019558,Mixed,TRUE,FALSE,TRUE,FALSE
GER_018_MZB_LO_29,Germany,52.53455694,7.343269532,1292342,1986,1996,10,11,0.633596632,0.461830125,-0.171766507,-0.541374,-0.288478,3.360179,-9.573719,-0.573908,0.170005533,0.012653,0.009364,Mixed,TRUE,FALSE,TRUE,FALSE
GER_018_MZB_LO_30,Germany,52.53004721,7.357292805,1292342,1987,2005,9,19,0.687994585,0.04433213,-0.643662455,-3.18429,-2.527474,-1.465281,-8.013687,-6.031757,0.131693445,0.12523,0.02505,Mixed,TRUE,FALSE,TRUE,FALSE
GER_018_MZB_LO_31,Germany,52.51887152,7.334761037,1292342,1987,2004,8,18,0.430941995,0.429265661,-0.001676334,1.188495,1.149798,0.806587,0.120702,2.590006,0.046872116,0.087041,0.006631,Mixed,TRUE,FALSE,TRUE,FALSE
GER_018_MZB_LO_32,Germany,53.4157678,7.380270438,1293067,1986,2006,13,21,0.874390766,0.851298486,-0.023092279,0.212293,0.091615,-0.554517,-1.862576,0.553906,0.032971951,0.037454,0.002802,Mixed,TRUE,FALSE,TRUE,FALSE
GER_018_MZB_LO_34,Germany,52.55594048,10.85618586,1293488,1986,1997,7,12,0.139467709,0.137979511,-0.001488197,1.323551,1.427633,2.410503,-6.766189,2.792163,0.001697179,0.018933,0.002805,Mixed,TRUE,FALSE,TRUE,FALSE
GER_018_MZB_LO_35,Germany,52.54051072,10.78261696,1293488,1988,2001,10,14,0.007117532,0.07011358,0.062996047,-0.93896,0.178371,2.528672,-2.229604,-1.874292,0.035207527,0.017123,0.030331,Mixed,TRUE,FALSE,TRUE,FALSE
GER_018_MZB_LO_36,Germany,52.49219337,10.03105953,1293488,1989,2006,8,18,0.445111047,0.573834613,0.128723566,-1.818108,-3.844948,-7.021869,8.256832,-3.670738,-0.023129609,0.002925,0.016988,Mixed,TRUE,FALSE,TRUE,FALSE
GER_018_MZB_LO_37,Germany,52.7404345,9.714984954,1293488,1986,2006,10,21,0.164932655,0.060329243,-0.104603412,-1.518704,-0.366682,-0.109692,-7.976905,-1.608995,0.046933193,0.120407,0.015022,Mixed,TRUE,FALSE,TRUE,FALSE
GER_018_MZB_LO_39,Germany,52.30089052,9.435472665,1293488,1986,2006,9,21,0.181656092,0.097646686,-0.084009406,-0.819604,-1.908755,-3.925867,-2.24737,-1.530278,0.070220122,0.065195,0.011391,Mixed,TRUE,FALSE,TRUE,FALSE
GER_018_MZB_LO_40,Germany,52.70222875,9.616108909,1293488,1990,2006,7,17,0.559376384,0.655797857,0.096421473,-2.872593,-6.157213,-8.846831,9.394469,-5.624968,0.056011683,0.071008,0.020192,Mixed,TRUE,FALSE,TRUE,FALSE
GER_018_MZB_LO_41,Germany,53.19736598,9.55433257,1293488,1986,2006,14,21,0.003543094,0.152517819,0.148974724,0.283146,0.067299,-2.498472,-2.497685,1.032134,0.052060829,0.059,0.020861,Mixed,TRUE,FALSE,TRUE,FALSE
GER_018_MZB_LO_42,Germany,53.22906004,9.622191805,1293488,1986,2006,12,21,0.650404576,0.812441278,0.162036702,-0.157983,-1.616954,-5.673192,4.013065,-0.419291,-0.040001373,0.065557,0.015032,Mixed,TRUE,FALSE,TRUE,FALSE
GER_018_MZB_LO_44,Germany,52.58616943,8.033627725,1292342,1986,2009,9,24,0.573987719,0.047691228,-0.526296491,-2.702046,-2.653548,-1.837095,-1.950124,-5.215925,0.049728495,0.066994,0.018325,Mixed,TRUE,FALSE,TRUE,FALSE
GER_018_MZB_LO_45,Germany,53.23465549,9.318415308,1294733,1986,2013,8,28,0.041501385,0.047769102,0.006267717,0.564229,0.51049,-2.012528,-3.234433,1.188463,-0.010679554,0.0373,0.008655,Mixed,TRUE,FALSE,TRUE,FALSE
GER_018_MZB_LO_46,Germany,53.28882836,8.178570662,1287185,1986,2006,13,21,0.166602119,0.418304713,0.251702594,-3.871675,-2.186867,-3.006526,-9.555088,-7.933084,0.010005319,0.114404,0.019222,Mixed,TRUE,FALSE,TRUE,FALSE
GER_018_MZB_LO_49,Germany,51.49448103,6.908378765,1173482,1972,2007,9,36,0.035695445,0.132955683,0.097260238,1.527334,1.425089,2.944374,6.006615,3.539955,-0.003000978,0.054372,0.01773,Mixed,TRUE,FALSE,TRUE,FALSE
GER_018_MZB_LO_67,Germany,50.76659944,7.107970345,1173482,1971,2005,14,35,0.063807528,0.626326533,0.562519005,3.19988,2.539538,1.924135,3.542527,6.676191,-0.053651631,0.081122,0.024339,Mixed,TRUE,FALSE,TRUE,FALSE
GER_018_MZB_LO_70,Germany,50.34946891,7.185974807,1173482,1983,2004,8,22,0.75324478,0.81504492,0.06180014,5.156637,4.83619,8.360923,-1.06982,12.179806,0.074596795,0.030199,0.024738,Mixed,TRUE,FALSE,TRUE,FALSE
GER_018_MZB_LO_71,Germany,50.61821427,7.411629935,1173482,1982,2002,8,21,0.525799867,0.163483467,-0.3623164,4.361967,5.987284,13.096791,-10.738982,10.045303,0.092945267,0.097271,0.014202,Mixed,TRUE,FALSE,TRUE,FALSE
GER_018_MZB_LO_72,Germany,50.44004666,7.454554839,1173482,1982,1995,7,14,0.231900177,0.133359824,-0.098540353,8.830743,10.329475,21.288151,-12.399358,20.061767,0.021574879,0.147269,0.018191,Mixed,TRUE,FALSE,TRUE,FALSE
GER_018_MZB_LO_73,Germany,52.42768374,7.581689068,1292342,1986,1997,11,12,0.084014565,0.242657501,0.158642936,1.63923,1.654366,3.06723,-3.46329,3.651515,0.068709041,0.039464,0.018633,Mixed,TRUE,FALSE,TRUE,FALSE
GER_018_MZB_LO_87,Germany,49.86675908,6.296043222,1173482,1983,2003,10,21,0.343313163,0.749191812,0.405878649,6.573807,7.600187,8.228493,-5.811979,15.202215,-0.050115252,0.001054,0.016456,Mixed,TRUE,FALSE,TRUE,FALSE
GER_018_MZB_LO_88,Germany,50.31793488,7.247961855,1173482,1983,2007,9,25,0.160195079,0.452378131,0.292183052,7.345417,6.831524,6.185242,2.655128,16.170948,-0.033953739,0.07912,0.026955,Mixed,TRUE,FALSE,TRUE,FALSE
GER_018_MZB_LO_89,Germany,50.38473763,8.014983595,1173482,1983,2006,12,24,0.000873308,0.0302961,0.029422792,0.643367,2.248794,4.297605,-9.120192,1.538567,0.021372913,0.085153,0.016001,Mixed,TRUE,FALSE,TRUE,FALSE
GER_018_MZB_LO_9,Germany,51.82042805,10.45460139,1293488,1986,2006,9,21,0.107507042,0.024413609,-0.083093433,-6.877265,-6.680322,-9.825119,-3.18649,-12.930816,0.031165462,0.019424,0.028168,Mixed,TRUE,FALSE,TRUE,FALSE
GER_019_MZB_LO_1,Germany,50.18688582,9.100367643,1173482,2002,2016,12,15,0.439209627,0.286812591,-0.152397036,-0.116988,-0.075669,0.401095,-5.299501,-0.060982,0.080752031,0.000841,0.005151,Mixed,TRUE,FALSE,TRUE,FALSE
GER_019_MZB_LO_2,Germany,50.160917,9.318498,1173482,2001,2016,14,16,0.761119244,0.677228082,-0.083891162,-0.824158,-0.079913,0.285461,-0.642983,-1.743501,-0.009582223,0.009035,0.00828,Mixed,TRUE,FALSE,TRUE,FALSE
GER_019_MZB_LO_3,Germany,50.037406,9.428786,1173482,2001,2015,14,15,0.813784732,0.847584132,0.033799401,-0.582944,0.094746,1.207085,-8.831239,-0.94593,0.067501851,0.055793,0.010633,Mixed,TRUE,FALSE,TRUE,FALSE
GER_021_MZB_LO_1,Germany,48.93833,13.41254,1291835,1983,2017,16,35,0.991125675,0.968332232,-0.022793444,1.680241,0.986849,0.059898,4.679955,3.649758,-0.017509684,0.042369,0.003193,Mixed,TRUE,FALSE,TRUE,FALSE
GER_069_MZB_LO_32,Germany,48.72814058,11.50142908,1291835,2009,2020,10,12,0.801629153,0.79493027,-0.006698882,1.105453,0.43085,-2.83409,-3.03186,2.23784,-0.02317072,0.070234,0.010336,Mixed,TRUE,FALSE,TRUE,FALSE
GER_069_MZB_LO_37,Germany,49.02193502,11.50024707,1291835,2007,2018,10,12,0.79303344,0.505092123,-0.287941317,-0.125995,1.668963,0.89097,-6.829454,0.13366,0.141129859,0.09004,0.017543,Mixed,TRUE,FALSE,TRUE,FALSE
GER_070_MZB_LO_112,Germany,51.06027302,7.653486914,1173482,2006,2019,7,14,0.706371377,0.634587445,-0.071783932,2.018968,0.497995,-2.525403,6.28049,4.473908,0.081533,0.067247,0.007967,Mixed,TRUE,FALSE,TRUE,FALSE
GER_070_MZB_LO_130,Germany,50.81190417,7.183406957,1173482,2006,2019,10,14,0.651534481,0.475586205,-0.175948276,0.724838,-0.453326,-1.590303,3.618147,1.707253,0.084102232,0.058773,0.007733,Mixed,TRUE,FALSE,TRUE,FALSE
GER_070_MZB_LO_139,Germany,50.8723892,7.196335779,1173482,2008,2019,7,12,0.587310034,0.530101,-0.057209034,1.318191,1.961756,1.553922,2.161448,2.906202,0.065128225,0.015373,0.001354,Mixed,TRUE,FALSE,TRUE,FALSE
GER_070_MZB_LO_144,Germany,50.77014189,7.654743668,1173482,2006,2019,7,14,0.74091753,0.785481754,0.044564224,1.787043,1.721227,4.09633,4.763519,3.743991,0.030727837,0.005235,0.008763,Mixed,TRUE,FALSE,TRUE,FALSE
GER_070_MZB_LO_190,Germany,51.0398265,6.977533463,1173482,2006,2019,7,14,0.556487077,0.643132206,0.086645129,0.388417,0.166296,-2.401075,4.086528,0.900021,0.027205608,0.074578,0.012983,Mixed,TRUE,FALSE,TRUE,FALSE
GER_070_MZB_LO_197,Germany,51.14904182,7.429271284,1173482,2007,2019,7,13,0.636277929,0.631291552,-0.004986377,1.211081,-1.28092,-3.225633,10.636429,2.913753,0.085026695,0.05958,0.003355,Mixed,TRUE,FALSE,TRUE,FALSE
GER_071_MZB_LO_13,Germany,53.93026207,10.69795313,1291926,2009,2021,11,13,0.668581395,0.584315615,-0.084265781,-1.261834,-0.43853,0.629576,5.409068,-2.554316,0.040528233,0.079696,0.013209,Mixed,TRUE,FALSE,TRUE,FALSE
GER_071_MZB_LO_15,Germany,53.78683751,10.54298099,1291926,2009,2021,7,13,0.236577657,0.191896458,-0.044681199,2.687745,2.043191,-1.084899,1.091812,6.000892,0.109192267,0.024249,0.018321,Mixed,TRUE,FALSE,TRUE,FALSE
GER_071_MZB_LO_9,Germany,54.74448826,9.105119459,1294760,2009,2020,7,12,0.410588805,0.629322676,0.218733871,4.30186,3.851102,10.118779,10.268942,8.78492,-0.044164982,0.109304,0.014809,Mixed,TRUE,FALSE,TRUE,FALSE
GER_072_MZB_LO_28,Germany,50.92117917,14.87004555,1294020,2009,2020,10,12,0.066978587,0.162932192,0.095953605,2.447806,-0.850287,-4.857959,17.461763,5.154386,-0.071806297,2.10E-05,0.012697,Mixed,TRUE,FALSE,TRUE,FALSE
GER_072_MZB_LO_29,Germany,50.98439505,14.91868774,1294020,2009,2020,9,12,0.151693061,0.309245552,0.157552491,1.916757,0.03698,3.239683,6.803681,5.040469,-0.030436919,0.058811,0.005895,Mixed,TRUE,FALSE,TRUE,FALSE
GER_072_MZB_LO_30,Germany,51.11907718,14.99284832,1294020,2009,2018,7,10,0.816195821,0.626869946,-0.189325875,-0.483404,-2.546786,1.69837,12.42958,0.240798,0.187887057,0.14528,0.019996,Mixed,TRUE,FALSE,TRUE,FALSE
GER_072_MZB_LO_31,Germany,51.41598015,14.96640824,1294020,2009,2020,11,12,0.859507643,0.679254777,-0.180252866,0.940963,-2.13752,-0.934303,13.062517,2.170209,0.067670275,0.08447,0.024174,Mixed,TRUE,FALSE,TRUE,FALSE
GER_072_MZB_LO_33,Germany,51.48935439,14.85421778,1294020,2010,2020,10,11,0.814771376,0.746959436,-0.067811941,6.769126,0.902976,-0.785747,16.099849,15.260225,0.09601217,0.098835,0.033642,Mixed,TRUE,FALSE,TRUE,FALSE
GER_072_MZB_LO_34,Germany,51.56127416,14.7116417,1294020,2010,2019,9,10,0.857394595,0.947054054,0.089659459,0.588527,-2.569752,-1.993905,17.928979,2.497735,-0.062139928,0.105095,0.01813,Mixed,TRUE,FALSE,TRUE,FALSE
GER_072_MZB_LO_59,Germany,50.61551607,13.19128627,1294020,2009,2020,8,12,0.822751285,0.79410116,-0.028650125,2.702443,1.651304,2.038701,3.554217,5.289303,-0.123642303,0.090202,0.008573,Mixed,TRUE,FALSE,TRUE,FALSE
GER_072_MZB_LO_62,Germany,50.41399214,12.53228224,1294020,2009,2019,8,11,0.900015306,0.932260204,0.032244898,4.635097,-0.70283,-2.595271,16.450889,12.251147,-0.062743621,0.099377,0.023822,Mixed,TRUE,FALSE,TRUE,FALSE
GER_072_MZB_LO_64,Germany,50.41495774,12.59279131,1294020,2009,2020,8,12,0.89397449,0.80277551,-0.09119898,-1.078221,2.499248,1.335578,-15.716964,-1.130213,-0.013697544,0.184427,0.041206,Mixed,TRUE,FALSE,TRUE,FALSE
GER_072_MZB_LO_69,Germany,51.59068543,12.58042723,1294020,2009,2020,7,12,0.830542169,0.83585994,0.005317771,0.3654,2.300476,5.298568,-5.782009,0.519073,-0.072473063,0.038146,0.00346,Mixed,TRUE,FALSE,TRUE,FALSE
GER_072_MZB_LO_73,Germany,50.27549163,12.29590283,1294020,2009,2020,7,12,0.776659666,0.705555617,-0.071104049,4.328401,3.034452,8.128981,7.963824,8.721279,-0.170468325,0.058085,0.005731,Mixed,TRUE,FALSE,TRUE,FALSE
GER_072_MZB_LO_86,Germany,50.31992698,12.13891815,1294020,2009,2020,9,12,0.726810395,0.780228333,0.053417937,4.329025,3.038419,0.99875,5.443851,9.338742,-0.008135,0.085063,0.015838,Mixed,TRUE,FALSE,TRUE,FALSE
GER_073_MZB_LO_10,Germany,51.66791978,12.60338857,1294020,2008,2018,7,11,0.7182,0.798771429,0.080571429,-0.628224,-2.745221,-8.09431,5.243058,-0.703705,0.101677195,0.131483,0.033607,Mixed,TRUE,FALSE,TRUE,FALSE
GER_073_MZB_LO_106,Germany,52.15203988,11.70568704,1294020,2008,2020,8,13,0.829095994,0.7121939,-0.116902093,0.462432,0.9771,-0.000454,-3.295747,1.075949,0.01023628,0.063409,0.014393,Mixed,TRUE,FALSE,TRUE,FALSE
GER_073_MZB_LO_14,Germany,51.42945499,11.97323124,1294020,2008,2019,9,12,0.775239819,0.804071267,0.028831448,-1.163814,-1.958031,-3.463632,4.660592,-2.323584,0.018823727,0.163065,0.025311,Mixed,TRUE,FALSE,TRUE,FALSE
GER_073_MZB_LO_144,Germany,52.69954126,11.06840361,1294020,2008,2019,7,12,0.656386662,0.79686629,0.140479628,1.388169,1.453644,2.664397,4.908649,2.378423,-0.134743315,0.053732,0.002038,Mixed,TRUE,FALSE,TRUE,FALSE
GER_073_MZB_LO_15,Germany,51.20514985,11.77323237,1294020,2006,2018,7,13,0.188299658,0.1087539,-0.079545758,-3.347771,-4.222172,-7.322158,0.653744,-6.731549,-0.011377742,0.182394,0.003775,Mixed,TRUE,FALSE,TRUE,FALSE
GER_073_MZB_LO_151,Germany,52.90984515,11.00990896,1294020,2007,2019,10,13,0.550438751,0.409282626,-0.141156125,0.106057,1.623198,2.873292,-4.325974,0.098609,-0.03947563,0.034829,0.003211,Mixed,TRUE,FALSE,TRUE,FALSE
GER_073_MZB_LO_2,Germany,51.89288402,12.51166941,1294020,2009,2018,7,10,0.77466042,0.769973841,-0.004686579,-0.138839,0.592392,-4.744241,-2.740724,0.033762,-0.003990642,0.031942,0.018797,Mixed,TRUE,FALSE,TRUE,FALSE
GER_073_MZB_LO_3,Germany,51.60394971,12.45920392,1294020,2008,2018,8,11,0.908366399,0.965454967,0.057088569,3.112228,4.818224,7.7881,-8.759703,6.416668,-0.07317367,0.11297,0.017159,Mixed,TRUE,FALSE,TRUE,FALSE
GER_073_MZB_LO_4,Germany,51.87217893,12.23683923,1294020,2008,2019,8,12,0.706202142,0.642298834,-0.063903309,0.168972,1.060428,3.649826,-0.862981,0.628465,0.093073899,0.16432,0.043769,Mixed,TRUE,FALSE,TRUE,FALSE
GER_073_MZB_LO_44,Germany,50.99360561,12.11998822,1294020,2008,2019,7,12,0.764906077,0.710513812,-0.054392265,-1.033123,-1.38215,-1.522627,1.954953,-1.97512,-0.106994539,0.057021,0.01258,Mixed,TRUE,FALSE,TRUE,FALSE
GER_073_MZB_LO_54,Germany,50.99398458,12.10104198,1294020,2008,2019,8,12,0.692148014,0.686747292,-0.005400722,1.481788,1.786998,4.096534,3.260527,3.092686,-0.047446262,0.026311,0.0198,Mixed,TRUE,FALSE,TRUE,FALSE
GER_073_MZB_LO_6,Germany,51.8026435,12.86758151,1294020,2008,2019,8,12,0.789796797,0.774447448,-0.015349349,-2.545837,-2.2615,-5.047852,-2.117633,-5.061204,0.023276166,0.047342,0.012447,Mixed,TRUE,FALSE,TRUE,FALSE
GER_073_MZB_LO_66,Germany,51.95034765,11.19951481,1294020,2009,2019,7,11,0.431619565,0.764684783,0.333065217,3.589153,2.494507,2.392752,3.141602,7.048938,-0.160029795,0.149583,0.02119,Mixed,TRUE,FALSE,TRUE,FALSE
GER_073_MZB_LO_69,Germany,51.84574866,11.70623474,1294020,2008,2018,8,11,0.18062025,0.280928078,0.100307828,0.109834,1.483606,2.922115,-4.748691,0.519033,-0.035688226,0.186459,0.047616,Mixed,TRUE,FALSE,TRUE,FALSE
GER_073_MZB_LO_70,Germany,51.91686681,11.87392488,1294020,2006,2019,8,14,0.6533979,0.359790959,-0.293606941,-2.541549,-3.557227,-3.522935,5.7697,-5.744972,-0.028834013,0.030802,0.011666,Mixed,TRUE,FALSE,TRUE,FALSE
GER_073_MZB_LO_73,Germany,52.24859399,11.66641889,1294020,2006,2017,8,12,0.42136413,0.480788043,0.059423913,0.397558,1.473332,2.359317,-8.304198,1.100628,0.083094029,0.150068,0.006354,Mixed,TRUE,FALSE,TRUE,FALSE
GER_073_MZB_LO_74,Germany,52.99496859,11.60311799,1294020,2006,2016,7,11,0.2108822,0.330195155,0.119312955,4.207521,2.444365,2.734263,-0.906189,9.567406,0.127878456,0.033853,0.018117,Mixed,TRUE,FALSE,TRUE,FALSE
GER_073_MZB_LO_78,Germany,52.2134086,11.13364542,1294020,2008,2018,8,11,0.309382015,0.45468713,0.145305115,3.681199,2.007489,6.909895,5.160801,7.622293,-0.029108738,0.158627,0.046732,Mixed,TRUE,FALSE,TRUE,FALSE
GER_073_MZB_LO_85,Germany,51.67351838,11.19154101,1294020,2008,2020,7,13,0.746526167,0.724183552,-0.022342616,8.024022,5.356041,5.515613,11.67519,19.558666,-0.042258453,0.032273,0.017005,Mixed,TRUE,FALSE,TRUE,FALSE
GRC_048_MZB_LO_1,Greece,40.53310984,22.19779814,1292064,2012,2023,9,12,0.63775212,0.597394483,-0.040357637,-1.844097,-0.989054,-4.312188,-3.095444,-5.190017,-0.013186319,0.010162,0.021286,Family,TRUE,FALSE,TRUE,FALSE
GRC_048_MZB_LO_102,Greece,39.52941,22.011662,1287371,2012,2021,8,10,0.365060976,0.374939024,0.009878049,-11.560967,-2.019856,-1.018134,-26.783198,-22.262113,0.11096612,0.011887,0.01292,Family,TRUE,FALSE,TRUE,FALSE
GRC_048_MZB_LO_107,Greece,38.38779312,21.86056299,1287431,2012,2023,10,12,0.750854382,0.613001112,-0.137853269,-4.117389,-4.187188,-4.301267,-0.683135,-7.824628,0.012553771,0.096527,0.018036,Family,TRUE,FALSE,TRUE,FALSE
GRC_048_MZB_LO_108,Greece,38.5115094,22.07488331,1287430,2012,2023,10,12,0.946486081,0.943039258,-0.003446824,2.306972,1.064041,-0.522325,4.257328,7.421447,-0.039582295,0.022011,0.009783,Family,TRUE,FALSE,TRUE,FALSE
GRC_048_MZB_LO_11,Greece,41.136423,25.535138,1288305,2012,2022,9,11,0.548651019,0.488681631,-0.059969388,3.266057,-0.857125,-1.863161,-4.715053,-12.939316,-0.057375384,0.127113,0.031524,Family,TRUE,FALSE,TRUE,FALSE
GRC_048_MZB_LO_110,Greece,40.584281,22.460926,1292064,2012,2023,9,12,0.41239601,0.351013032,-0.061382978,-4.677544,-5.471627,-2.929609,17.430039,-12.740974,-0.084782459,0.045119,0.029155,Family,TRUE,FALSE,TRUE,FALSE
GRC_048_MZB_LO_111,Greece,37.63420888,21.64196385,1293835,2014,2023,7,10,0.735701198,0.969976017,0.234274819,3.424085,2.069868,3.356252,4.428828,8.178702,0.246483835,0.046166,0.00502,Family,TRUE,FALSE,TRUE,FALSE
GRC_048_MZB_LO_113,Greece,39.921888,22.701567,1292001,2012,2022,9,11,0.453634941,0.384744004,-0.068890937,0.596953,3.566843,4.115954,-6.874955,-1.509216,0.052498641,0.106576,0.012188,Family,TRUE,FALSE,TRUE,FALSE
GRC_048_MZB_LO_114,Greece,39.891494,22.607448,1287371,2012,2022,9,11,0.813223769,0.646318437,-0.166905332,-1.091701,1.700819,-4.688515,-10.317544,-1.877919,0.09382546,0.171339,0.062164,Family,TRUE,FALSE,TRUE,FALSE
GRC_048_MZB_LO_115,Greece,39.85137778,22.51186111,1287371,2012,2022,9,11,0.437140865,0.418237462,-0.018903403,-3.223219,3.400292,8.910312,-14.386374,-3.06228,0.000242211,0.144011,0.042399,Family,TRUE,FALSE,TRUE,FALSE
GRC_048_MZB_LO_116,Greece,39.8069,22.399008,1287371,2012,2023,10,12,0.693276231,0.583708066,-0.109568166,0.091013,-0.835192,-3.252885,2.414228,1.44411,0.046129876,0.165645,0.043009,Family,TRUE,FALSE,TRUE,FALSE
GRC_048_MZB_LO_117,Greece,39.78782222,22.38941667,1287371,2012,2023,10,12,0.504296977,0.43436571,-0.069931267,-4.086701,-1.769699,-3.472316,-10.992464,1.545518,0.123227768,0.068747,0.024964,Family,TRUE,FALSE,TRUE,FALSE
GRC_048_MZB_LO_118,Greece,39.591937,22.220357,1287371,2012,2022,7,11,0.681588229,0.794152072,0.112563843,11.602902,5.656207,11.81724,94.961517,39.928819,0.021671155,0.128085,0.045165,Family,TRUE,FALSE,TRUE,FALSE
GRC_048_MZB_LO_119,Greece,39.58204,22.11037,1287371,2012,2022,9,11,0.610296976,0.424742943,-0.185554032,-1.68475,2.216553,2.522151,-9.886228,-2.774137,0.225679445,0.156808,0.041995,Family,TRUE,FALSE,TRUE,FALSE
GRC_048_MZB_LO_120,Greece,39.568569,22.078457,1287371,2012,2022,9,11,0.476914912,0.270849942,-0.206064971,-5.086039,5.341465,11.370447,-25.58567,-9.137147,0.166494348,0.313044,0.056872,Family,TRUE,FALSE,TRUE,FALSE
GRC_048_MZB_LO_121,Greece,39.526683,21.940047,1287371,2012,2023,10,12,0.371251747,0.601644902,0.230393155,4.246858,0.474357,-0.675173,9.273698,9.657698,0.054387925,0.139221,0.051115,Family,TRUE,FALSE,TRUE,FALSE
GRC_048_MZB_LO_122,Greece,39.639246,21.638741,1287371,2013,2023,7,11,0.616357912,0.470803336,-0.145554575,-2.25953,-2.062823,0.525889,12.811838,-5.839185,-0.037016764,0.00578,0.005035,Family,TRUE,FALSE,TRUE,FALSE
GRC_048_MZB_LO_123,Greece,39.47621275,21.81038153,1287371,2012,2023,8,12,0.491503268,0.764705882,0.273202614,6.232432,0.317706,0.384081,14.517821,12.014662,0.024780648,0.058079,0.007836,Family,TRUE,FALSE,TRUE,FALSE
GRC_048_MZB_LO_124,Greece,37.12578056,21.99131111,1285758,2012,2023,10,12,0.750986826,0.683525864,-0.067460962,-1.80966,-3.95088,-4.947223,21.091302,-4.125141,-0.172929865,0.215905,0.047886,Family,TRUE,FALSE,TRUE,FALSE
GRC_048_MZB_LO_126,Greece,38.89842487,21.7852023,1293857,2012,2023,10,12,0.841524625,0.762161313,-0.079363312,-0.886646,-0.348966,0.680034,-0.82639,-1.762091,0.048045506,0.03417,0.000299,Family,TRUE,FALSE,TRUE,FALSE
GRC_048_MZB_LO_128,Greece,38.21451126,21.71978856,1256414,2013,2023,8,11,0.944664067,0.52940088,-0.415263188,-4.609129,-1.124268,-1.541033,-12.45777,-10.494715,-0.020316622,0.104099,0.013905,Family,TRUE,FALSE,TRUE,FALSE
GRC_048_MZB_LO_130,Greece,39.49416286,21.32346778,1293857,2012,2023,10,12,1.089361884,0.764645967,-0.324715917,-0.651715,0.13294,1.746339,-5.603405,0.817227,0.067942589,0.015139,0.000408,Family,TRUE,FALSE,TRUE,FALSE
GRC_048_MZB_LO_131,Greece,39.44086642,21.26115637,1293857,2012,2023,10,12,0.965310492,0.723483226,-0.241827266,0.318217,0.738432,2.233038,-2.653033,1.082624,0.021386911,0.000965,0.001274,Family,TRUE,FALSE,TRUE,FALSE
GRC_048_MZB_LO_132,Greece,40.942397,23.693368,1294609,2012,2023,10,12,0.481714416,0.514246885,0.032532469,-1.776032,-0.910365,0.320179,3.833661,-2.901667,0.159779065,0.045769,0.009549,Family,TRUE,FALSE,TRUE,FALSE
GRC_048_MZB_LO_133,Greece,39.713457,22.43364,1287371,2012,2022,8,11,0.660284771,0.347897309,-0.312387462,-5.044428,1.314571,2.961109,-19.728299,-4.443724,0.014570601,0.286818,0.077439,Family,TRUE,FALSE,TRUE,FALSE
GRC_048_MZB_LO_134,Greece,37.81041836,21.23455319,1288344,2012,2023,7,12,0.503537125,0.540174241,0.036637116,-4.778334,-2.04893,-1.188721,8.359153,-1.290686,0.034264876,0.000684,0.008962,Family,TRUE,FALSE,TRUE,FALSE
GRC_048_MZB_LO_135,Greece,38.12798879,21.6243459,1284389,2013,2023,8,11,0.621937026,0.321259145,-0.300677881,0.725927,1.085575,-1.341385,1.099067,2.436008,0.037198593,0.049714,0.01178,Family,TRUE,FALSE,TRUE,FALSE
GRC_048_MZB_LO_136,Greece,40.67399322,22.54061186,1292064,2012,2023,9,12,0.266696859,0.270619316,0.003922457,-4.580664,-3.596894,-5.841344,-9.958631,-7.949132,0.081159087,0.018412,0.00097,Family,TRUE,FALSE,TRUE,FALSE
GRC_048_MZB_LO_139,Greece,41.313228,23.340335,1294609,2012,2023,10,12,0.562087437,0.600822955,0.038735517,0.52325,-0.143831,-0.750763,2.209404,2.083636,0.09014796,0.086882,0.026963,Family,TRUE,FALSE,TRUE,FALSE
GRC_048_MZB_LO_140,Greece,41.046062,22.662448,1292064,2012,2023,10,12,0.475016897,0.59203124,0.117014343,1.519405,0.944775,-3.488534,4.744769,1.668235,-0.186571607,0.06562,0.023567,Family,TRUE,FALSE,TRUE,FALSE
GRC_048_MZB_LO_143,Greece,41.62557663,26.41945483,1293409,2012,2022,9,11,0.554146966,0.661691553,0.107544588,3.998589,7.527158,12.838135,-6.926802,8.558518,0.03791903,0.172282,0.046035,Family,TRUE,FALSE,TRUE,FALSE
GRC_048_MZB_LO_144,Greece,41.370423,23.353469,1294609,2013,2022,8,10,0.579607705,0.715030885,0.13542318,2.163366,2.993176,7.012888,-2.299729,4.891706,0.04422693,0.044829,0.002113,Family,TRUE,FALSE,TRUE,FALSE
GRC_048_MZB_LO_145,Greece,40.9928928,23.5981913,1294609,2012,2023,10,12,0.275034119,0.655781733,0.380747614,4.958093,2.085125,3.064073,14.192317,12.663675,-0.018307861,0.139215,0.032462,Family,TRUE,FALSE,TRUE,FALSE
GRC_048_MZB_LO_146,Greece,40.912552,23.79774,1294609,2012,2023,9,12,0.156245552,0.578003559,0.421758007,19.420016,8.478177,11.417167,31.48471,7.75006,0.041184054,0.113431,0.065303,Family,TRUE,FALSE,TRUE,FALSE
GRC_048_MZB_LO_147,Greece,41.041846,24.037177,1294609,2012,2023,10,12,0.672721627,0.578118487,-0.094603141,-2.224987,-2.421589,-4.862966,-0.312358,-4.632214,-0.014837595,0.002684,0.017194,Family,TRUE,FALSE,TRUE,FALSE
GRC_048_MZB_LO_148,Greece,41.0315043,24.0468311,1294609,2012,2023,9,12,0.261219598,0.242511007,-0.018708591,2.026884,2.434131,3.017449,13.79229,5.323628,0.088705599,0.102174,0.033326,Family,TRUE,FALSE,TRUE,FALSE
GRC_048_MZB_LO_149,Greece,40.927238,23.828493,1294609,2012,2023,9,12,0.765997815,0.71904297,-0.046954845,-3.850022,-2.370685,-5.957528,-2.294689,-7.636173,-0.041021056,0.134194,0.047475,Family,TRUE,FALSE,TRUE,FALSE
GRC_048_MZB_LO_15,Greece,37.39018312,22.08634712,1293835,2012,2023,8,12,0.497327294,0.587829174,0.09050188,-2.268325,0.183031,1.403157,-0.733399,-4.532746,0.001367505,0.019152,0.003946,Family,TRUE,FALSE,TRUE,FALSE
GRC_048_MZB_LO_150,Greece,38.22797503,22.10645242,1207702,2013,2023,8,11,0.874473358,0.631598513,-0.242874845,-0.379356,2.169025,5.112869,-7.661009,-1.953771,0.137070942,0.121352,0.031943,Family,TRUE,FALSE,TRUE,FALSE
GRC_048_MZB_LO_151,Greece,40.05291,21.56019,1292064,2012,2023,10,12,0.686673961,0.744395504,0.057721542,-1.639212,3.855311,6.31392,-24.229287,-3.640633,-0.081814761,0.070636,0.012987,Family,TRUE,FALSE,TRUE,FALSE
GRC_048_MZB_LO_153,Greece,39.154823,22.491101,1287371,2012,2023,10,12,0.58096416,0.592133647,0.011169487,1.673648,3.5374,9.293487,-9.356323,4.469294,0.093126151,0.045719,0.003497,Family,TRUE,FALSE,TRUE,FALSE
GRC_048_MZB_LO_154,Greece,41.17856,24.70111,1268430,2012,2022,8,11,0.548440958,0.736615517,0.188174559,4.906676,0.241124,3.472017,20.387818,9.701648,-0.099626299,0.102119,0.022097,Family,TRUE,FALSE,TRUE,FALSE
GRC_048_MZB_LO_155,Greece,39.119366,22.164597,1287371,2012,2023,8,12,0.714687342,0.654130355,-0.060556986,-2.225308,-0.336065,-0.078029,-4.054126,-3.932908,0.058104272,0.004474,0.021171,Family,TRUE,FALSE,TRUE,FALSE
GRC_048_MZB_LO_156,Greece,40.7517927,22.1694745,1292064,2012,2023,9,12,0.492814402,0.502916884,0.010102482,-5.40467,-1.872672,-4.616607,-0.508148,-4.563148,0.027594398,0.10366,0.028063,Family,TRUE,FALSE,TRUE,FALSE
GRC_048_MZB_LO_157,Greece,40.546872,22.329773,1292064,2012,2023,9,12,0.262559097,0.304781297,0.0422222,-2.091599,-4.473823,-6.680965,12.650972,-4.008866,0.053627389,0.18384,0.078529,Family,TRUE,FALSE,TRUE,FALSE
GRC_048_MZB_LO_158,Greece,39.634724,22.354996,1287371,2012,2022,9,11,0.453688091,0.544384627,0.090696537,0.030433,-0.222719,-0.767088,-3.682173,1.327464,-0.030184585,0.286584,0.067561,Family,TRUE,FALSE,TRUE,FALSE
GRC_048_MZB_LO_159,Greece,37.41756452,22.08756002,1293835,2012,2023,7,12,0.689747794,0.744168352,0.054420559,-2.924763,-3.704133,-8.985728,-2.341725,-5.007957,0.1615307,0.029468,0.016368,Family,TRUE,FALSE,TRUE,FALSE
GRC_048_MZB_LO_160,Greece,39.786852,22.380001,1287371,2012,2023,8,12,0.503980825,0.453874247,-0.050106578,3.263757,0.947268,0.432775,3.732172,9.344214,0.101309539,0.062509,0.010059,Family,TRUE,FALSE,TRUE,FALSE
GRC_048_MZB_LO_163,Greece,37.04517778,22.06461111,1287497,2012,2023,9,12,0.648212219,0.516672026,-0.131540193,-8.247587,-7.820069,-12.636576,-3.653201,-17.54862,0.007840542,0.145303,0.035528,Family,TRUE,FALSE,TRUE,FALSE
GRC_048_MZB_LO_164,Greece,40.696548,22.676432,1287837,2012,2023,10,12,0.428653369,0.376374744,-0.052278625,-1.671274,-2.479657,0.778006,4.785941,-1.996311,0.046753797,0.021072,0.039775,Family,TRUE,FALSE,TRUE,FALSE
GRC_048_MZB_LO_165,Greece,38.20802529,23.90215283,1253506,2012,2023,7,12,0.662767261,0.76732982,0.104562559,9.335481,8.652914,8.356727,8.07068,19.331983,0.027503974,0.078787,0.032925,Family,TRUE,FALSE,TRUE,FALSE
GRC_048_MZB_LO_17,Greece,40.659928,22.134234,1292064,2014,2023,7,10,0.483305466,0.583879664,0.100574198,-1.724771,-2.299505,-1.088416,2.180135,-1.504973,-0.02021185,0.127946,0.017061,Family,TRUE,FALSE,TRUE,FALSE
GRC_048_MZB_LO_2,Greece,37.36144199,22.09469877,1293835,2012,2023,9,12,0.698944444,0.709549769,0.010605324,-4.789229,-0.235308,4.347608,-11.385974,-9.897812,0.009786813,0.036398,0.022905,Family,TRUE,FALSE,TRUE,FALSE
GRC_048_MZB_LO_20,Greece,40.462724,23.778663,1264976,2013,2023,7,11,0.910014378,0.671506186,-0.238508192,-3.700285,-4.269717,-4.042205,-2.99643,-7.780716,-0.065144849,0.055133,0.017769,Family,TRUE,FALSE,TRUE,FALSE
GRC_048_MZB_LO_25,Greece,38.2617658,23.4631176,1276481,2013,2023,8,11,0.493075563,0.444533192,-0.048542371,5.887214,6.479616,3.399002,16.998657,14.845621,0.096894197,0.128386,0.061352,Family,TRUE,FALSE,TRUE,FALSE
GRC_048_MZB_LO_28,Greece,38.57430692,21.28909209,1293857,2012,2021,7,10,0.795732824,0.896244275,0.100511451,1.086124,1.200377,3.246201,-0.532195,2.524205,-0.095108745,0.020804,0.021648,Family,TRUE,FALSE,TRUE,FALSE
GRC_048_MZB_LO_3,Greece,40.657406,22.697451,1291769,2012,2023,7,12,0.400981796,0.385585912,-0.015395884,-2.183132,1.869405,2.538123,2.302393,-5.551217,-0.154167383,0.158411,0.008542,Family,TRUE,FALSE,TRUE,FALSE
GRC_048_MZB_LO_31,Greece,39.87154345,22.14997069,1287371,2014,2023,7,10,0.361170213,0.398510638,0.037340425,-6.082337,-2.976868,-3.198563,-22.355499,-9.3494,0.162416858,0.025018,0.002499,Family,TRUE,FALSE,TRUE,FALSE
GRC_048_MZB_LO_34,Greece,37.38446281,21.68998229,1279007,2012,2023,9,12,0.827639793,0.605102115,-0.222537679,0.724489,-0.628002,-6.352403,6.217898,3.803082,0.00019916,0.055423,0.005792,Family,TRUE,FALSE,TRUE,FALSE
GRC_048_MZB_LO_36,Greece,39.563521,22.087928,1287371,2012,2022,9,11,0.504704114,0.503279709,-0.001424405,-1.825388,1.634825,-1.312156,-10.19396,-1.827489,0.155813263,0.083143,0.059664,Family,TRUE,FALSE,TRUE,FALSE
GRC_048_MZB_LO_37,Greece,37.64135264,21.47642386,1293835,2014,2023,8,10,0.874287037,0.65387037,-0.220416666,0.503157,0.970265,5.334542,2.199132,-0.097079,0.091439243,0.099032,0.008987,Family,TRUE,FALSE,TRUE,FALSE
GRC_048_MZB_LO_38,Greece,38.46027098,22.93156164,1196314,2013,2023,9,11,0.446053919,0.447271074,0.001217156,11.486366,1.701271,2.363084,30.38251,-3.242218,0.054801564,0.131369,0.134995,Family,TRUE,FALSE,TRUE,FALSE
GRC_048_MZB_LO_41,Greece,38.37686514,21.55266455,1292191,2012,2023,10,12,0.733306209,0.585469664,-0.147836545,8.150666,0.511563,1.379302,15.815049,8.11543,0.052327842,0.174183,0.028439,Family,TRUE,FALSE,TRUE,FALSE
GRC_048_MZB_LO_45,Greece,41.1078152,22.53639423,1292064,2012,2023,7,12,0.750530453,0.669220065,-0.081310389,-0.255186,1.110808,0.069235,-6.717808,0.272232,0.141230342,0.070445,0.018378,Family,TRUE,FALSE,TRUE,FALSE
GRC_048_MZB_LO_46,Greece,38.09518584,21.72800665,1284389,2013,2023,7,11,0.490925248,0.756134378,0.26520913,19.189451,-0.034643,6.425415,76.116023,10.140865,0.154907939,0.198149,0.057723,Family,TRUE,FALSE,TRUE,FALSE
GRC_048_MZB_LO_47,Greece,40.899733,26.198855,1293916,2013,2023,7,11,0.425376458,0.487172216,0.061795758,-2.852614,-2.200333,-3.95566,-2.64997,-6.928525,-0.071023686,0.129957,0.003022,Family,TRUE,FALSE,TRUE,FALSE
GRC_048_MZB_LO_48,Greece,40.998714,24.165827,1294609,2012,2023,8,12,0.434213918,0.405604997,-0.02860892,-1.760094,-2.9838,-5.820893,-3.691882,-3.691099,0.012527166,0.093329,0.038333,Family,TRUE,FALSE,TRUE,FALSE
GRC_048_MZB_LO_5,Greece,40.895188,22.615196,1292064,2012,2023,7,12,0.486562671,0.454741779,-0.031820892,-0.022926,2.825101,1.16544,-12.931835,-0.029255,0.00903628,0.067244,0.015763,Family,TRUE,FALSE,TRUE,FALSE
GRC_048_MZB_LO_50,Greece,40.81964444,21.49683889,1292064,2012,2023,10,12,0.385427501,0.474085521,0.08865802,1.595553,-0.341928,2.363005,4.535135,5.140103,-0.061087788,0.005524,0.018458,Family,TRUE,FALSE,TRUE,FALSE
GRC_048_MZB_LO_53,Greece,40.80758333,22.85614722,1292121,2012,2023,10,12,0.851481799,0.603877548,-0.247604251,-5.462675,-3.666727,-3.966765,-9.670996,-7.931052,0.111271786,0.001689,0.027654,Family,TRUE,FALSE,TRUE,FALSE
GRC_048_MZB_LO_54,Greece,39.69587102,20.9967099,1293877,2012,2023,9,12,0.862996581,0.887708974,0.024712393,-0.22011,0.441002,-2.042623,-2.338841,-0.559927,0.026893506,0.070248,0.01809,Family,TRUE,FALSE,TRUE,FALSE
GRC_048_MZB_LO_56,Greece,38.2070893,21.75923614,1256414,2013,2023,8,11,0.920441472,0.743267999,-0.177173473,-0.007067,-1.383736,-2.728181,12.005026,1.95865,-0.02011566,0.083946,0.025108,Family,TRUE,FALSE,TRUE,FALSE
GRC_048_MZB_LO_59,Greece,37.8951865,21.36597544,1288344,2013,2023,7,11,0.532930655,0.562930655,0.03,2.31912,0.647238,2.554023,11.651177,10.57972,0.020861704,0.056047,0.009741,Family,TRUE,FALSE,TRUE,FALSE
GRC_048_MZB_LO_6,Greece,37.16907112,22.02451204,1285758,2012,2023,9,12,0.741245905,0.48398663,-0.257259274,-7.475459,-3.992916,0.398721,-9.545031,-15.421428,-0.108643109,0.083616,0.024056,Family,TRUE,FALSE,TRUE,FALSE
GRC_048_MZB_LO_60,Greece,38.3056496,23.6236035,1276481,2012,2022,8,11,0.560036101,0.342527076,-0.217509025,-8.047599,-6.311747,-5.628882,-3.163633,-16.196522,-0.026804749,0.100365,0.043589,Family,TRUE,FALSE,TRUE,FALSE
GRC_048_MZB_LO_61,Greece,38.14853972,21.56919421,1284389,2013,2023,9,11,0.524031109,0.401452582,-0.122578527,-1.046417,0.103527,-4.470966,-8.159248,-3.412483,0.114260448,0.136578,0.024685,Family,TRUE,FALSE,TRUE,FALSE
GRC_048_MZB_LO_63,Greece,37.29341704,21.69700037,1277493,2012,2023,10,12,0.789714986,0.608816449,-0.180898537,-1.81702,-3.412797,-1.590867,4.836878,-3.419384,-0.027544542,0.03721,0.004501,Family,TRUE,FALSE,TRUE,FALSE
GRC_048_MZB_LO_64,Greece,37.47970556,22.04998333,1293835,2013,2023,8,11,0.535731281,0.755338797,0.219607516,6.114397,2.671618,6.886811,13.330137,14.392825,0.218264042,0.102343,0.012529,Family,TRUE,FALSE,TRUE,FALSE
GRC_048_MZB_LO_65,Greece,39.56300622,20.28029437,1287710,2013,2023,7,11,0.99263624,0.863915728,-0.128720512,-3.00931,-1.243388,-3.830005,-14.864194,-5.317478,0.049143416,0.148356,0.028666,Family,TRUE,FALSE,TRUE,FALSE
GRC_048_MZB_LO_66,Greece,39.62160159,22.67247897,1207351,2012,2022,9,11,0.243769776,0.420134676,0.1763649,5.281061,3.051648,6.298233,11.289731,14.604391,0.069812943,0.011381,0.011756,Family,TRUE,FALSE,TRUE,FALSE
GRC_048_MZB_LO_67,Greece,38.41090008,21.26909257,1293857,2012,2023,7,12,0.568158827,0.405878686,-0.162280141,9.295587,-1.635828,-2.536127,33.976815,19.667795,-0.031047741,0.328757,0.06441,Family,TRUE,FALSE,TRUE,FALSE
GRC_048_MZB_LO_70,Greece,38.0917672,23.7812483,1246502,2014,2023,8,10,0.807613784,0.435478416,-0.372135368,4.255187,-1.963674,-3.646965,21.786344,11.328181,-0.072160755,0.158741,0.046112,Family,TRUE,FALSE,TRUE,FALSE
GRC_048_MZB_LO_71,Greece,38.1069224,23.8100553,1246502,2012,2023,8,12,0.567461622,0.424754912,-0.14270671,2.323247,3.71992,-0.884052,-3.782062,6.254749,0.009399288,0.173464,0.007483,Family,TRUE,FALSE,TRUE,FALSE
GRC_048_MZB_LO_72,Greece,39.53000522,21.77237071,1287371,2012,2022,9,11,0.3238752,0.520496212,0.196621012,3.664875,4.617133,11.177755,-4.626349,8.083492,0.060542877,0.112266,0.007331,Family,TRUE,FALSE,TRUE,FALSE
GRC_048_MZB_LO_76,Greece,40.549144,21.714947,1175952,2012,2023,9,12,0.308575207,0.198816046,-0.109759161,-2.023844,-0.909376,-3.49617,0.270478,-3.61847,0.064840185,0.107509,0.01514,Family,TRUE,FALSE,TRUE,FALSE
GRC_048_MZB_LO_8,Greece,38.38216987,21.45569016,1291761,2013,2023,8,11,0.624223779,0.46184149,-0.162382289,-5.77728,-5.845287,-6.911112,-0.738006,-11.153048,0.145995033,0.080893,0.023719,Family,TRUE,FALSE,TRUE,FALSE
GRC_048_MZB_LO_84,Greece,37.76280431,21.95819404,1293835,2013,2023,9,11,0.784615384,0.855128206,0.070512822,6.162748,2.19242,2.46192,12.707064,2.247822,0.127917543,0.097794,0.021673,Family,TRUE,FALSE,TRUE,FALSE
GRC_048_MZB_LO_86,Greece,37.69187113,21.94103221,1293835,2012,2023,10,12,0.714886876,0.68233548,-0.032551396,2.06374,-2.080496,-3.987704,9.227525,5.601023,0.128498539,0.076257,0.018955,Family,TRUE,FALSE,TRUE,FALSE
GRC_048_MZB_LO_89,Greece,36.82163824,22.69362443,1262115,2013,2023,7,11,0.525665152,0.622077036,0.096411883,-2.927649,-3.566239,-1.765726,3.090775,-3.968766,0.054275928,0.065451,0.016538,Family,TRUE,FALSE,TRUE,FALSE
GRC_048_MZB_LO_9,Greece,38.42163056,21.45882968,1291761,2013,2023,8,11,0.666327907,0.681136226,0.014808319,-1.722111,0.358555,3.780331,-4.511064,-2.142139,0.087192191,0.126431,0.027897,Family,TRUE,FALSE,TRUE,FALSE
GRC_048_MZB_LO_90,Greece,39.53782804,21.89974918,1287371,2012,2021,8,10,0.37578753,0.37578753,-2.07E-12,-1.80631,3.570387,11.268379,-11.042967,-2.52126,0.067106262,0.079175,0.02198,Family,TRUE,FALSE,TRUE,FALSE
GRC_048_MZB_LO_91,Greece,38.341602,21.730612,1262659,2013,2023,9,11,0.611028501,0.411598926,-0.199429574,-1.697979,3.209495,3.139099,-16.831225,-3.399819,0.104798379,0.102088,0.011552,Family,TRUE,FALSE,TRUE,FALSE
GRC_048_MZB_LO_97,Greece,39.255325,22.146075,1287371,2013,2023,7,11,0.348642806,0.569175335,0.220532529,-3.430126,-1.095459,-4.374514,-17.644742,0.392832,0.063411934,0.068419,0.047372,Family,TRUE,FALSE,TRUE,FALSE
HUN_022_MZB_LO_1,Hungary,46.7686403,18.61614286,1291835,2007,2017,10,11,0.159600527,0.382717529,0.223117002,10.227152,0.848362,2.227106,21.55525,24.391143,-0.020433795,0.082114,0.017965,Mixed,TRUE,FALSE,TRUE,FALSE
HUN_022_MZB_LO_10,Hungary,46.95367489,16.26725286,1291835,2007,2016,10,10,0.640248698,0.835575172,0.195326473,4.444655,-5.903622,-6.440407,34.770545,10.130473,-0.019102761,0.082182,0.022484,Mixed,TRUE,FALSE,TRUE,FALSE
HUN_022_MZB_LO_11,Hungary,47.67653192,17.62008508,1291835,2005,2017,12,13,0.617536566,0.750998096,0.133461529,4.881504,-2.295983,-9.140537,21.9894,11.307864,-0.093200022,0.123894,0.030688,Mixed,TRUE,FALSE,TRUE,FALSE
HUN_022_MZB_LO_12,Hungary,46.9596822,16.27293582,1291835,2007,2016,10,10,0.860925482,0.917796514,0.056871032,2.048284,-0.434403,2.504335,7.795806,5.229989,0.000958351,0.094121,0.013475,Mixed,TRUE,FALSE,TRUE,FALSE
HUN_022_MZB_LO_13,Hungary,47.20984665,16.4409234,1291835,2007,2016,10,10,0.845215626,0.873272533,0.028056907,4.341609,-3.599606,-7.856885,22.334125,9.243576,-0.129907327,0.017902,0.00493,Mixed,TRUE,FALSE,TRUE,FALSE
HUN_022_MZB_LO_14,Hungary,47.51829138,17.41145759,1291835,2005,2017,13,13,0.723857565,0.754125809,0.030268244,2.614086,-3.713366,-6.895565,19.118413,5.94284,-0.084908992,0.104476,0.022499,Mixed,TRUE,FALSE,TRUE,FALSE
HUN_022_MZB_LO_15,Hungary,47.72416157,18.01423947,1291835,2005,2016,12,12,0.434810997,0.751252696,0.316441699,2.966139,-0.091765,-2.258654,9.483506,6.90953,-0.132616714,0.120418,0.01314,Mixed,TRUE,FALSE,TRUE,FALSE
HUN_022_MZB_LO_16,Hungary,47.69744501,18.30460581,1291835,2007,2017,11,11,0.181016133,0.552149599,0.371133466,7.592486,13.577562,10.665412,-9.989463,16.213289,-0.016141567,0.125738,0.036953,Mixed,TRUE,FALSE,TRUE,FALSE
HUN_022_MZB_LO_17,Hungary,47.75066831,18.69152419,1291835,2005,2017,11,13,0.145133822,0.218981185,0.073847363,5.800851,1.201011,-2.836653,11.12944,13.057122,-0.017248178,0.084304,0.02562,Mixed,TRUE,FALSE,TRUE,FALSE
HUN_022_MZB_LO_18,Hungary,48.24137593,19.61619444,1291835,2005,2016,11,12,0.650423903,0.577609769,-0.072814134,-1.753546,-3.037689,-8.879403,8.82353,-3.049402,-0.018329432,0.042219,0.016634,Mixed,TRUE,FALSE,TRUE,FALSE
HUN_022_MZB_LO_19,Hungary,47.88629713,18.7632612,1291835,2005,2016,8,12,0.770420417,0.571737367,-0.19868305,1.139252,1.704954,1.643038,-1.036071,3.05175,0.041784913,0.058615,0.02077,Mixed,TRUE,FALSE,TRUE,FALSE
HUN_022_MZB_LO_2,Hungary,47.79191747,17.65100879,1291835,2006,2017,12,12,0.431061492,0.288208939,-0.142852553,-3.175074,-0.277376,-3.388598,-14.66991,-7.2881,0.030595876,0.127616,0.029074,Mixed,TRUE,FALSE,TRUE,FALSE
HUN_022_MZB_LO_20,Hungary,45.97441722,19.05108789,1291835,2008,2017,9,10,0.490878111,0.532141622,0.041263511,2.61081,-0.644011,-0.883693,13.180341,6.420225,0.172068633,0.125794,0.025742,Mixed,TRUE,FALSE,TRUE,FALSE
HUN_022_MZB_LO_21,Hungary,45.94464569,18.89554029,1291835,2008,2017,8,10,0.586173043,0.554040579,-0.032132464,2.425273,6.957226,14.448646,-5.231892,4.885805,0.200900568,0.076481,0.008168,Mixed,TRUE,FALSE,TRUE,FALSE
HUN_022_MZB_LO_22,Hungary,46.18551547,20.10484453,1291835,2005,2017,12,13,0.341336052,0.504959625,0.163623573,3.876336,2.434399,4.550774,-2.742123,8.039511,-0.062627963,0.0346,0.000216,Mixed,TRUE,FALSE,TRUE,FALSE
HUN_022_MZB_LO_23,Hungary,46.3793232,18.72000489,1291835,2007,2016,9,10,0.258097568,0.171492065,-0.086605504,6.855012,-1.019422,-5.326921,30.659951,16.724822,-0.035797544,0.008111,0.000522,Mixed,TRUE,FALSE,TRUE,FALSE
HUN_022_MZB_LO_24,Hungary,46.6838582,18.44236472,1291835,2007,2016,9,10,0.373197659,0.471280981,0.098083322,3.253832,3.986021,5.503934,-4.379409,-2.412844,0.063106302,0.165183,0.040001,Mixed,TRUE,FALSE,TRUE,FALSE
HUN_022_MZB_LO_25,Hungary,46.80999815,18.92972127,1291835,2008,2017,8,10,0.302283245,0.350749316,0.048466071,1.685869,-0.721891,4.124761,22.167698,1.997579,0.039730525,0.002583,0.00844,Mixed,TRUE,FALSE,TRUE,FALSE
HUN_022_MZB_LO_28,Hungary,45.78350725,18.20036077,1291835,2005,2017,10,13,0.536150184,0.500333396,-0.035816788,3.620641,1.727489,-1.521362,3.573873,7.506463,-0.025633909,0.09295,0.019876,Mixed,TRUE,FALSE,TRUE,FALSE
HUN_022_MZB_LO_29,Hungary,45.82602288,18.09457339,1291835,2005,2015,8,11,0.586418792,0.589553578,0.003134786,5.585186,0.050584,0.129068,18.577397,10.44052,-0.052216257,0.099241,0.010396,Mixed,TRUE,FALSE,TRUE,FALSE
HUN_022_MZB_LO_3,Hungary,48.00412779,17.24820995,1291835,2005,2017,13,13,0.463867433,0.425600929,-0.038266504,0.005194,-0.035576,-1.406848,3.55019,0.783639,-0.012622733,0.089247,0.020671,Mixed,TRUE,FALSE,TRUE,FALSE
HUN_022_MZB_LO_30,Hungary,45.81783918,18.08127152,1291835,2005,2017,11,13,0.551406843,0.628363986,0.076957144,4.552432,3.650309,7.762464,4.121379,8.806923,-0.055744735,0.160333,0.034827,Mixed,TRUE,FALSE,TRUE,FALSE
HUN_022_MZB_LO_31,Hungary,48.10258608,22.82889641,1291835,2005,2017,12,13,0.757417099,0.529251791,-0.228165308,-0.008074,1.338194,4.146239,-4.97166,0.2448,0.11901964,0.124156,0.041584,Mixed,TRUE,FALSE,TRUE,FALSE
HUN_022_MZB_LO_32,Hungary,48.41372591,22.17214537,1291835,2007,2017,10,11,0.609238866,0.524707077,-0.084531788,1.104798,2.708472,7.326269,-3.792396,3.757832,0.039783737,0.042781,0.0028,Mixed,TRUE,FALSE,TRUE,FALSE
HUN_022_MZB_LO_33,Hungary,48.17687304,21.54953566,1291835,2005,2017,12,13,0.201296713,0.44393389,0.242637177,3.224,-0.610868,-0.62523,8.24947,6.89161,0.066386166,0.147967,0.019765,Mixed,TRUE,FALSE,TRUE,FALSE
HUN_022_MZB_LO_35,Hungary,46.25444969,20.20275863,1291835,2005,2017,12,13,0.418867283,0.396377291,-0.022489991,4.511373,1.979636,-0.167883,-0.252248,10.103957,-0.020543684,0.06531,0.025867,Mixed,TRUE,FALSE,TRUE,FALSE
HUN_022_MZB_LO_36,Hungary,47.97945738,22.83410131,1291835,2005,2017,12,13,0.600007042,0.782227934,0.182220891,6.179573,3.302597,5.829747,5.399351,14.510813,0.032986039,0.086019,0.021188,Mixed,TRUE,FALSE,TRUE,FALSE
HUN_022_MZB_LO_37,Hungary,47.84130285,22.69399887,1291835,2005,2017,13,13,0.560579995,0.363828292,-0.196751704,-2.843325,0,-1.418403,-6.947796,-12.098428,0.034334458,0.196454,0.008398,Mixed,TRUE,FALSE,TRUE,FALSE
HUN_022_MZB_LO_39,Hungary,48.09248414,21.63879015,1291835,2005,2017,12,13,0.252003703,0.445788917,0.193785214,1.858353,2.62346,11.359907,0.960453,3.672503,-0.058393059,0.0651,0.00244,Mixed,TRUE,FALSE,TRUE,FALSE
HUN_022_MZB_LO_4,Hungary,47.79846003,17.48157436,1291835,2005,2017,12,13,0.593904628,0.386481793,-0.207422835,-2.172284,-5.588691,-9.743176,15.58344,-4.550858,-0.008125341,0.126166,0.032932,Mixed,TRUE,FALSE,TRUE,FALSE
HUN_022_MZB_LO_40,Hungary,47.63432655,21.37276356,1291835,2007,2017,11,11,0.407087658,0.524502174,0.117414516,-3.408159,2.812652,2.732159,-14.099384,-8.055292,0.07421715,0.107411,0.009861,Mixed,TRUE,FALSE,TRUE,FALSE
HUN_022_MZB_LO_41,Hungary,47.1046694,21.31721339,1291835,2007,2017,11,11,0.584716657,0.485817634,-0.098899023,1.136855,0.939576,1.358113,5.811977,1.260769,0.054435921,0.15994,0.026182,Mixed,TRUE,FALSE,TRUE,FALSE
HUN_022_MZB_LO_42,Hungary,47.35831956,21.02989284,1291835,2007,2017,11,11,0.409535387,0.384655103,-0.024880285,0.177716,0.628337,1.172056,-1.219412,-1.49857,0.132410833,0.175616,0.054534,Mixed,TRUE,FALSE,TRUE,FALSE
HUN_022_MZB_LO_43,Hungary,46.62948998,21.33331019,1291835,2006,2017,12,12,0.548013181,0.605774546,0.057761365,-1.058626,2.44902,4.494441,-13.35151,-2.934625,-0.035351174,0.054295,0.005399,Mixed,TRUE,FALSE,TRUE,FALSE
HUN_022_MZB_LO_44,Hungary,46.69378058,21.42990426,1291835,2006,2017,12,12,0.494511047,0.425580621,-0.068930426,-4.280696,-1.60591,-3.545337,-12.50715,-8.629716,0.006595224,0.006045,0.051751,Mixed,TRUE,FALSE,TRUE,FALSE
HUN_022_MZB_LO_45,Hungary,47.02048061,21.65588989,1291835,2007,2017,11,11,0.774834095,0.626035105,-0.14879899,-3.30245,1.775578,1.369357,-14.743082,-6.056109,0.096876861,0.048444,0.002031,Mixed,TRUE,FALSE,TRUE,FALSE
HUN_022_MZB_LO_46,Hungary,46.85390027,21.07809604,1291835,2007,2017,11,11,0.468497901,0.373657989,-0.094839913,-2.694712,3.379701,6.805038,-12.300563,-7.360343,0.064238404,0.057281,0.004979,Mixed,TRUE,FALSE,TRUE,FALSE
HUN_022_MZB_LO_47,Hungary,47.60317151,16.6983598,1291835,2005,2016,12,12,0.417248382,0.615667758,0.198419376,3.697009,0.275473,-3.995595,14.07036,8.339623,-0.087771972,0.073479,0.02032,Mixed,TRUE,FALSE,TRUE,FALSE
HUN_022_MZB_LO_48,Hungary,47.6556103,17.8800232,1291835,2005,2017,12,13,0.462258914,0.589247471,0.126988558,2.963076,-0.112622,-3.520466,8.30952,7.440143,-0.041263384,0.106313,0.018726,Mixed,TRUE,FALSE,TRUE,FALSE
HUN_022_MZB_LO_49,Hungary,47.73995156,18.65400892,1291835,2005,2015,8,11,0.370556637,0.234890858,-0.135665779,4.068907,-2.70681,-9.266601,39.047493,8.35562,-0.034388432,0.004546,0.023952,Mixed,TRUE,FALSE,TRUE,FALSE
HUN_022_MZB_LO_5,Hungary,47.73507445,17.75956317,1291835,2005,2017,13,13,0.250247721,0.358448833,0.108201112,3.802461,-0.843732,-2.412219,20.139446,8.53326,0.017685604,0.073654,0.017001,Mixed,TRUE,FALSE,TRUE,FALSE
HUN_022_MZB_LO_50,Hungary,46.29986776,18.99319021,1291835,2008,2017,9,10,0.82669275,0.521930481,-0.304762268,0.194468,-0.046702,-2.602142,-4.333073,0.816739,0.132732432,0.016202,0.00542,Mixed,TRUE,FALSE,TRUE,FALSE
HUN_022_MZB_LO_51,Hungary,46.16107454,20.70191391,1291835,2005,2017,11,13,0.580897829,0.729243759,0.14834593,4.396731,-0.287216,-0.289578,18.175636,9.207571,-0.045822769,0.049039,0.003657,Mixed,TRUE,FALSE,TRUE,FALSE
HUN_022_MZB_LO_52,Hungary,46.76067081,20.20891276,1291835,2005,2017,12,13,0.468131403,0.432812935,-0.035318468,3.346814,1.456514,1.750839,4.828303,7.511289,0.061977128,0.03097,0.002864,Mixed,TRUE,FALSE,TRUE,FALSE
HUN_022_MZB_LO_55,Hungary,45.95052839,17.44252702,1291835,2005,2017,9,13,0.490844796,0.590338105,0.099493309,4.32546,2.843595,6.921223,7.308451,9.763676,0.011164049,0.070069,0.013019,Mixed,TRUE,FALSE,TRUE,FALSE
HUN_022_MZB_LO_56,Hungary,48.22099999,22.27869356,1291835,2005,2017,12,13,0.370978527,0.373135468,0.002156941,1.734286,-0.69033,0.753115,7.606279,-14.102946,0.183404787,0.123967,0.009593,Mixed,TRUE,FALSE,TRUE,FALSE
HUN_022_MZB_LO_57,Hungary,47.99038464,21.70390714,1291835,2005,2015,8,11,0.169446417,0.41262023,0.243173813,-1.547987,8.914692,20.906992,-16.749311,-2.531754,-0.067735209,0.00459,0.008158,Mixed,TRUE,FALSE,TRUE,FALSE
HUN_022_MZB_LO_58,Hungary,46.89058142,20.49846058,1291835,2007,2017,11,11,0.402205725,0.632952478,0.230746753,-1.459172,0.107243,1.479214,-9.891688,-1.771309,0.21998675,0.047398,0.014385,Mixed,TRUE,FALSE,TRUE,FALSE
HUN_022_MZB_LO_59,Hungary,47.75108544,18.1207973,1291835,2005,2017,13,13,0.296746509,0.294046258,-0.002700251,3.705503,3.553822,1.144205,1.607434,11.015022,0.053163302,0.029006,0.010481,Mixed,TRUE,FALSE,TRUE,FALSE
HUN_022_MZB_LO_6,Hungary,47.94512322,17.10386031,1291835,2005,2017,13,13,0.819263418,0.71690159,-0.102361828,0.796317,-3.303454,-7.529096,11.130939,1.867512,-0.016123376,0.056493,0.015506,Mixed,TRUE,FALSE,TRUE,FALSE
HUN_022_MZB_LO_61,Hungary,47.5127723,17.40105792,1291835,2005,2016,10,12,0.793760053,0.776400923,-0.017359129,2.276398,-1.352082,-8.478115,9.726154,3.417135,-0.052598967,0.070163,0.02519,Mixed,TRUE,FALSE,TRUE,FALSE
HUN_022_MZB_LO_62,Hungary,47.70696377,17.37861383,1291835,2005,2017,12,13,0.732100054,0.65366272,-0.078437334,-0.590083,-3.053309,-10.653194,8.626658,-0.078342,0.084751487,0.111579,0.025879,Mixed,TRUE,FALSE,TRUE,FALSE
HUN_022_MZB_LO_65,Hungary,46.59838772,17.95437895,1291835,2005,2017,10,13,0.531595159,0.505170434,-0.026424725,4.346629,2.153267,-1.210189,8.327523,10.849947,0.11413643,0.053798,0.006407,Mixed,TRUE,FALSE,TRUE,FALSE
HUN_022_MZB_LO_66,Hungary,46.03001845,19.19055633,1291835,2008,2017,9,10,0.561181182,0.640128406,0.078947224,2.161361,0.396869,1.071278,10.752487,4.826112,0.104041469,0.108068,0.025823,Mixed,TRUE,FALSE,TRUE,FALSE
HUN_022_MZB_LO_67,Hungary,47.60907199,21.57329154,1291835,2007,2017,10,11,0.313054892,0.165480412,-0.14757448,1.255279,-1.777466,-4.867032,4.851277,4.663747,0.044637085,0.051633,0.002788,Mixed,TRUE,FALSE,TRUE,FALSE
HUN_022_MZB_LO_68,Hungary,47.41361968,21.88458338,1291835,2007,2017,10,11,0.398372869,0.55121458,0.152841711,0.75326,2.295762,5.966879,-5.721363,0.044528,0.079511647,0.189789,0.034481,Mixed,TRUE,FALSE,TRUE,FALSE
HUN_022_MZB_LO_69,Hungary,47.25267844,21.84024432,1291835,2006,2017,12,12,0.424965006,0.541402577,0.116437572,7.021307,3.493376,6.424594,20.018961,16.405018,0.033320369,0.022608,0.013364,Mixed,TRUE,FALSE,TRUE,FALSE
HUN_022_MZB_LO_7,Hungary,47.58957458,16.87579058,1291835,2005,2017,13,13,0.38901029,0.719044212,0.330033922,4.987009,0.374096,-2.709428,16.971069,10.470948,-0.00917147,0.166442,0.024753,Mixed,TRUE,FALSE,TRUE,FALSE
HUN_022_MZB_LO_70,Hungary,47.43466967,21.08390712,1291835,2007,2017,10,11,0.486907137,0.438193342,-0.048713795,1.027284,0.983336,1.764076,0.692794,2.309561,0.025586174,0.105815,0.034297,Mixed,TRUE,FALSE,TRUE,FALSE
HUN_022_MZB_LO_71,Hungary,46.24190846,20.21669006,1291835,2005,2017,11,13,0.686400267,0.455799119,-0.230601148,-0.400361,-3.237505,-5.745634,6.512488,-0.248259,-0.056734651,0.116539,0.04818,Mixed,TRUE,FALSE,TRUE,FALSE
HUN_022_MZB_LO_72,Hungary,46.83175988,17.42711255,1291835,2007,2017,10,11,0.253764028,0.455358192,0.201594163,3.643718,-1.845805,3.007146,26.18116,7.498302,-0.069891532,0.106311,0.039773,Mixed,TRUE,FALSE,TRUE,FALSE
HUN_022_MZB_LO_73,Hungary,47.99953269,22.53325535,1291835,2005,2015,8,11,0.252386333,0.570254918,0.317868586,-0.168144,5.329425,13.157026,-12.660852,-0.650953,0.018389148,0.166775,0.044464,Mixed,TRUE,FALSE,TRUE,FALSE
HUN_022_MZB_LO_74,Hungary,46.94494663,20.84428942,1291835,2006,2017,10,12,0.556613711,0.397911925,-0.158701787,-0.130703,2.267158,-1.229122,-13.7471,0.834534,0.224147959,0.045134,0.001819,Mixed,TRUE,FALSE,TRUE,FALSE
HUN_022_MZB_LO_76,Hungary,48.0308312,22.51217286,1291835,2005,2015,10,11,0.316721152,0.622756791,0.30603564,4.064128,3.915946,7.391065,2.300001,7.800151,-0.081442675,0.175514,0.035208,Mixed,TRUE,FALSE,TRUE,FALSE
HUN_022_MZB_LO_77,Hungary,47.29872238,21.88455302,1291835,2005,2017,12,13,0.147301481,0.596423804,0.449122323,7.644589,6.098729,13.116898,1.251929,17.687223,-0.096651053,0.099641,0.026397,Mixed,TRUE,FALSE,TRUE,FALSE
HUN_022_MZB_LO_78,Hungary,45.98285035,18.71402118,1291835,2008,2017,7,10,0.291010647,0.382987105,0.091976459,3.286464,-3.056085,-9.406186,26.702832,6.645464,0.012283686,0.031085,0.010715,Mixed,TRUE,FALSE,TRUE,FALSE
HUN_022_MZB_LO_80,Hungary,48.349178,21.680406,1291835,2006,2019,13,14,0.39572264,0.413196559,0.017473919,9.421323,3.379422,0.834801,38.832357,17.240163,-0.074660197,0.093582,0.005688,Mixed,TRUE,FALSE,TRUE,FALSE
HUN_022_MZB_LO_81,Hungary,48.249028,20.748167,1291835,2006,2018,12,13,0.374901722,0.685536531,0.31063481,6.104538,8.909482,16.997016,10.427577,12.226419,-0.032288509,0.057512,0.033847,Mixed,TRUE,FALSE,TRUE,FALSE
HUN_022_MZB_LO_82,Hungary,48.566131,20.845272,1291835,2005,2019,13,15,0.547101698,0.785227226,0.238125528,6.251753,5.930587,10.548827,8.727459,12.981277,-0.044615326,0.0828,0.030817,Mixed,TRUE,FALSE,TRUE,FALSE
HUN_022_MZB_LO_83,Hungary,47.435686,20.389542,1291835,2008,2019,11,12,0.228082675,0.333503798,0.105421123,1.958858,0.271021,1.88049,13.801699,7.652649,0.147259392,0.09298,0.022472,Mixed,TRUE,FALSE,TRUE,FALSE
HUN_022_MZB_LO_84,Hungary,48.107939,20.960894,1291835,2006,2018,8,13,0.534949696,0.647094748,0.112145051,9.946,2.998087,2.78397,35.296485,12.544493,-0.005651389,0.027394,0.01606,Mixed,TRUE,FALSE,TRUE,FALSE
HUN_022_MZB_LO_85,Hungary,48.504033,21.264442,1291835,2007,2019,11,13,0.503460165,0.810670184,0.307210019,6.549699,3.996401,5.539852,19.879806,14.514445,-0.031423394,0.092851,0.023646,Mixed,TRUE,FALSE,TRUE,FALSE
HUN_022_MZB_LO_86,Hungary,47.000372,20.632578,1291835,2007,2019,9,13,0.309117801,0.530923511,0.22180571,3.407226,5.381547,7.658461,16.933127,8.123763,0.039327131,0.193872,0.048172,Mixed,TRUE,FALSE,TRUE,FALSE
HUN_022_MZB_LO_87,Hungary,47.473447,20.516947,1291835,2008,2019,12,12,0.459157925,0.318993438,-0.140164487,-3.049311,-1.680152,-2.439329,4.161153,-5.602439,0.066082313,0.079153,0.012294,Mixed,TRUE,FALSE,TRUE,FALSE
HUN_022_MZB_LO_88,Hungary,48.408839,21.663697,1291835,2005,2019,14,15,0.28309545,0.728506891,0.44541144,5.085197,3.77112,8.986717,15.078126,12.138471,0.008751504,0.121591,0.021665,Mixed,TRUE,FALSE,TRUE,FALSE
HUN_022_MZB_LO_89,Hungary,48.28285,20.339503,1291835,2006,2019,9,14,0.687261096,0.854810305,0.167549209,1.751037,2.413821,6.433112,10.208902,3.715784,0.060669722,0.107072,0.025624,Mixed,TRUE,FALSE,TRUE,FALSE
HUN_022_MZB_LO_9,Hungary,47.44281314,16.68078213,1291835,2007,2017,7,11,0.551303001,0.965101744,0.413798743,4.294819,-1.458103,3.52615,22.020186,8.906831,-0.072587392,0.135825,0.042981,Mixed,TRUE,FALSE,TRUE,FALSE
HUN_022_MZB_LO_90,Hungary,48.515967,21.251683,1291835,2005,2019,13,15,0.345242727,0.667138689,0.321895963,2.722576,4.721263,7.649774,9.377925,6.484844,0.056626995,0.094037,0.038084,Mixed,TRUE,FALSE,TRUE,FALSE
HUN_022_MZB_LO_91,Hungary,47.908486,21.078608,1291835,2006,2018,10,13,0.343840171,0.458312837,0.114472666,10.461405,2.502564,1.283516,37.125166,15.935035,-0.082064455,0.153028,0.034141,Mixed,TRUE,FALSE,TRUE,FALSE
HUN_022_MZB_LO_92,Hungary,48.3452,22.103883,1291835,2006,2019,14,14,0.326276633,0.260149352,-0.066127281,12.600774,2.611734,6.752771,42.417312,2.971986,0.024178637,0.289257,0.110584,Mixed,TRUE,FALSE,TRUE,FALSE
HUN_022_MZB_LO_93,Hungary,47.292403,20.091853,1291835,2007,2019,10,13,0.476268639,0.387490771,-0.088777868,0.459096,-0.8924,1.22695,8.695244,-0.338221,-0.138993954,0.079566,0.024304,Mixed,TRUE,FALSE,TRUE,FALSE
IRL_023_MZB_LO_1,Ireland,54.001086,-9.576039,1172649,2003,2019,17,17,0.709179341,0.677162037,-0.032017304,-0.021594,-0.146367,-0.196798,-0.295534,0.604245,0.071650707,0.076493,0.008419,Mixed,FALSE,FALSE,FALSE,FALSE
IRL_023_MZB_LO_10,Ireland,54.011348,-9.547965,1172649,2003,2019,17,17,0.703921569,0.731372549,0.02745098,-1.033864,0.372963,0.45284,-5.363039,-1.927438,0.032188294,0.017736,0.004952,Mixed,FALSE,FALSE,FALSE,FALSE
IRL_023_MZB_LO_11,Ireland,53.978363,-9.56309,1172649,2003,2018,16,16,0.741176471,0.721323529,-0.019852941,-2.023364,-0.948775,-1.559375,-2.855058,-4.130308,-0.000989009,0.016211,0.000652,Mixed,FALSE,FALSE,FALSE,FALSE
IRL_023_MZB_LO_13,Ireland,53.988006,-9.577586,1172649,2003,2019,17,17,0.756862745,0.654901961,-0.101960784,-1.003855,-1.266486,-1.750264,1.688779,-1.208142,0.101155851,0.011628,0.008345,Mixed,FALSE,FALSE,FALSE,FALSE
IRL_023_MZB_LO_14,Ireland,54.00186,-9.597087,1172649,2003,2019,17,17,0.753069821,0.717552306,-0.035517515,-0.3808,-1.493332,-2.155646,2.648967,-1.336412,-0.070491297,0.022241,0.007667,Mixed,FALSE,FALSE,FALSE,FALSE
IRL_023_MZB_LO_15,Ireland,53.982908,-9.560202,1172649,2003,2019,17,17,0.73763057,0.763951407,0.026320836,-0.783677,1.047798,1.866411,-6.057744,-1.627847,-0.01476445,0.026578,0.004084,Mixed,FALSE,FALSE,FALSE,FALSE
IRL_023_MZB_LO_16,Ireland,53.994128,-9.54101,1172649,2003,2019,17,17,0.788235294,0.776470588,-0.011764706,-2.481814,-1.42241,-2.701269,-4.324998,-5.032701,0.031322973,0.056154,0.002498,Mixed,FALSE,FALSE,FALSE,FALSE
IRL_023_MZB_LO_2,Ireland,54.015348,-9.588357,1172649,2003,2019,17,17,0.766666666,0.715686274,-0.050980392,-0.018123,-1.711984,-4.125073,4.531034,-0.181585,-0.008709346,0.031445,0.012545,Mixed,FALSE,FALSE,FALSE,FALSE
IRL_023_MZB_LO_3,Ireland,53.950406,-9.56435,1172649,2003,2019,17,17,0.715686275,0.801960784,0.08627451,-0.735858,-0.461061,-1.098017,-0.566394,-1.694174,-0.010270845,0.002037,0.006564,Mixed,FALSE,FALSE,FALSE,FALSE
IRL_023_MZB_LO_5,Ireland,53.956045,-9.598229,1172649,2003,2019,17,17,0.735773597,0.692636342,-0.043137255,-0.257439,-0.939863,-2.978497,1.173859,-0.352833,0.025506574,0.006614,0.005642,Mixed,FALSE,FALSE,FALSE,FALSE
IRL_023_MZB_LO_6,Ireland,53.964133,-9.606073,1172649,2003,2019,17,17,0.667418785,0.687026629,0.019607843,0.773448,1.945577,3.520179,-0.615396,2.03946,0.040821595,0.029676,0.012727,Mixed,FALSE,FALSE,FALSE,FALSE
IRL_023_MZB_LO_7,Ireland,53.91706,-9.65592,1173112,2003,2019,17,17,0.686128039,0.712615975,0.026487936,-0.59223,1.392031,3.280117,-6.09215,-1.901094,-0.060921412,0.017242,0.001923,Mixed,FALSE,FALSE,FALSE,FALSE
IRL_023_MZB_LO_8,Ireland,53.917952,-9.68549,1173112,2003,2019,17,17,0.760442645,0.755194579,-0.005248066,-1.439981,0.204622,0.559566,-4.726296,-2.556706,0.028576223,0.027401,0.00254,Mixed,FALSE,FALSE,FALSE,FALSE
IRL_023_MZB_LO_9,Ireland,54.00126,-9.575217,1172649,2003,2019,17,17,0.711037926,0.749192293,0.038154367,0.131907,-0.32046,-1.88839,-0.534492,0.425258,0.046732687,0.01858,0.007742,Mixed,FALSE,FALSE,FALSE,FALSE
IRL_051_MZB_LO_1034,Ireland,52.7860877,-8.4896564,1172871,2012,2023,7,12,0.982216718,0.80670132,-0.175515398,-0.08318,9.549063,30.590943,-13.375593,NA,NA,0.104248,0.026744,Mixed,FALSE,FALSE,FALSE,FALSE
IRL_051_MZB_LO_1048,Ireland,52.7395479,-8.6015817,1172871,2012,2023,7,12,0.870588235,0.789705882,-0.080882353,-1.050144,9.148115,13.24497,-21.553172,NA,NA,0.094935,0.019844,Mixed,FALSE,FALSE,FALSE,FALSE
IRL_051_MZB_LO_1052,Ireland,53.0106656,-8.6409503,1172871,2012,2023,7,12,0.875108968,0.804703943,-0.070405025,-0.350124,8.1055,17.841407,-15.217852,NA,NA,0.061132,0.025507,Mixed,FALSE,FALSE,FALSE,FALSE
IRL_051_MZB_LO_1083,Ireland,53.0890296,-7.6831239,1172871,2008,2023,8,16,0.893184042,0.88759673,-0.005587312,0.136264,6.600948,3.940456,-12.005866,NA,NA,0.112975,0.045717,Mixed,FALSE,FALSE,FALSE,FALSE
IRL_051_MZB_LO_1122,Ireland,52.9741711,-8.3724733,1172871,2009,2023,7,15,0.82789237,0.799315416,-0.028576953,2.032156,2.024555,0.87005,-5.756962,NA,NA,0.015061,0.005233,Mixed,FALSE,FALSE,FALSE,FALSE
IRL_051_MZB_LO_1133,Ireland,52.9514715,-8.7117573,1172871,2012,2023,7,12,0.911862354,0.797085467,-0.114776886,-1.698497,2.008171,-0.755436,-5.844284,NA,NA,0.093823,0.017722,Mixed,FALSE,FALSE,FALSE,FALSE
IRL_051_MZB_LO_1134,Ireland,52.959813,-8.6635243,1172871,2012,2023,7,12,1.009150327,0.881535948,-0.127614379,-2.00653,3.999963,10.349919,-8.199519,NA,NA,0.00403,0.001166,Mixed,FALSE,FALSE,FALSE,FALSE
IRL_051_MZB_LO_1136,Ireland,52.9236624,-8.590108,1172871,2009,2023,7,15,0.91041193,0.783571108,-0.126840823,0.841418,1.528651,1.907056,-3.671932,NA,NA,0.063041,0.047165,Mixed,FALSE,FALSE,FALSE,FALSE
IRL_051_MZB_LO_1142,Ireland,53.1466352,-7.5180695,1172871,2011,2023,7,13,0.893123209,1.010028653,0.116905444,-1.631817,7.227263,12.211289,-15.473457,NA,NA,0.014477,0.00704,Mixed,FALSE,FALSE,FALSE,FALSE
IRL_051_MZB_LO_1193,Ireland,53.0586337,-7.7465041,1172871,2008,2023,8,16,0.8487025,0.869497356,0.020794856,-1.444339,4.795263,9.032808,-11.977686,NA,NA,0.048076,0.023986,Mixed,FALSE,FALSE,FALSE,FALSE
IRL_051_MZB_LO_1301,Ireland,53.7050459,-8.5102546,1172871,2008,2021,8,14,0.9,0.9,0,-1.658747,2.933521,5.474419,-11.578173,NA,NA,0.02563,0.010825,Mixed,FALSE,FALSE,FALSE,FALSE
IRL_051_MZB_LO_1302,Ireland,53.6956742,-8.4618642,1172871,2008,2023,8,16,0.910841806,0.798137876,-0.11270393,-1.746714,0.331095,-4.805133,-3.905523,NA,NA,0.040267,0.001712,Mixed,FALSE,FALSE,FALSE,FALSE
IRL_051_MZB_LO_1303,Ireland,53.6203716,-8.1878165,1172871,2008,2020,9,13,0.332596154,0.640673077,0.308076923,8.98105,9.014281,12.249845,-8.236779,NA,NA,0.156706,0.069007,Mixed,FALSE,FALSE,FALSE,FALSE
IRL_051_MZB_LO_1322,Ireland,53.2545693,-8.127395,1172871,2012,2023,7,12,0.240489382,0.525803747,0.285314365,3.05006,3.961307,-3.222172,-0.741853,NA,NA,0.10749,0.066738,Mixed,FALSE,FALSE,FALSE,FALSE
IRL_051_MZB_LO_1365,Ireland,53.4936025,-8.3209193,1172871,2008,2023,8,16,0.911544983,0.786828982,-0.124716001,-3.286914,-4.99035,-9.042983,6.437823,NA,NA,0.108991,0.046233,Mixed,FALSE,FALSE,FALSE,FALSE
IRL_051_MZB_LO_1433,Ireland,52.7995454,-8.5770367,1167599,2007,2022,8,16,0.9,0.9,0,1.205403,8.579195,22.40926,-11.40024,NA,NA,0.106711,0.026164,Mixed,FALSE,FALSE,FALSE,FALSE
IRL_051_MZB_LO_1485,Ireland,53.4234423,-9.3783364,1172396,2009,2021,7,13,0.791626794,0.828947368,0.037320574,2.528828,9.427863,21.651766,-15.96802,NA,NA,0.051428,0.024298,Mixed,FALSE,FALSE,FALSE,FALSE
IRL_051_MZB_LO_1519,Ireland,53.3992236,-9.7185537,1161076,2009,2021,7,13,0.912951819,0.792367465,-0.120584354,-2.119125,6.184863,21.201741,-17.98219,NA,NA,0.109776,0.036926,Mixed,FALSE,FALSE,FALSE,FALSE
IRL_051_MZB_LO_1520,Ireland,53.3948578,-9.7766678,1161076,2009,2021,7,13,0.91291866,0.821052632,-0.091866029,1.798959,-9.558864,-7.890607,10.893061,NA,NA,0.143173,0.056504,Mixed,FALSE,FALSE,FALSE,FALSE
IRL_051_MZB_LO_1522,Ireland,53.4566624,-9.6016121,1172878,2009,2023,7,15,0.900121253,0.818489113,-0.08163214,2.354891,5.302476,15.911054,-19.140384,NA,NA,0.067099,0.025246,Mixed,FALSE,FALSE,FALSE,FALSE
IRL_051_MZB_LO_1527,Ireland,53.9936062,-9.5721838,1172649,2009,2023,7,15,0.90449446,0.964450156,0.059955696,0.40379,0.193493,7.618732,-5.181179,NA,NA,0.082161,0.037935,Mixed,FALSE,FALSE,FALSE,FALSE
IRL_051_MZB_LO_1530,Ireland,53.7127875,-9.738906,1164538,2009,2023,7,15,1.002559995,0.904041708,-0.098518287,-2.154044,-3.164032,-7.588263,-2.761584,NA,NA,0.111801,0.026252,Mixed,FALSE,FALSE,FALSE,FALSE
IRL_051_MZB_LO_1544,Ireland,53.5531378,-9.810406,1173108,2009,2023,7,15,0.723617337,0.898581297,0.17496396,1.127005,0.291333,-2.755918,-6.619969,NA,NA,0.04083,0.015716,Mixed,FALSE,FALSE,FALSE,FALSE
IRL_051_MZB_LO_1546,Ireland,53.5715135,-9.9599708,1173108,2009,2023,7,15,0.936512781,0.861337164,-0.075175616,2.73019,2.854715,8.59264,-8.794287,NA,NA,0.089366,0.028381,Mixed,FALSE,FALSE,FALSE,FALSE
IRL_051_MZB_LO_1555,Ireland,53.643258,-9.6867485,1173110,2009,2023,7,15,0.957132804,1.000526179,0.043393374,-1.879921,0.672925,5.900678,-11.64367,NA,NA,0.077938,0.019863,Mixed,FALSE,FALSE,FALSE,FALSE
IRL_051_MZB_LO_1556,Ireland,53.6456472,-9.733303,1173110,2009,2023,7,15,0.895074349,0.974442379,0.07936803,-0.671207,2.139287,3.106345,-9.023291,NA,NA,0.060198,0.007198,Mixed,FALSE,FALSE,FALSE,FALSE
IRL_051_MZB_LO_1575,Ireland,53.5436008,-9.9787046,1159556,2009,2023,7,15,0.927557709,0.844317453,-0.083240256,-0.958448,5.828744,11.721659,-14.991627,NA,NA,0.016795,0.024524,Mixed,FALSE,FALSE,FALSE,FALSE
IRL_051_MZB_LO_1605,Ireland,54.1440777,-9.56582,1172807,2008,2021,7,14,0.873443983,0.943568465,0.070124481,1.735554,4.264131,9.515202,-6.441564,NA,NA,0.002303,0.004946,Mixed,FALSE,FALSE,FALSE,FALSE
IRL_051_MZB_LO_1648,Ireland,53.9555875,-9.2019077,1173522,2010,2022,7,13,0.88131411,0.919757629,0.038443519,-1.714989,5.277472,-0.365288,-12.714042,NA,NA,0.093485,0.008349,Mixed,FALSE,FALSE,FALSE,FALSE
IRL_051_MZB_LO_1653,Ireland,54.0863805,-9.3429353,1173522,2007,2022,7,16,0.903859585,0.962054088,0.058194503,0.165935,-0.229861,1.356753,-1.60136,NA,NA,0.093393,0.01462,Mixed,FALSE,FALSE,FALSE,FALSE
IRL_051_MZB_LO_1659,Ireland,54.0687426,-8.8941569,1173522,2007,2022,8,16,0.989470731,1.004741228,0.015270497,0.184874,1.915941,4.076845,-3.496235,NA,NA,0.092249,0.02536,Mixed,FALSE,FALSE,FALSE,FALSE
IRL_051_MZB_LO_1687,Ireland,54.0365556,-8.8162724,1173522,2007,2022,7,16,0.801435155,0.911771293,0.110336138,0.001032,0.94721,2.561079,0.88849,NA,NA,0.003378,0.006621,Mixed,FALSE,FALSE,FALSE,FALSE
IRL_051_MZB_LO_1704,Ireland,53.9663898,-8.6283553,1173522,2007,2022,7,16,0.904720714,0.830137023,-0.074583691,-0.366,1.004942,1.669126,-0.306867,NA,NA,0.049306,0.011023,Mixed,FALSE,FALSE,FALSE,FALSE
IRL_051_MZB_LO_1705,Ireland,53.9830895,-8.6859317,1173522,2007,2022,7,16,0.884490858,0.886628782,0.002137924,-1.270525,-1.435733,-2.612843,-3.581382,NA,NA,0.063229,0.013587,Mixed,FALSE,FALSE,FALSE,FALSE
IRL_051_MZB_LO_1727,Ireland,54.0521458,-8.7470511,1173522,2007,2019,7,13,0.29868421,0.592942584,0.294258374,4.488552,5.192019,5.016703,-3.199105,NA,NA,0.133784,0.041666,Mixed,FALSE,FALSE,FALSE,FALSE
IRL_051_MZB_LO_1729,Ireland,54.0550485,-8.7333454,1173522,2007,2019,8,13,0.350436468,0.525024247,0.174587779,3.243352,4.643377,2.511693,-6.473464,NA,NA,0.154131,0.032165,Mixed,FALSE,FALSE,FALSE,FALSE
IRL_051_MZB_LO_1730,Ireland,54.0222524,-9.0335561,1173522,2007,2022,8,16,1,1,0,0.756842,10.052159,19.141364,-16.256298,NA,NA,0.037391,0.013576,Mixed,FALSE,FALSE,FALSE,FALSE
IRL_051_MZB_LO_1809,Ireland,54.0701753,-7.9004464,1162560,2007,2022,7,16,0.9,0.9,0,-2.297129,9.342998,5.791952,-17.150742,NA,NA,0.019522,0.008191,Mixed,FALSE,FALSE,FALSE,FALSE
IRL_051_MZB_LO_1843,Ireland,54.1143721,-7.6281592,1162560,2007,2021,7,15,0.812340364,0.780221383,-0.03211898,-2.444787,6.060402,10.87392,-11.387446,NA,NA,0.131135,0.03802,Mixed,FALSE,FALSE,FALSE,FALSE
IRL_051_MZB_LO_1886,Ireland,54.2689169,-7.9518784,1162560,2007,2021,7,15,1.031178752,0.78830109,-0.242877662,-3.231957,8.117107,25.10868,-13.950018,NA,NA,0.04514,0.021241,Mixed,FALSE,FALSE,FALSE,FALSE
IRL_051_MZB_LO_1919,Ireland,54.728515,-8.5201536,1173837,2008,2023,8,16,0.920843373,0.765421687,-0.155421687,-2.462569,-4.627037,-6.429242,3.601197,NA,NA,0.002764,0.005198,Mixed,FALSE,FALSE,FALSE,FALSE
IRL_051_MZB_LO_1923,Ireland,54.7057022,-8.4494412,1167553,2008,2022,7,15,0.497303922,0.551062092,0.05375817,-1.916371,-0.667617,-2.318624,2.471005,NA,NA,0.002527,0.002367,Mixed,FALSE,FALSE,FALSE,FALSE
IRL_051_MZB_LO_1975,Ireland,55.0122578,-8.0098798,1162277,2009,2021,7,13,1,1,0,0.536919,3.236694,-3.017381,-3.701661,NA,NA,0.066681,0.023162,Mixed,FALSE,FALSE,FALSE,FALSE
IRL_051_MZB_LO_1985,Ireland,54.971516,-7.982306,1167704,2007,2021,7,15,1,1,0,1.13777,1.276164,1.373998,3.682115,NA,NA,0.010181,0.032065,Mixed,FALSE,FALSE,FALSE,FALSE
IRL_051_MZB_LO_1988,Ireland,55.157239,-7.437238,1153634,2007,2023,7,17,0.739035796,0.662699149,-0.076336647,-0.724883,-0.16036,10.717534,-9.033648,NA,NA,0.052603,0.010164,Mixed,FALSE,FALSE,FALSE,FALSE
IRL_051_MZB_LO_1990,Ireland,55.1539297,-7.3074364,1153634,2007,2023,7,17,0.591884457,0.633700138,0.041815681,-4.56163,3.184995,8.197873,-8.86827,NA,NA,0.088136,0.028581,Mixed,FALSE,FALSE,FALSE,FALSE
IRL_051_MZB_LO_1991,Ireland,55.1524453,-7.3685049,1153634,2007,2023,7,17,0.6,0.6,0,-3.015455,-8.221978,-9.464531,12.89369,NA,NA,0.098219,0.037451,Mixed,FALSE,FALSE,FALSE,FALSE
IRL_051_MZB_LO_2006,Ireland,55.0032079,-7.9194908,1167704,2007,2023,7,17,0.733664489,0.739016475,0.005351986,-1.234361,-4.846864,-4.635602,9.005389,NA,NA,0.061829,0.023503,Mixed,FALSE,FALSE,FALSE,FALSE
IRL_051_MZB_LO_2014,Ireland,55.0349192,-7.654712,1167704,2007,2023,7,17,0.909718584,0.793203077,-0.116515507,-1.420895,-3.821144,-5.177911,5.426839,NA,NA,0.083229,0.013279,Mixed,FALSE,FALSE,FALSE,FALSE
IRL_051_MZB_LO_2028,Ireland,55.1540348,-7.3077492,1153634,2007,2023,7,17,0.591884457,0.633700138,0.041815681,-0.8988,3.476398,9.827756,-0.19794,NA,NA,0.002131,0.005642,Mixed,FALSE,FALSE,FALSE,FALSE
IRL_051_MZB_LO_203,Ireland,53.0935413,-6.266795,1172390,2009,2022,7,14,0.898173217,0.802910883,-0.095262334,1.684829,4.376578,4.198444,-9.729196,4.09582,0.030336054,0.041311,0.0126,Mixed,FALSE,FALSE,FALSE,FALSE
IRL_051_MZB_LO_2034,Ireland,55.2599537,-7.4201147,1167004,2007,2023,8,17,0.610037352,0.616450827,0.006413475,-3.917669,-4.3995,-4.274039,2.677089,NA,NA,0.059687,0.00321,Mixed,FALSE,FALSE,FALSE,FALSE
IRL_051_MZB_LO_2038,Ireland,55.2278322,-7.4050398,1167004,2010,2023,8,14,0.714141711,0.814764577,0.100622866,-1.73681,0.300466,0.308583,-1.24394,NA,NA,0.101732,0.025751,Mixed,FALSE,FALSE,FALSE,FALSE
IRL_051_MZB_LO_2039,Ireland,55.2453287,-7.3859478,1167004,2007,2023,9,17,0.534307992,0.627875244,0.093567251,-1.090921,-7.570599,-8.839009,25.082336,NA,NA,0.089569,0.041874,Mixed,FALSE,FALSE,FALSE,FALSE
IRL_051_MZB_LO_204,Ireland,53.0547885,-6.2700877,1172390,2009,2022,7,14,0.898173217,0.802910883,-0.095262334,-1.173178,6.32738,8.744764,-12.930837,NA,NA,0.098027,0.037191,Mixed,FALSE,FALSE,FALSE,FALSE
IRL_051_MZB_LO_2040,Ireland,55.2632039,-7.4176015,1167004,2007,2023,9,17,0.608039467,0.688814514,0.080775047,-0.361809,-4.165785,-4.938896,6.523386,NA,NA,0.092825,0.027674,Mixed,FALSE,FALSE,FALSE,FALSE
IRL_051_MZB_LO_2044,Ireland,55.2506314,-7.3911978,1167004,2007,2023,9,17,0.600685023,0.676127195,0.075442172,-2.130323,-4.558047,-2.307796,3.611182,NA,NA,0.058272,0.021852,Mixed,FALSE,FALSE,FALSE,FALSE
IRL_051_MZB_LO_2055,Ireland,55.2707942,-7.07109,1169404,2007,2023,9,17,0.864944017,0.813378249,-0.051565769,0.243057,0.5794,-0.39794,-0.176517,NA,NA,0.084874,0.027737,Mixed,FALSE,FALSE,FALSE,FALSE
IRL_051_MZB_LO_2060,Ireland,55.2792702,-7.3176023,1173541,2007,2023,9,17,0.943043405,0.758931164,-0.184112241,-1.485149,-1.052117,-0.010175,-0.645764,NA,NA,0.063695,0.014932,Mixed,FALSE,FALSE,FALSE,FALSE
IRL_051_MZB_LO_227,Ireland,53.1044093,-6.1798279,1168622,2009,2023,7,15,0.837084647,0.882965158,0.045880511,-0.674042,3.732843,3.270262,-10.577271,NA,NA,0.097952,0.029427,Mixed,FALSE,FALSE,FALSE,FALSE
IRL_051_MZB_LO_251,Ireland,52.5571828,-6.7473832,1173095,2010,2021,7,12,0.864820359,0.92245509,0.05763473,4.343984,11.235646,17.709457,-11.473369,NA,NA,0.126859,0.016663,Mixed,FALSE,FALSE,FALSE,FALSE
IRL_051_MZB_LO_27,Ireland,54.7425204,-7.8462194,1173844,2007,2022,7,16,0.597153077,0.820877826,0.22372475,2.734169,5.084081,10.558662,-12.971516,NA,NA,0.096853,0.025727,Mixed,FALSE,FALSE,FALSE,FALSE
IRL_051_MZB_LO_280,Ireland,52.7615655,-6.500782,1173095,2010,2023,7,14,0.753051359,0.885205147,0.132153788,1.756013,3.600906,8.646721,4.40158,NA,NA,0.128206,0.039507,Mixed,FALSE,FALSE,FALSE,FALSE
IRL_051_MZB_LO_422,Ireland,53.1170609,-6.9284316,1173791,2007,2023,7,17,0.453329298,0.690617433,0.237288136,3.569867,10.658671,15.855387,-18.410096,NA,NA,0.18317,0.043229,Mixed,FALSE,FALSE,FALSE,FALSE
IRL_051_MZB_LO_442,Ireland,52.7152961,-7.2915564,1173791,2007,2022,7,16,0.80074251,0.69678617,-0.10395634,0.078377,0.012265,-0.871585,2.452187,NA,NA,0.035825,0.000611,Mixed,FALSE,FALSE,FALSE,FALSE
IRL_051_MZB_LO_46,Ireland,54.3343588,-6.9688103,1174211,2007,2022,8,16,0.685467525,0.945979851,0.260512327,0.956646,8.686317,3.818681,-11.354274,NA,NA,0.103737,0.057688,Mixed,FALSE,FALSE,FALSE,FALSE
IRL_051_MZB_LO_477,Ireland,52.7395778,-7.1880463,1173791,2007,2022,7,16,0.931639183,0.878662036,-0.052977147,1.537641,6.270878,10.525442,-10.18673,NA,NA,0.073077,0.003964,Mixed,FALSE,FALSE,FALSE,FALSE
IRL_051_MZB_LO_49,Ireland,54.317626,-7.0956274,1174211,2007,2022,7,16,0.894565217,0.87826087,-0.016304348,-2.279354,8.046978,18.979285,-20.736804,NA,NA,0.076309,0.02186,Mixed,FALSE,FALSE,FALSE,FALSE
IRL_051_MZB_LO_500,Ireland,53.0303298,-7.4539076,1173791,2007,2022,7,16,0.876855124,0.778798587,-0.098056537,-0.470842,-0.259176,1.452918,0.329847,NA,NA,0.014929,0.00865,Mixed,FALSE,FALSE,FALSE,FALSE
IRL_051_MZB_LO_525,Ireland,52.4677947,-8.1505384,1173791,2008,2023,7,16,0.607476636,0.51635514,-0.091121495,-3.838516,-3.180466,-2.043463,-1.576038,NA,NA,0.07758,0.048622,Mixed,FALSE,FALSE,FALSE,FALSE
IRL_051_MZB_LO_530,Ireland,52.5873219,-8.0152149,1173791,2008,2023,7,16,0.923900707,0.716331927,-0.207568781,-0.157688,-8.431126,-9.922407,16.479649,NA,NA,0.083124,0.053279,Mixed,FALSE,FALSE,FALSE,FALSE
IRL_051_MZB_LO_536,Ireland,52.3145712,-8.0680541,1173791,2008,2023,7,16,0.876163665,0.78747774,-0.088685925,1.028275,-1.085665,0.290199,-0.271675,NA,NA,0.041605,0.021752,Mixed,FALSE,FALSE,FALSE,FALSE
IRL_051_MZB_LO_545,Ireland,52.7366784,-8.0276968,1173791,2008,2023,7,16,0.902492212,0.87211838,-0.030373832,1.661361,5.336569,6.61503,-8.78955,NA,NA,0.060232,0.018321,Mixed,FALSE,FALSE,FALSE,FALSE
IRL_051_MZB_LO_546,Ireland,52.7254003,-7.9656548,1173791,2008,2023,8,16,0.833673469,0.77244898,-0.06122449,0.755138,-1.17449,-1.901395,6.473063,NA,NA,0.059034,0.001933,Mixed,FALSE,FALSE,FALSE,FALSE
IRL_051_MZB_LO_580,Ireland,52.4415989,-7.4981713,1173791,2008,2023,7,16,0.876190476,0.706547619,-0.169642857,-1.397843,-3.759468,-2.740472,2.766683,-2.328222,0.08984755,0.031059,0.008928,Mixed,FALSE,FALSE,FALSE,FALSE
IRL_051_MZB_LO_598,Ireland,52.2676043,-7.7093493,1173791,2008,2023,7,16,0.897890093,0.802976957,-0.094913136,-1.737015,-4.349724,-8.128737,7.384776,NA,NA,0.015529,0.000378,Mixed,FALSE,FALSE,FALSE,FALSE
IRL_051_MZB_LO_660,Ireland,52.3235575,-8.1971541,1173091,2009,2021,7,13,1,1,0,-1.418163,-8.362871,-22.133191,15.732771,NA,NA,0.11898,0.02222,Mixed,FALSE,FALSE,FALSE,FALSE
IRL_051_MZB_LO_712,Ireland,52.0375476,-8.353539,1173091,2009,2023,7,15,0.817586041,0.803490324,-0.014095716,0.817473,-6.156657,-7.131152,13.097119,NA,NA,0.074549,0.025627,Mixed,FALSE,FALSE,FALSE,FALSE
IRL_051_MZB_LO_715,Ireland,52.303088,-8.1622591,1173091,2012,2022,7,11,1,1,0,1.95971,-2.661349,-1.101759,8.104171,NA,NA,0.009491,0.000642,Mixed,FALSE,FALSE,FALSE,FALSE
IRL_051_MZB_LO_764,Ireland,52.1105014,-9.1187089,1173091,2009,2022,7,14,0.899416342,0.805836576,-0.093579767,-1.551371,-7.341822,0.062469,7.668501,NA,NA,0.041081,0.025256,Mixed,FALSE,FALSE,FALSE,FALSE
IRL_051_MZB_LO_779,Ireland,51.9557954,-8.3732417,1172958,2008,2023,7,16,0.793569898,0.858892595,0.065322697,1.131804,7.152659,9.475599,-9.502479,NA,NA,0.034152,0.013288,Mixed,FALSE,FALSE,FALSE,FALSE
IRL_051_MZB_LO_786,Ireland,51.9367108,-8.7652968,1172958,2008,2020,7,13,0.806514604,0.882850065,0.07633546,1.787722,11.403478,14.853218,-19.662385,NA,NA,0.026424,0.023537,Mixed,FALSE,FALSE,FALSE,FALSE
IRL_051_MZB_LO_792,Ireland,51.9760396,-9.0711713,1172958,2008,2023,7,16,0.902492212,0.87211838,-0.030373832,-0.369945,2.321583,3.482658,-5.890028,NA,NA,0.053454,0.019769,Mixed,FALSE,FALSE,FALSE,FALSE
IRL_051_MZB_LO_793,Ireland,51.9809181,-9.0488826,1172958,2011,2023,7,13,0.91722561,0.911737805,-0.005487805,0.103802,8.51409,9.28327,-1.384508,NA,NA,0.034515,0.02373,Mixed,FALSE,FALSE,FALSE,FALSE
IRL_051_MZB_LO_794,Ireland,51.9610366,-9.0321179,1172958,2008,2023,7,16,0.853944223,0.90481151,0.050867287,0.074868,-2.88065,-0.404587,9.647676,NA,NA,0.039827,0.013981,Mixed,FALSE,FALSE,FALSE,FALSE
IRL_051_MZB_LO_798,Ireland,51.9787142,-9.0620238,1172958,2008,2023,7,16,0.834735203,0.927024922,0.092289719,-0.314995,0.82696,-3.06471,0.328075,NA,NA,0.025704,0.009273,Mixed,FALSE,FALSE,FALSE,FALSE
IRL_051_MZB_LO_818,Ireland,51.9141584,-9.0748756,1172958,2008,2023,7,16,0.9,0.9,0,-2.070332,1.125652,2.2932,5.071322,NA,NA,0.010605,0.000239,Mixed,FALSE,FALSE,FALSE,FALSE
IRL_051_MZB_LO_819,Ireland,51.903543,-9.0008651,1172958,2008,2023,7,16,0.897641509,0.924528302,0.026886792,-1.281791,0.584835,1.127989,-1.042692,NA,NA,0.007778,0.002541,Mixed,FALSE,FALSE,FALSE,FALSE
IRL_051_MZB_LO_873,Ireland,51.9814911,-9.3140955,1174144,2007,2022,8,16,1,1,0,-1.332073,1.372921,2.796958,-7.326765,NA,NA,0.046818,0.009713,Mixed,FALSE,FALSE,FALSE,FALSE
IRL_051_MZB_LO_874,Ireland,52.0128244,-9.3601169,1174144,2007,2022,8,16,0.997426803,0.846252165,-0.151174637,0.039299,-0.157684,2.334643,-4.017643,NA,NA,0.026992,0.001047,Mixed,FALSE,FALSE,FALSE,FALSE
IRL_051_MZB_LO_876,Ireland,52.0477828,-9.5063167,1174144,2007,2022,7,16,0.8,0.8,0,1.159152,1.687204,3.222913,-5.842806,NA,NA,0.047397,0.010881,Mixed,FALSE,FALSE,FALSE,FALSE
IRL_051_MZB_LO_878,Ireland,51.999092,-9.407597,1174144,2007,2022,7,16,0.909412392,0.758975068,-0.150437324,1.410683,4.767587,22.439652,-10.208257,NA,NA,0.066277,0.022725,Mixed,FALSE,FALSE,FALSE,FALSE
IRL_051_MZB_LO_926,Ireland,52.2086121,-10.2075367,1156249,2007,2023,7,17,0.9,0.9,0,0.082289,1.145767,7.036804,-6.596084,NA,NA,0.014811,0.006584,Mixed,FALSE,FALSE,FALSE,FALSE
IRL_051_MZB_LO_949,Ireland,52.2699342,-9.6154888,1173267,2007,2023,7,17,0.401456282,0.690567903,0.289111621,11.902364,1.039412,9.619818,8.33405,NA,NA,0.073074,0.009452,Mixed,FALSE,FALSE,FALSE,FALSE
IRL_051_MZB_LO_957,Ireland,52.2283295,-10.1767459,1156249,2007,2023,7,17,1.00695314,0.787288598,-0.219664542,-1.103775,-0.046546,-2.441232,-4.52058,NA,NA,0.032018,0.001752,Mixed,FALSE,FALSE,FALSE,FALSE
IRL_051_MZB_LO_963,Ireland,52.351497,-9.4918254,1173794,2007,2023,7,17,0.8,0.8,0,-0.49991,0.920436,6.730335,-2.147392,-1.125365,0.004828275,0.025881,0.010684,Mixed,FALSE,FALSE,FALSE,FALSE
IRL_051_MZB_LO_971,Ireland,52.3450089,-8.9159993,1174147,2008,2020,7,13,0.369803026,0.34613874,-0.023664286,0.09968,-6.896138,-1.807005,33.055311,NA,NA,0.011867,0.010897,Mixed,FALSE,FALSE,FALSE,FALSE
IRL_051_MZB_LO_982,Ireland,52.541643,-8.5225016,1172870,2008,2023,7,16,0.7,0.7,0,1.67864,0.750823,6.467872,-4.479296,2.76115,-0.132122705,0.026892,0.007755,Mixed,FALSE,FALSE,FALSE,FALSE
IRL_051_MZB_LO_992,Ireland,52.3402959,-8.856661,1174147,2008,2020,7,13,0.786647331,0.706489945,-0.080157385,2.013225,2.531694,0.503363,-0.376801,4.814463,0.040188389,0.063498,0.029156,Mixed,FALSE,FALSE,FALSE,FALSE
IRL_051_MZB_LO_993,Ireland,52.3612285,-8.8779952,1174147,2008,2020,7,13,0.806831762,0.688800706,-0.118031056,0.6598,1.861111,2.125159,-4.591514,1.253679,-0.052779535,0.011235,0.013773,Mixed,FALSE,FALSE,FALSE,FALSE
IRL_051_MZB_LO_994,Ireland,52.3905461,-8.9400431,1174147,2008,2020,7,13,0.613352669,0.693510055,0.080157385,3.371918,4.828285,5.975636,-8.636277,NA,NA,0.03497,0.005481,Mixed,FALSE,FALSE,FALSE,FALSE
IRL_051_MZB_LO_995,Ireland,52.4052532,-8.9922709,1174147,2008,2020,7,13,0.745025806,0.665690759,-0.079335048,-1.539911,6.561976,6.801416,-16.556179,NA,NA,0.065312,0.013367,Mixed,FALSE,FALSE,FALSE,FALSE
LTU_053_MZB_LO_1,Lithuania,54.0306,23.9684,1292551,2010,2020,8,11,0.693683241,0.558692449,-0.134990792,1.453518,0.665399,0.9442,4.108813,2.509919,-0.173001468,0.121828,0.002576,Mixed,TRUE,FALSE,TRUE,FALSE
LTU_053_MZB_LO_11,Lithuania,55.2726,21.4106,1292551,2010,2020,9,11,0.447072032,0.498552471,0.051480439,12.561217,0.499983,-0.539162,50.477001,28.13401,-0.031314728,0.178852,0.028839,Mixed,TRUE,FALSE,TRUE,FALSE
LTU_053_MZB_LO_12,Lithuania,54.0906,24.2934,1292551,2010,2020,8,11,0.823452034,0.681027477,-0.142424557,-1.976985,0.692982,5.157815,-13.419496,-3.945533,0.020801579,0.112241,0.039991,Mixed,TRUE,FALSE,TRUE,FALSE
LTU_053_MZB_LO_14,Lithuania,55.6208,25.4354,1292551,2010,2020,8,11,0.726124847,0.748445926,0.022321079,4.252028,2.905535,-1.596547,6.163206,10.612393,0.028974612,0.056074,0.014964,Mixed,TRUE,FALSE,TRUE,FALSE
LTU_053_MZB_LO_17,Lithuania,55.0933,24.5299,1292551,2010,2020,8,11,0.559322821,0.568922697,0.009599875,-0.348566,0.931017,2.114007,-18.749367,-0.182273,0.064003387,0.131104,0.026061,Mixed,TRUE,FALSE,TRUE,FALSE
LTU_053_MZB_LO_18,Lithuania,55.1295,25.8405,1292551,2010,2020,8,11,0.862725599,0.656832413,-0.205893186,0.585762,0.633183,2.292905,-3.381451,1.259645,0.027279401,0.123035,0.016632,Mixed,TRUE,FALSE,TRUE,FALSE
LTU_053_MZB_LO_20,Lithuania,54.962,22.7276,1292551,2010,2020,8,11,0.639071256,0.660429669,0.021358413,3.579334,1.64839,-1.098506,-0.145961,7.726176,0.029675514,0.048828,0.000521,Mixed,TRUE,FALSE,TRUE,FALSE
LTU_053_MZB_LO_21,Lithuania,55.0526,25.8742,1292551,2010,2020,8,11,0.843028126,0.903421323,0.060393196,1.093712,0.090139,1.446633,2.228092,1.804515,-0.089152489,0.100279,0.00113,Mixed,TRUE,FALSE,TRUE,FALSE
LTU_053_MZB_LO_24,Lithuania,55.5031,22.0195,1292551,2010,2020,9,11,0.585880938,0.649180411,0.063299474,7.235318,3.44972,6.186997,22.633869,15.592104,-0.021957593,0.087599,0.026822,Mixed,TRUE,FALSE,TRUE,FALSE
LTU_053_MZB_LO_4,Lithuania,55.2845,26.7849,1292234,2010,2020,8,11,0.512517188,0.559968393,0.047451205,4.448251,4.537781,6.099186,1.461556,11.267675,0.016556098,0.01091,0.003376,Mixed,TRUE,FALSE,TRUE,FALSE
LTU_053_MZB_LO_43,Lithuania,54.37,24.8748,1292551,2010,2020,8,11,0.756519334,0.704585633,-0.051933702,-1.934386,-1.646949,-3.07154,-4.80533,-3.882457,0.015661151,0.044539,0.002144,Mixed,TRUE,FALSE,TRUE,FALSE
LTU_053_MZB_LO_46,Lithuania,55.0217,25.8575,1292551,2010,2020,8,11,0.824433881,0.854111984,0.029678103,-2.212292,-2.287861,1.179857,-4.620222,-4.023813,0.107935768,0.052504,0.015182,Mixed,TRUE,FALSE,TRUE,FALSE
LTU_053_MZB_LO_47,Lithuania,55.1921,24.689,1292551,2010,2020,8,11,0.9419094,0.494053993,-0.447855407,-1.956772,-1.269581,0.575867,-13.216323,-2.403589,0.19563475,0.190243,0.04526,Mixed,TRUE,FALSE,TRUE,FALSE
LTU_053_MZB_LO_48,Lithuania,55.3031,23.0187,1292551,2010,2020,8,11,0.640957643,0.611860037,-0.029097606,8.396708,5.502059,6.474724,19.773975,19.474475,0.010874043,0.090738,0.042035,Mixed,TRUE,FALSE,TRUE,FALSE
LTU_053_MZB_LO_50,Lithuania,55.351,23.906,1292551,2010,2020,8,11,0.486193608,0.447175348,-0.03901826,-1.862567,0.353814,2.627878,-21.723028,-3.902608,-0.006600415,0.124739,0.014795,Mixed,TRUE,FALSE,TRUE,FALSE
LTU_053_MZB_LO_51,Lithuania,54.3569,23.0636,1292551,2010,2020,8,11,0.739337017,0.805635359,0.066298342,5.309057,4.303858,3.285066,12.802901,11.031801,-0.052124334,0.105227,0.030458,Mixed,TRUE,FALSE,TRUE,FALSE
LTU_053_MZB_LO_52,Lithuania,55.1628,21.9385,1292551,2010,2020,9,11,0.463317066,0.666389651,0.203072585,10.691384,0.24056,-0.018874,44.179967,25.216938,0.065176486,0.09273,0.034362,Mixed,TRUE,FALSE,TRUE,FALSE
LTU_053_MZB_LO_53,Lithuania,55.355,26.4257,1292234,2010,2020,8,11,0.758000588,0.692694954,-0.065305634,1.134854,0.807235,-2.142328,-5.21001,3.30914,0.143114941,0.029953,0.003755,Mixed,TRUE,FALSE,TRUE,FALSE
LTU_053_MZB_LO_54,Lithuania,55.5743,25.0506,1292551,2010,2020,8,11,0.695690608,0.726629834,0.030939227,1.661471,2.437839,0.671505,3.242501,3.356643,0.000168426,0.068845,0.017395,Mixed,TRUE,FALSE,TRUE,FALSE
LTU_053_MZB_LO_55,Lithuania,55.0839,23.4315,1292551,2010,2020,8,11,0.391961933,0.584083948,0.192122015,13.781506,11.97835,15.001649,6.582186,33.335813,-0.012326034,0.105862,0.044314,Mixed,TRUE,FALSE,TRUE,FALSE
LTU_053_MZB_LO_6,Lithuania,55.0701,22.578,1292551,2010,2020,8,11,0.407314917,0.455823204,0.048508287,10.325617,6.344368,8.19333,21.961025,27.517869,-0.037581739,0.032112,0.031772,Mixed,TRUE,FALSE,TRUE,FALSE
LTU_053_MZB_LO_63,Lithuania,55.7003,24.4333,1292551,2010,2020,8,11,0.735165139,0.60593121,-0.129233929,-2.282382,-3.302123,-5.721888,13.502172,-4.75773,0.025712141,0.157491,0.020665,Mixed,TRUE,FALSE,TRUE,FALSE
LTU_053_MZB_LO_65,Lithuania,54.9537,23.801,1292551,2010,2020,8,11,0.334566142,0.474325042,0.1397589,4.050741,0.665572,-0.547828,19.784755,16.876522,0.15492249,0.061534,0.057066,Mixed,TRUE,FALSE,TRUE,FALSE
LTU_053_MZB_LO_66,Lithuania,54.6646,23.242,1292551,2010,2020,8,11,0.610552486,0.555303867,-0.055248619,3.185101,1.591054,-5.869213,3.193347,6.95529,-0.076951133,0.079691,0.010178,Mixed,TRUE,FALSE,TRUE,FALSE
LTU_053_MZB_LO_67,Lithuania,55.1774,23.8281,1292551,2010,2020,8,11,0.791925909,0.58019446,-0.211731449,-4.851571,-3.990358,-4.611308,-15.401411,-9.433253,0.080786926,0.137433,0.009048,Mixed,TRUE,FALSE,TRUE,FALSE
LTU_053_MZB_LO_69,Lithuania,54.8387,25.742,1292551,2010,2020,8,11,0.66861608,0.426315469,-0.242300611,-2.814392,-1.964677,-2.693611,-6.135438,-5.740976,0.040373203,0.014254,0.014457,Mixed,TRUE,FALSE,TRUE,FALSE
LTU_053_MZB_LO_71,Lithuania,56.0504,22.9727,1293563,2010,2020,8,11,0.552430939,0.409337017,-0.143093923,1.78581,0.162464,-0.226394,0.451223,3.426066,-0.047158538,0.12382,0.023281,Mixed,TRUE,FALSE,TRUE,FALSE
LTU_053_MZB_LO_72,Lithuania,54.9585,23.9399,1292551,2010,2020,8,11,0.504014733,0.43587477,-0.068139963,11.912228,6.677246,9.770477,14.026665,30.720339,0.15938116,0.16668,0.037917,Mixed,TRUE,FALSE,TRUE,FALSE
LTU_053_MZB_LO_76,Lithuania,55.0839,21.9061,1292551,2010,2020,9,11,0.364497207,0.432793296,0.068296089,14.046737,5.726738,10.882574,30.279069,31.183065,-0.066781718,0.196031,0.052816,Mixed,TRUE,FALSE,TRUE,FALSE
LTU_053_MZB_LO_77,Lithuania,55.2527,25.9913,1292551,2010,2020,8,11,0.584063612,0.647208626,0.063145014,2.46528,3.28502,5.893736,0.325293,4.612865,-0.163419099,0.050756,0.024838,Mixed,TRUE,FALSE,TRUE,FALSE
LTU_053_MZB_LO_78,Lithuania,54.9606,25.7104,1292551,2010,2020,8,11,0.832928812,0.723466575,-0.109462238,-4.949296,-4.324675,-5.920269,-5.974487,-9.804008,0.088186237,0.159012,0.027843,Mixed,TRUE,FALSE,TRUE,FALSE
LTU_053_MZB_LO_79,Lithuania,54.1106,24.2801,1292551,2010,2020,8,11,0.754765226,0.604933226,-0.149832001,-3.662059,-2.957152,-0.777968,-6.340234,-7.482608,-0.023186706,0.071114,0.022853,Mixed,TRUE,FALSE,TRUE,FALSE
LTU_053_MZB_LO_8,Lithuania,55.2913,21.3772,1292551,2010,2020,9,11,0.354027157,0.458268128,0.104240971,13.363661,4.886005,5.834037,41.678076,30.551737,-0.021270522,0.204951,0.032651,Mixed,TRUE,FALSE,TRUE,FALSE
LTU_053_MZB_LO_81,Lithuania,56.1999,21.5737,1292080,2010,2020,9,11,0.45472067,0.659329609,0.204608939,4.028637,2.050882,4.154386,21.123844,8.826781,0.05761595,0.003226,0.006032,Mixed,TRUE,FALSE,TRUE,FALSE
LTU_053_MZB_LO_82,Lithuania,55.8322,21.8818,1292551,2010,2020,8,11,0.966623651,0.452357132,-0.514266519,-3.713647,-2.558736,-0.967921,-14.347181,-6.951041,0.033055894,0.169541,0.029987,Mixed,TRUE,FALSE,TRUE,FALSE
LTU_053_MZB_LO_83,Lithuania,56.2862,21.5012,1292080,2010,2020,9,11,0.416340782,0.709217877,0.292877095,11.096169,3.409741,5.397895,49.8809,23.240124,-0.127166582,0.058886,0.013714,Mixed,TRUE,FALSE,TRUE,FALSE
LTU_053_MZB_LO_84,Lithuania,56.3953,22.2333,1293563,2010,2020,8,11,0.721846263,0.476610417,-0.245235846,-3.470384,-5.517884,-8.956407,12.517539,-5.911887,0.091240711,0.097678,0.042125,Mixed,TRUE,FALSE,TRUE,FALSE
LTU_053_MZB_LO_85,Lithuania,56.2289,24.4075,1294096,2010,2020,8,11,0.562742647,0.348754299,-0.213988348,-3.42886,-4.40989,-5.741906,11.744167,-6.743968,-0.091917403,0.270057,0.068733,Mixed,TRUE,FALSE,TRUE,FALSE
LTU_053_MZB_LO_86,Lithuania,56.3422,23.6155,1294096,2010,2020,8,11,0.45480663,0.474143646,0.019337017,2.586978,3.459216,3.302669,-2.390319,5.735787,0.026476903,0.186829,0.025302,Mixed,TRUE,FALSE,TRUE,FALSE
LTU_053_MZB_LO_87,Lithuania,56.1721,24.6351,1294096,2010,2020,8,11,0.606335176,0.606151013,-0.000184163,3.88472,0.272084,0.933716,27.957354,8.348535,0.064800849,0.042819,0.003753,Mixed,TRUE,FALSE,TRUE,FALSE
LTU_053_MZB_LO_9,Lithuania,55.6678,23.0358,1292551,2010,2020,8,11,0.771510736,0.453481828,-0.318028907,-1.034731,-1.227352,-5.321157,1.732497,1.098893,0.111037178,0.185183,0.037903,Mixed,TRUE,FALSE,TRUE,FALSE
LUX_027_MZB_LO_1,Luxembourg,49.88922,6.18245,1173482,2007,2017,10,11,0.407487693,0.628098027,0.220610334,2.446744,1.197347,2.237397,3.79395,4.552388,-0.034130278,0.073807,0.000906,Mixed,TRUE,FALSE,FALSE,TRUE
LUX_027_MZB_LO_10,Luxembourg,49.79892,6.39057,1173482,2007,2017,10,11,0.309212415,0.380665607,0.071453192,1.643151,1.95124,-1.040877,0.574251,3.857946,0.134512064,0.116146,0.026434,Mixed,TRUE,FALSE,FALSE,TRUE
LUX_027_MZB_LO_11,Luxembourg,49.82335,6.27949,1173482,2007,2017,10,11,0.316546076,0.416934894,0.100388818,-0.798093,-0.818756,-3.431718,0.284245,-1.086323,0.059141499,0.038917,0.003343,Mixed,TRUE,FALSE,FALSE,TRUE
LUX_027_MZB_LO_12,Luxembourg,49.71289,6.45806,1173482,2007,2017,10,11,0.212425608,0.485448896,0.273023289,1.63609,1.077057,4.25775,4.43742,2.873193,-0.064095814,0.105983,0.008628,Mixed,TRUE,FALSE,FALSE,TRUE
LUX_027_MZB_LO_13,Luxembourg,50.11186,6.05566,1173482,2007,2017,10,11,0.121877655,0.111444035,-0.01043362,1.760225,-1.506514,-0.70238,13.62834,3.755597,0.10059074,0.114157,0.015811,Mixed,TRUE,FALSE,FALSE,TRUE
LUX_027_MZB_LO_14,Luxembourg,49.77543,6.49267,1173482,2007,2017,10,11,0.063645721,0.278268574,0.214622853,6.176511,8.364105,16.006698,-2.943649,14.943054,-0.194644121,0.113101,0.033471,Mixed,TRUE,FALSE,FALSE,TRUE
LUX_027_MZB_LO_15,Luxembourg,50.05738,6.11513,1173482,2007,2017,10,11,0.709986765,0.586307712,-0.123679053,1.406141,0.570542,2.381708,0.729004,4.072572,0.157715743,0.100892,0.023678,Mixed,TRUE,FALSE,FALSE,TRUE
LUX_027_MZB_LO_16,Luxembourg,50.09232,6.02969,1173482,2007,2017,10,11,0.647866707,0.725442631,0.077575924,0.264767,0.273151,1.156303,2.81667,-0.048026,-0.04931271,0.097597,0.006236,Mixed,TRUE,FALSE,FALSE,TRUE
LUX_027_MZB_LO_17,Luxembourg,49.86817,5.77526,1173482,2007,2017,10,11,0.654993999,0.705585473,0.050591474,3.101581,3.328601,5.271461,-2.079764,6.52498,-0.093186301,0.081049,0.004777,Mixed,TRUE,FALSE,FALSE,TRUE
LUX_027_MZB_LO_18,Luxembourg,49.89114,6.10889,1173482,2007,2017,10,11,0.655217312,0.647047931,-0.008169381,2.512768,1.637631,-1.860422,3.0346,5.325591,0.071589483,0.048942,0.010042,Mixed,TRUE,FALSE,FALSE,TRUE
LUX_027_MZB_LO_19,Luxembourg,49.78271,6.04288,1173482,2007,2017,10,11,0.518880433,0.603867546,0.084987113,0.75043,0.243963,4.231226,2.998359,2.836912,0.037445966,0.109267,0.021049,Mixed,TRUE,FALSE,FALSE,TRUE
LUX_027_MZB_LO_2,Luxembourg,49.89407,5.89,1173482,2007,2017,10,11,0.592986368,0.770585429,0.177599061,0.658431,0.571479,0.728195,-0.148653,0.805624,-0.021039435,0.115331,0.023226,Mixed,TRUE,FALSE,FALSE,TRUE
LUX_027_MZB_LO_20,Luxembourg,49.72934,6.07942,1173482,2007,2017,10,11,0.226687199,0.449129556,0.222442357,3.27664,-0.383694,-1.631376,10.741935,5.662948,-0.003795996,0.122434,0.026393,Mixed,TRUE,FALSE,FALSE,TRUE
LUX_027_MZB_LO_3,Luxembourg,50.08662,5.94102,1173482,2007,2017,10,11,0.5062933,0.429968003,-0.076325297,-1.50426,0.487248,-0.706376,-9.065349,-3.135413,0.054771119,0.108477,0.030126,Mixed,TRUE,FALSE,FALSE,TRUE
LUX_027_MZB_LO_4,Luxembourg,49.80247,5.80994,1173482,2007,2017,10,11,0.778885084,0.858209795,0.079324711,1.751226,2.084413,1.526873,-4.271824,1.889565,-0.205603015,0.091517,0.016796,Mixed,TRUE,FALSE,FALSE,TRUE
LUX_027_MZB_LO_5,Luxembourg,49.96426,5.96724,1173482,2007,2017,10,11,0.67856416,0.780905934,0.102341774,1.007243,0.701067,2.001206,3.436306,2.511709,-0.080001708,0.121801,0.003193,Mixed,TRUE,FALSE,FALSE,TRUE
LUX_027_MZB_LO_6,Luxembourg,49.88382,6.06424,1173482,2007,2017,10,11,0.476908405,0.678323154,0.201414749,2.920521,2.523701,1.399569,3.341362,5.779026,-0.022347874,0.099913,0.006762,Mixed,TRUE,FALSE,FALSE,TRUE
LUX_027_MZB_LO_7,Luxembourg,49.90713,5.95387,1173482,2007,2017,9,11,0.55793505,0.855986308,0.298051258,3.301487,2.916342,5.540415,1.864694,6.624915,-0.074362501,0.163633,0.01921,Mixed,TRUE,FALSE,FALSE,TRUE
LUX_027_MZB_LO_8,Luxembourg,49.78816,6.31723,1173482,2007,2017,10,11,0.122322742,0.046039856,-0.076282887,0.602309,-0.203284,-7.825073,1.819595,1.01758,-0.101428656,0.107559,0.043015,Mixed,TRUE,FALSE,FALSE,TRUE
LUX_027_MZB_LO_9,Luxembourg,49.71351,6.14335,1173482,2007,2017,10,11,0.266121889,0.424915481,0.158793592,-0.110585,-0.937392,-0.120757,3.354021,-2.592731,-0.150990101,0.015954,0.007227,Mixed,TRUE,FALSE,FALSE,TRUE
LVA_026_MZB_LO_1,Latvia,57.795037,25.1480037,1291933,1986,2015,23,30,0.13199278,0.424213909,0.292221129,2.962993,2.960472,0.600185,0.822266,5.999417,-0.031083206,0.01467,0.004694,Mixed,TRUE,FALSE,FALSE,FALSE
LVA_026_MZB_LO_2,Latvia,57.8740016,24.9964677,1291933,1996,2015,20,20,0.470225265,0.242009559,-0.228215707,-1.458366,-1.383682,-1.270082,-0.601147,-2.842863,0.001872087,0.040038,0.009051,Mixed,TRUE,FALSE,FALSE,FALSE
LVA_026_MZB_LO_3,Latvia,57.7530955,24.4094509,1291933,1996,2015,19,20,0.561885441,0.836560619,0.274675178,1.719748,1.425961,-0.108276,1.751694,3.479433,-0.049307446,0.047847,0.008509,Mixed,TRUE,FALSE,FALSE,FALSE
NLD_005_MZB_LO_1,Netherlands,51.4279319,4.7799054,1173482,1990,2019,17,30,0.481319155,0.782957241,0.301638086,2.410432,-0.396624,-0.723796,9.769924,4.914702,-0.013843643,0.033838,0.005443,Mixed,FALSE,TRUE,FALSE,FALSE
NLD_005_MZB_LO_2,Netherlands,51.2777136,3.7142652,1173462,1992,2022,16,31,0.369751611,0.447942488,0.078190877,0.501545,0.242676,0.06871,5.029602,1.071534,0.026317652,0.024916,0.003531,Mixed,FALSE,TRUE,FALSE,FALSE
NLD_028_MZB_LO_1,Netherlands,52.28527,5.73665,1172685,1981,2014,14,34,0.701856037,0.520014033,-0.181842004,1.127783,0.440167,1.388335,3.047204,1.590157,-0.052904919,0.033932,0.011413,Mixed,FALSE,TRUE,FALSE,FALSE
NLD_028_MZB_LO_10,Netherlands,52.2435,6.67654,1172685,1984,2019,18,36,0.37589373,0.352530966,-0.023362764,1.664676,0.939856,2.082519,2.772377,3.371178,0.033690391,0.042417,0.006523,Mixed,FALSE,TRUE,FALSE,FALSE
NLD_028_MZB_LO_11,Netherlands,52.15649,6.87806,1172685,1984,2012,18,29,0.583727083,0.485445738,-0.098281346,3.11676,-0.619805,-2.07292,9.605632,6.28799,0.001123778,0.076891,0.016271,Mixed,FALSE,TRUE,FALSE,FALSE
NLD_028_MZB_LO_12,Netherlands,52.4242,6.95854,1172685,1981,2019,17,39,0.384002075,0.49785039,0.113848315,2.834306,1.279156,1.606116,5.025849,5.651041,-0.014774741,0.042968,0.006224,Mixed,FALSE,TRUE,FALSE,FALSE
NLD_028_MZB_LO_13,Netherlands,52.34188,7.05514,1172685,1980,2012,19,33,0.448102913,0.580905306,0.132802393,3.939138,1.770882,3.139824,5.768802,7.917118,-0.020882183,0.068433,0.007828,Mixed,FALSE,TRUE,FALSE,FALSE
NLD_028_MZB_LO_14,Netherlands,52.39623,7.05715,1172685,1984,2012,18,29,0.388452089,0.563952124,0.175500035,2.883584,-0.235864,-0.08741,6.963202,5.780784,0.001973511,0.070421,0.011451,Mixed,FALSE,TRUE,FALSE,FALSE
NLD_028_MZB_LO_15,Netherlands,52.23175,7.00601,1172685,1981,2012,30,32,0.359560394,0.672162308,0.312601915,1.703423,0.454927,0.133827,1.946462,3.292163,-0.021154476,0.058873,0.006717,Mixed,FALSE,TRUE,FALSE,FALSE
NLD_028_MZB_LO_16,Netherlands,52.23561,7.00394,1172685,1982,2019,15,38,0.333841653,0.512998858,0.179157206,4.523099,3.046934,4.016945,4.481854,9.43743,0.013448473,0.042118,0.009991,Mixed,FALSE,TRUE,FALSE,FALSE
NLD_028_MZB_LO_17,Netherlands,52.2441,7.03851,1172685,1981,2016,32,36,0.673935077,0.799692568,0.125757492,0.644854,-0.501714,-0.992408,1.847623,1.643025,-0.002738015,0.022724,0.006918,Mixed,FALSE,TRUE,FALSE,FALSE
NLD_028_MZB_LO_18,Netherlands,52.68546,6.73386,1172685,1994,2019,18,26,0.323800981,0.281176194,-0.042624786,2.274173,-0.41409,-0.568439,8.841988,4.962713,0.056511516,0.065269,0.001864,Mixed,FALSE,TRUE,FALSE,FALSE
NLD_028_MZB_LO_19,Netherlands,52.6116,6.73889,1172685,1991,2016,26,26,0.420084339,0.515855211,0.095770872,1.873702,1.264532,2.334291,2.074989,3.973345,0.036214854,0.080405,0.010651,Mixed,FALSE,TRUE,FALSE,FALSE
NLD_028_MZB_LO_2,Netherlands,51.568666,5.303577,1173482,2003,2018,9,16,0.347530106,0.472431702,0.124901595,1.11802,4.379059,13.84205,-7.048998,2.355044,0.03860791,0.042715,0.001036,Mixed,FALSE,TRUE,FALSE,FALSE
NLD_028_MZB_LO_3,Netherlands,51.510888,5.497979,1173482,2003,2019,16,17,0.405642433,0.548501554,0.142859121,4.343795,3.829944,5.951047,0.634121,8.859724,-0.009448668,0.088061,0.026494,Mixed,FALSE,TRUE,FALSE,FALSE
NLD_028_MZB_LO_4,Netherlands,51.553995,5.269823,1173482,2003,2017,10,15,0.54636072,0.633514475,0.087153755,1.115663,2.005089,4.597149,-2.103961,2.467544,0.043458969,0.092783,0.017397,Mixed,FALSE,TRUE,FALSE,FALSE
NLD_028_MZB_LO_5,Netherlands,51.456992,5.498178,1173482,2004,2019,14,16,0.31501864,0.432027885,0.117009245,3.812317,3.779181,4.702235,2.506021,8.267244,0.055895547,0.060059,0.016997,Mixed,FALSE,TRUE,FALSE,FALSE
NLD_028_MZB_LO_6,Netherlands,52.51098,6.39155,1172685,1981,2019,14,39,0.320083942,0.34371252,0.023628577,1.968162,1.444884,4.141608,3.243597,4.991527,0.028172103,0.027771,0.006925,Mixed,FALSE,TRUE,FALSE,FALSE
NLD_028_MZB_LO_7,Netherlands,52.31816,6.54476,1172685,1984,2019,18,36,0.364793522,0.409405093,0.044611571,1.934155,1.854459,2.537604,0.636024,3.871597,-0.003730269,0.047602,0.006645,Mixed,FALSE,TRUE,FALSE,FALSE
NLD_028_MZB_LO_8,Netherlands,52.44568,6.86267,1172685,1991,2019,13,29,0.47940135,0.647199209,0.167797859,1.203553,1.274634,0.207003,-0.846837,2.320845,-0.014537124,0.047862,0.016502,Mixed,FALSE,TRUE,FALSE,FALSE
NLD_028_MZB_LO_9,Netherlands,52.46692,6.45771,1172685,1984,2019,18,36,0.260528009,0.34551052,0.084982511,2.485753,2.764361,3.171409,-0.674754,5.106149,0.008937234,0.046718,0.007466,Mixed,FALSE,TRUE,FALSE,FALSE
NLD_028_MZB_LO_20,Netherlands,51.85403,6.47108,1172685,1990,2019,16,30,0.488079593,0.367030683,-0.121048911,-1.279745,-0.504047,-2.485694,-4.716857,-3.553039,0.061770666,0.003233,0.002565,Mixed,FALSE,TRUE,FALSE,FALSE
NLD_028_MZB_LO_21,Netherlands,52.09383,6.75358,1172685,1989,2019,24,31,0.566877572,0.741599693,0.174722121,0.998827,1.136703,2.177911,-0.357753,0.912808,-0.006818282,0.0575,0.007191,Mixed,FALSE,TRUE,FALSE,FALSE
NLD_028_MZB_LO_22,Netherlands,51.93967,6.79395,1172685,1989,2016,22,28,0.397349408,0.816756845,0.419407437,0.65957,2.402996,4.443121,-3.623377,0.665168,-0.036107324,0.059601,0.01942,Mixed,FALSE,TRUE,FALSE,FALSE
NLD_028_MZB_LO_23,Netherlands,52.13907,6.85055,1172685,1997,2019,15,23,0.590986279,0.48156856,-0.109417719,-1.222675,-1.175095,-2.535494,-4.419545,-2.924353,0.085758241,0.066447,0.005654,Mixed,FALSE,TRUE,FALSE,FALSE
NLD_028_MZB_LO_24,Netherlands,52.0152,6.76292,1172685,1988,2019,17,32,0.537534678,0.499231613,-0.038303065,-1.086771,0.060874,0.019826,-3.338373,-2.97937,0.032259918,0.019926,0.005712,Mixed,FALSE,TRUE,FALSE,FALSE
NLD_028_MZB_LO_25,Netherlands,51.869,6.22646,1172685,1988,2017,15,30,0.249976863,0.290010938,0.040034075,2.427465,2.276734,4.223003,-0.657165,3.852663,-0.006443837,0.081901,0.007582,Mixed,FALSE,TRUE,FALSE,FALSE
NLD_028_MZB_LO_27,Netherlands,51.86509,6.38993,1172685,1990,2006,13,17,0.412066237,0.531838732,0.119772495,-1.263837,-0.574977,-2.619062,-2.899578,-0.982335,0.08539697,0.085604,0.016352,Mixed,FALSE,TRUE,FALSE,FALSE
NLD_028_MZB_LO_28,Netherlands,51.43872,5.71823,1173482,2000,2019,15,20,0.27907534,0.234832866,-0.044242474,1.712613,1.051541,0.745414,1.970876,3.599997,0.028734307,0.003476,0.011693,Mixed,FALSE,TRUE,FALSE,FALSE
NLD_028_MZB_LO_29,Netherlands,51.33341,5.75945,1173482,2000,2018,16,19,0.099052096,0.102094695,0.003042598,0.60373,1.482284,3.898707,2.211264,1.247208,0.074125924,0.036994,0.010229,Mixed,FALSE,TRUE,FALSE,FALSE
NLD_028_MZB_LO_30,Netherlands,51.46308,5.69024,1173482,2000,2019,12,20,0.280641709,0.430379575,0.149737866,1.837846,1.230525,2.50801,4.988243,3.181475,-0.100328962,0.056274,0.00351,Mixed,FALSE,TRUE,FALSE,FALSE
NLD_028_MZB_LO_31,Netherlands,51.44113,5.69369,1173482,2006,2019,11,14,0.218525724,0.270673031,0.052147307,-0.890334,1.180223,1.430381,-4.220393,-2.020732,0.068043126,0.115852,0.004073,Mixed,FALSE,TRUE,FALSE,FALSE
NLD_028_MZB_LO_32,Netherlands,51.51316,5.65443,1173482,2002,2019,11,18,0.260716592,0.227371602,-0.03334499,3.062933,1.21144,1.317121,5.416134,5.762754,-0.009519547,0.077885,0.000319,Mixed,FALSE,TRUE,FALSE,FALSE
NLD_028_MZB_LO_33,Netherlands,51.64797,5.46208,1173482,2000,2019,10,20,0.339747562,0.392312332,0.05256477,-0.89538,-0.45963,-0.613632,-0.602205,-1.960505,0.085420006,0.099074,0.013824,Mixed,FALSE,TRUE,FALSE,FALSE
NLD_028_MZB_LO_34,Netherlands,51.69279,5.32963,1173482,2000,2019,10,20,0.312120833,0.44428782,0.132166988,1.195852,0.977712,1.059811,-0.010116,2.209731,0.028742508,0.092636,0.021526,Mixed,FALSE,TRUE,FALSE,FALSE
NLD_028_MZB_LO_35,Netherlands,51.72116,5.27279,1173482,2007,2019,10,13,0.408929295,0.47865931,0.069730015,17.193706,10.375505,13.833405,21.056314,25.499136,-0.011523542,0.098925,0.031018,Mixed,FALSE,TRUE,FALSE,FALSE
NLD_028_MZB_LO_36,Netherlands,51.73357,5.27284,1173482,1995,2005,9,11,0.225885618,0.300839025,0.074953407,4.294078,0.281647,-1.104059,5.378404,9.729016,-0.158300147,0.162406,0.053205,Mixed,FALSE,TRUE,FALSE,FALSE
NLD_028_MZB_LO_37,Netherlands,51.36773,5.77463,1173482,2002,2018,11,17,0.137464912,0.144948567,0.007483655,3.410801,1.192572,6.04948,7.718827,7.105164,-0.040602508,0.076403,0.018035,Mixed,FALSE,TRUE,FALSE,FALSE
NLD_028_MZB_LO_38,Netherlands,51.55206,5.61514,1173482,2007,2019,11,13,0.331975489,0.366159372,0.034183883,0.921026,-2.414991,-2.388551,12.198342,1.456868,0.021282003,0.104843,0.032729,Mixed,FALSE,TRUE,FALSE,FALSE
NLD_028_MZB_LO_39,Netherlands,51.74101,5.74209,1173482,2000,2019,11,20,0.284513408,0.238192178,-0.04632123,1.264025,1.496827,1.995464,-0.613692,2.541242,-0.006680294,0.065842,0.01153,Mixed,FALSE,TRUE,FALSE,FALSE
NLD_028_MZB_LO_40,Netherlands,51.72417,5.71764,1173482,1999,2017,12,19,0.279159024,0.219855463,-0.059303562,-0.710604,0.368386,2.169052,-3.288674,-1.113984,0.066543288,0.023524,0.015597,Mixed,FALSE,TRUE,FALSE,FALSE
NLD_028_MZB_LO_41,Netherlands,51.70592,5.79221,1173482,2006,2019,10,14,0.261328109,0.309317647,0.047989538,-0.504365,1.023628,0.849873,-4.006078,-0.764072,0.012712769,0.051321,0.012713,Mixed,FALSE,TRUE,FALSE,FALSE
NLD_028_MZB_LO_42,Netherlands,51.66285,5.44821,1173482,2006,2019,9,14,0.23676799,0.302977547,0.066209557,-0.833703,-1.523599,-2.003639,2.277378,-1.295108,0.103317192,0.122221,0.018814,Mixed,FALSE,TRUE,FALSE,FALSE
NLD_028_MZB_LO_43,Netherlands,51.70494,5.9433,1173482,2000,2016,10,17,0.227183174,0.304583277,0.077400103,-2.487741,-2.855549,-3.994429,0.044227,-4.494638,0.088222412,0.148021,0.033929,Mixed,FALSE,TRUE,FALSE,FALSE
NLD_028_MZB_LO_44,Netherlands,51.57379,5.65891,1173482,2001,2019,10,19,0.202886177,0.200770191,-0.002115986,1.743848,2.310019,2.969181,-1.667311,3.563748,0.007082341,0.066113,0.009026,Mixed,FALSE,TRUE,FALSE,FALSE
NLD_028_MZB_LO_45,Netherlands,51.5533,5.65956,1173482,2001,2019,8,19,0.200709535,0.183882633,-0.016826901,1.670181,1.634643,2.029263,-0.480255,3.150032,0.068640475,0.067857,0.003275,Mixed,FALSE,TRUE,FALSE,FALSE
NLD_028_MZB_LO_47,Netherlands,52.37404,6.04202,1172685,1981,2018,13,38,0.330374513,0.443080212,0.112705699,3.95974,2.611967,2.260098,3.52772,7.021248,-0.048431519,0.046154,0.01055,Mixed,FALSE,TRUE,FALSE,FALSE
NLD_028_MZB_LO_48,Netherlands,52.34542,6.02071,1172685,1981,2019,10,39,0.078116365,0.223581208,0.145464844,4.524049,5.857092,4.812416,-3.565305,8.334972,-0.011402148,0.051845,0.020225,Mixed,FALSE,TRUE,FALSE,FALSE
NLD_028_MZB_LO_49,Netherlands,52.24911,5.5355,1172685,1981,2018,15,38,0.477268703,0.361009342,-0.116259361,2.735174,2.227254,3.370696,1.627667,4.736306,-0.003298925,0.058952,0.007423,Mixed,FALSE,TRUE,FALSE,FALSE
NLD_028_MZB_LO_51,Netherlands,52.16338,5.43844,1172685,1983,2019,14,37,0.212880724,0.314067872,0.101187147,3.102743,2.819239,5.837005,1.128099,4.767244,0.02811968,0.05909,0.009946,Mixed,FALSE,TRUE,FALSE,FALSE
NLD_028_MZB_LO_52,Netherlands,52.14713,5.54678,1172685,1981,2019,14,39,0.121081354,0.228439519,0.107358165,3.298751,2.303182,3.015571,2.65765,5.664453,-0.041765596,0.041366,0.00881,Mixed,FALSE,TRUE,FALSE,FALSE
NLD_028_MZB_LO_53,Netherlands,52.15442,5.45591,1172685,1981,2019,17,39,0.340383587,0.406766763,0.066383176,3.68219,3.802025,6.293786,1.27219,6.114895,0.005140057,0.046098,0.008524,Mixed,FALSE,TRUE,FALSE,FALSE
NLD_028_MZB_LO_54,Netherlands,51.97813,5.75903,1172705,1997,2019,12,23,0.361458665,0.661384864,0.2999262,4.036204,3.567606,1.607657,0.968147,7.362093,-0.053300908,0.063675,0.008837,Mixed,FALSE,TRUE,FALSE,FALSE
NOR_029_MZB_LO_5,Norway,62.20325489,9.60315963,1292401,1988,2019,10,32,0.49181846,0.927412985,0.435594525,3.639141,2.846333,3.961563,5.045613,4.994753,-0.026374643,0.047493,0.013706,Mixed,TRUE,FALSE,FALSE,FALSE
NOR_029_MZB_LO_6,Norway,62.13410301,9.965332058,1292401,1983,2019,12,37,0.995776168,1.03082561,0.035049442,1.794451,1.674201,1.575034,1.285716,3.881884,-0.011125843,0.039006,0.005739,Mixed,TRUE,FALSE,FALSE,FALSE
NOR_029_MZB_LO_7,Norway,62.13583664,10.14158109,1292401,1981,2019,15,39,0.741627088,1.029623492,0.287996404,2.899609,1.12948,1.697345,1.427889,3.791378,-0.024498144,0.021341,0.00346,Mixed,TRUE,FALSE,FALSE,FALSE
NOR_054_MZB_LO_100,Norway,61.40973,6.2797,1170537,2004,2020,12,17,0.731702467,0.83791814,0.106215673,1.022975,0.829471,0.341514,0.24462,2.470265,0.022372137,0.000593,0.002724,Mixed,TRUE,FALSE,FALSE,FALSE
NOR_054_MZB_LO_42,Norway,58.20979486,6.79711771,1173140,2003,2020,18,18,0.753308842,0.91463301,0.161324168,0.590752,0.60914,0.898469,0.287257,1.300571,0.005337639,0.044727,0.008018,Mixed,TRUE,FALSE,FALSE,FALSE
NOR_054_MZB_LO_46,Norway,58.20615991,6.7606787,1173140,2003,2020,18,18,0.791078779,0.894642809,0.103564029,0.278387,0.491098,0.728166,-0.132598,0.413897,-0.022058428,0.037349,0.008982,Mixed,TRUE,FALSE,FALSE,FALSE
NOR_054_MZB_LO_49,Norway,59.59285,6.1161,1164415,2003,2020,15,18,0.730980534,0.73902976,0.008049226,-0.597105,-0.960009,-1.862028,0.636961,-1.235213,0.007489374,0.033596,0.000251,Mixed,TRUE,FALSE,FALSE,FALSE
NOR_054_MZB_LO_50,Norway,59.55499,5.99818,1164415,2003,2020,12,18,0.732714821,0.838525592,0.105810771,1.754101,1.183809,1.345097,1.45193,3.442002,-0.041518018,0.039326,0.003857,Mixed,TRUE,FALSE,FALSE,FALSE
NOR_054_MZB_LO_51,Norway,59.54302,5.99982,1164415,2003,2014,7,12,0.848425548,0.943299222,0.094873675,-0.281609,0.360283,4.35502,-2.405786,-0.714493,-0.012814334,0.040998,0.008271,Mixed,TRUE,FALSE,FALSE,FALSE
NOR_054_MZB_LO_52,Norway,59.54068,5.97635,1164415,2003,2020,12,18,0.750619908,0.720849221,-0.029770687,-0.199615,0.431021,0.919142,-1.055401,-0.728571,-0.035205867,1.10E-05,0.005334,Mixed,TRUE,FALSE,FALSE,FALSE
NOR_054_MZB_LO_53,Norway,59.59206,6.11552,1164415,2003,2020,15,18,0.431617277,0.729602598,0.297985321,2.912861,1.746319,0.771412,1.731832,6.196308,-0.017839298,0.010545,0.000577,Mixed,TRUE,FALSE,FALSE,FALSE
NOR_054_MZB_LO_54,Norway,59.58547,6.10387,1164415,2003,2020,15,18,0.591287655,0.84485691,0.253569254,0.049465,0.110559,0.199663,-0.345538,0.403545,0.010095103,0.020356,0.001939,Mixed,TRUE,FALSE,FALSE,FALSE
NOR_054_MZB_LO_55,Norway,59.5717,6.05277,1164415,2011,2020,10,10,0.790850579,0.812263277,0.021412699,-0.8022,0.554475,4.65016,-4.131827,-1.914216,-0.03975059,0.047406,0.015402,Mixed,TRUE,FALSE,FALSE,FALSE
NOR_054_MZB_LO_56,Norway,59.57017,6.05242,1164415,2003,2020,14,18,0.8185735,0.888328149,0.069754649,-1.439829,0.624183,0.35887,-9.340412,-3.097219,0.011382206,0.023202,0.006466,Mixed,TRUE,FALSE,FALSE,FALSE
NOR_054_MZB_LO_59,Norway,59.56583,6.02392,1164415,2003,2020,14,18,0.819926468,0.911735616,0.091809148,0.578712,0.066302,0.3817,1.354513,1.125577,-0.008154427,0.026364,0.004899,Mixed,TRUE,FALSE,FALSE,FALSE
NOR_054_MZB_LO_60,Norway,59.55678,5.99693,1164415,2003,2020,14,18,0.780015816,0.928148207,0.148132391,-0.224328,-0.317674,-0.429184,0.167175,-0.186461,0.058153354,0.005167,0.001708,Mixed,TRUE,FALSE,FALSE,FALSE
NOR_054_MZB_LO_61,Norway,58.52134895,5.80062475,1168494,2004,2020,9,17,0.732463768,0.768985507,0.036521739,2.319297,2.823231,4.059869,0.768032,4.218079,-0.127773123,0.028658,0.005086,Mixed,TRUE,FALSE,FALSE,FALSE
NOR_054_MZB_LO_62,Norway,58.59600947,6.02890682,1168494,2004,2020,9,17,0.784727258,0.890456889,0.105729632,0.464583,1.20484,1.477572,-1.880268,0.985894,-0.003496265,0.043587,0.005192,Mixed,TRUE,FALSE,FALSE,FALSE
NOR_054_MZB_LO_63,Norway,58.5776409,6.00185056,1168494,2004,2020,9,17,0.839033816,0.891400966,0.05236715,1.984274,1.013037,1.763046,5.454215,4.256152,-0.002540404,0.017511,0.001868,Mixed,TRUE,FALSE,FALSE,FALSE
NOR_054_MZB_LO_64,Norway,58.57690359,5.95712596,1168494,2004,2020,9,17,0.817375379,0.846399975,0.029024596,3.09163,1.59424,-0.677979,2.863516,6.760303,0.010409245,0.002202,0.012415,Mixed,TRUE,FALSE,FALSE,FALSE
NOR_054_MZB_LO_65,Norway,58.565593,5.9380173,1168494,2004,2020,9,17,0.592980025,0.704800858,0.111820832,3.246769,1.498198,2.476459,4.821903,6.203009,-0.119396922,0.074412,0.015994,Mixed,TRUE,FALSE,FALSE,FALSE
NOR_054_MZB_LO_66,Norway,58.51465344,5.82450944,1168494,2004,2020,9,17,0.807535864,0.888911774,0.08137591,3.869393,2.702748,0.767649,5.04223,7.88749,-0.087511658,0.060214,0.007118,Mixed,TRUE,FALSE,FALSE,FALSE
NOR_054_MZB_LO_67,Norway,58.57984293,5.99455542,1168494,2004,2020,9,17,0.816602985,0.970485628,0.153882643,2.187563,2.202614,0.838133,-1.037966,4.104412,-0.123240051,0.019537,0.000875,Mixed,TRUE,FALSE,FALSE,FALSE
NOR_054_MZB_LO_68,Norway,58.56743108,5.94236359,1168494,2004,2020,9,17,0.658270061,0.656996986,-0.001273075,0.878761,1.796543,2.589464,-3.568565,0.825816,-0.109790179,0.022702,0.00637,Mixed,TRUE,FALSE,FALSE,FALSE
NOR_054_MZB_LO_69,Norway,58.53097651,5.80430116,1168494,2004,2020,9,17,0.783204498,0.936208049,0.153003551,3.515826,1.450001,2.395065,8.635984,7.222252,-0.077692259,0.038614,0.00711,Mixed,TRUE,FALSE,FALSE,FALSE
NOR_054_MZB_LO_70,Norway,61.60732309,6.00572935,1172651,2003,2019,9,17,0.901779752,0.828230937,-0.073548815,0.519672,-0.061643,-0.299044,2.440665,1.006617,-0.023530749,0.035373,0.008376,Mixed,TRUE,FALSE,FALSE,FALSE
NOR_054_MZB_LO_71,Norway,61.57684768,5.84296789,1172651,2003,2019,9,17,0.719665477,0.889250722,0.169585245,-1.266286,-1.163386,-0.708247,1.921801,-2.478883,0.033495258,0.0195,0.00385,Mixed,TRUE,FALSE,FALSE,FALSE
NOR_054_MZB_LO_72,Norway,61.57715023,5.83180053,1172651,2003,2019,9,17,0.947021586,0.987265385,0.040243799,-0.775184,-1.617228,-2.753108,2.325683,-1.7481,-0.012019617,0.025657,0.005147,Mixed,TRUE,FALSE,FALSE,FALSE
NOR_054_MZB_LO_73,Norway,61.56965019,5.79279755,1172651,2005,2019,8,15,0.889535598,0.941079077,0.051543479,-0.50534,-1.502103,-2.612859,3.40719,-1.031628,-0.003811334,0.03886,0.005631,Mixed,TRUE,FALSE,FALSE,FALSE
NOR_054_MZB_LO_74,Norway,61.56813454,5.78314083,1172651,2003,2019,9,17,0.823011973,0.845296378,0.022284405,-0.089441,-2.089929,-3.595604,6.158449,-0.08615,0.018837731,0.039388,0.009899,Mixed,TRUE,FALSE,FALSE,FALSE
NOR_054_MZB_LO_76,Norway,61.54057473,5.78576585,1172651,2003,2019,9,17,0.884391494,0.926271577,0.041880083,-1.572764,-2.361529,-3.823446,2.99008,-3.289858,0.02590344,0.032867,0.008872,Mixed,TRUE,FALSE,FALSE,FALSE
NOR_054_MZB_LO_77,Norway,61.6006676,5.99002105,1172651,2003,2019,9,17,0.775636719,0.837882975,0.062246256,0.875953,-0.120454,-0.221494,5.111683,1.652042,-0.04107959,0.026352,0.002356,Mixed,TRUE,FALSE,FALSE,FALSE
NOR_054_MZB_LO_78,Norway,61.51726417,5.72170124,1172651,2003,2019,9,17,0.866867041,0.860171665,-0.006695376,0.396336,-0.378285,-0.563564,5.629722,0.757035,-0.014354342,0.001443,0.005283,Mixed,TRUE,FALSE,FALSE,FALSE
NOR_054_MZB_LO_79,Norway,61.58387988,5.97217357,1172651,2003,2019,9,17,0.882817017,0.787676799,-0.095140217,-0.267886,-0.633394,-0.294753,0.951607,-0.322307,0.057320666,0.028363,0.003566,Mixed,TRUE,FALSE,FALSE,FALSE
NOR_054_MZB_LO_81,Norway,61.57833158,5.94184835,1172651,2003,2019,9,17,0.906345138,0.82968152,-0.076663618,0.901539,0.624639,-0.756507,1.232618,1.835644,-0.015957984,0.0514,0.008446,Mixed,TRUE,FALSE,FALSE,FALSE
NOR_054_MZB_LO_82,Norway,61.57484032,5.90456691,1172651,2003,2019,9,17,0.780432531,0.878036191,0.09760366,0.062113,-0.559466,-1.668536,2.661521,0.196973,-0.014818453,0.023306,0.007897,Mixed,TRUE,FALSE,FALSE,FALSE
NOR_054_MZB_LO_84,Norway,61.33569,6.35805,1170537,2004,2020,12,17,0.640306622,0.772251014,0.131944393,-1.152372,0.479859,3.292274,-3.265163,-1.736874,0.075979912,0.045511,0.011173,Mixed,TRUE,FALSE,FALSE,FALSE
NOR_054_MZB_LO_85,Norway,61.36583,6.23204,1170537,2004,2014,9,11,0.874009077,0.848500094,-0.025508984,4.759414,1.834437,1.518614,10.332636,11.524593,0.055579285,0.042083,0.013234,Mixed,TRUE,FALSE,FALSE,FALSE
NOR_054_MZB_LO_86,Norway,61.36089,6.14875,1170537,2004,2020,12,17,0.775719471,0.75825914,-0.01746033,-0.644143,-1.284534,-0.290073,3.026047,-0.787954,0.061466818,0.005483,0.002378,Mixed,TRUE,FALSE,FALSE,FALSE
NOR_054_MZB_LO_87,Norway,61.35396,6.12164,1170537,2004,2018,11,15,0.8357482,0.799372963,-0.036375238,1.207268,1.465106,2.259005,0.131715,3.001352,0.027846113,0.051461,0.001398,Mixed,TRUE,FALSE,FALSE,FALSE
NOR_054_MZB_LO_88,Norway,61.32682,5.80579,1170537,2004,2020,12,17,0.780404032,0.87086554,0.090461508,-0.398711,0.449543,3.243311,-1.653874,-0.895301,0.009466491,0.03768,0.00747,Mixed,TRUE,FALSE,FALSE,FALSE
NOR_054_MZB_LO_89,Norway,61.31348,5.7948,1170537,2004,2020,12,17,0.800175028,0.895128241,0.094953213,-0.556912,-0.303737,0.974533,-0.951069,-0.644183,0.078727184,0.041324,0.00913,Mixed,TRUE,FALSE,FALSE,FALSE
NOR_054_MZB_LO_90,Norway,61.33883,5.7278,1170537,2004,2020,12,17,0.812778392,0.839173022,0.02639463,0.040242,0.186112,0.208803,-0.655879,0.090522,0.003698153,0.017879,0.006462,Mixed,TRUE,FALSE,FALSE,FALSE
NOR_054_MZB_LO_91,Norway,61.36238,5.72287,1170537,2004,2020,12,17,0.956653083,0.996645158,0.039992075,0.327399,0.944823,2.681362,-2.560527,0.460043,-0.039925511,0.047752,0.006799,Mixed,TRUE,FALSE,FALSE,FALSE
NOR_054_MZB_LO_92,Norway,61.36959,5.68735,1170537,2004,2020,12,17,0.765217252,0.819644894,0.054427642,1.992225,1.100431,2.133412,1.639765,3.672552,0.036432156,0.045082,0.006559,Mixed,TRUE,FALSE,FALSE,FALSE
NOR_054_MZB_LO_93,Norway,61.34258,6.45442,1170537,2004,2020,12,17,0.779896883,0.848110966,0.068214083,-1.036217,1.697595,6.011045,-5.332569,-2.044378,0.029963575,0.042228,0.012689,Mixed,TRUE,FALSE,FALSE,FALSE
NOR_054_MZB_LO_94,Norway,61.34558,6.32117,1170537,2004,2020,12,17,0.862315988,0.892367382,0.030051394,1.859807,1.215108,-0.338931,3.946493,4.099303,-0.009899438,0.035003,0.003862,Mixed,TRUE,FALSE,FALSE,FALSE
NOR_054_MZB_LO_95,Norway,61.32007,6.23297,1170537,2004,2020,11,17,0.716264667,0.824587952,0.108323285,-1.504614,-1.59294,-1.211708,2.616131,-2.552285,0.104634878,0.012814,0.009392,Mixed,TRUE,FALSE,FALSE,FALSE
NOR_054_MZB_LO_96,Norway,61.33976,6.13091,1170537,2004,2020,11,17,0.823235867,0.838527454,0.015291587,-0.481046,-1.323728,1.275726,4.912875,-1.020688,-3.56E-05,0.041161,0.009551,Mixed,TRUE,FALSE,FALSE,FALSE
NOR_054_MZB_LO_97,Norway,61.42332,6.43753,1170537,2004,2020,11,17,0.848528599,0.914576908,0.066048309,-0.821072,-1.1937,-2.879619,0.654885,-1.610457,0.024675588,0.004706,0.001355,Mixed,TRUE,FALSE,FALSE,FALSE
NOR_054_MZB_LO_98,Norway,61.42009,6.37655,1170537,2004,2020,12,17,0.811105943,0.677919689,-0.133186254,-0.353487,-0.651727,-2.03294,0.467291,-0.557498,0.03301881,0.001392,0.003794,Mixed,TRUE,FALSE,FALSE,FALSE
NOR_054_MZB_LO_99,Norway,61.41514,6.34655,1170537,2004,2020,12,17,0.757099485,0.858156029,0.101056543,-0.152451,-1.354418,-2.659085,5.072379,-0.275532,0.010144639,0.01205,0.004708,Mixed,TRUE,FALSE,FALSE,FALSE
PRT_032_MZB_LO_1,Portugal,37.516498,-8.010159,1172745,1993,2019,27,27,0.899088711,0.586025219,-0.313063492,-1.931045,-0.847962,-1.475955,-6.155171,-4.062461,-0.023973666,0.027168,0.004884,Mixed,TRUE,TRUE,FALSE,FALSE
PRT_032_MZB_LO_2,Portugal,37.527186,-8.002606,1172745,1993,2019,27,27,0.777336065,0.580193207,-0.197142857,-1.27221,-0.668856,-1.5249,-4.808771,-2.746287,-0.03481793,0.015593,0.003224,Mixed,TRUE,TRUE,FALSE,FALSE
SWE_038_MZB_LO_1,Sweden,66.60226437,18.92669326,1294365,2000,2019,19,20,0.997988404,1.052656915,0.054668511,0.575168,0.233533,-0.267331,-0.8784,1.112575,-0.023124144,0.016772,0.003215,Mixed,TRUE,FALSE,TRUE,FALSE
SWE_038_MZB_LO_10,Sweden,64.99159514,15.22640838,1295052,2007,2018,7,12,0.998915085,0.996078212,-0.002836873,2.007271,2.03449,1.945435,-1.378408,4.097794,-0.008335373,0.024813,0.005646,Mixed,TRUE,FALSE,TRUE,FALSE
SWE_038_MZB_LO_13,Sweden,64.03440745,16.92323443,1295052,2007,2018,12,12,1,1,0,0.026412,-0.147583,1.237687,3.94964,-0.096358,-0.032047396,0.060574,0.002099,Mixed,TRUE,FALSE,TRUE,FALSE
SWE_038_MZB_LO_14,Sweden,63.85866102,14.88077478,1292631,2007,2019,12,13,1.033177749,1.072067589,0.03888984,-1.519671,-1.326584,-2.786176,0.644012,-3.022714,0.02771845,0.060423,0.006926,Mixed,TRUE,FALSE,TRUE,FALSE
SWE_038_MZB_LO_16,Sweden,67.76318579,23.25594389,1260915,2007,2019,13,13,1.075625208,1.05728663,-0.018338578,0.822373,0.946346,1.80541,-4.706124,1.891105,0.03861858,0.051643,0.000943,Mixed,TRUE,FALSE,TRUE,FALSE
SWE_038_MZB_LO_17,Sweden,66.11376285,23.3200362,1295163,2007,2018,12,12,0.83681256,0.950253484,0.113440923,-1.764826,-0.456409,-1.404818,-7.131386,-3.686487,-0.014754778,0.030076,0.00012,Mixed,TRUE,FALSE,TRUE,FALSE
SWE_038_MZB_LO_19,Sweden,65.785698,19.08765977,1286956,2007,2018,11,12,1.040444066,1.095050275,0.054606209,0.659901,0.847978,-0.901185,-2.683694,1.301313,-0.012930368,0.063444,0.001384,Mixed,TRUE,FALSE,TRUE,FALSE
SWE_038_MZB_LO_20,Sweden,60.84263231,13.11954701,1293575,2007,2018,12,12,1.021678818,0.963605625,-0.058073193,-1.985558,-0.410561,-3.532236,-7.366458,-4.395206,-0.02443054,0.009837,0.004895,Mixed,TRUE,FALSE,TRUE,FALSE
SWE_038_MZB_LO_21,Sweden,62.55475982,12.56747035,1293700,2007,2019,13,13,1.005628775,0.997275809,-0.008352966,0.235985,1.079854,0.337384,-6.339684,0.578772,0.022045718,0.068235,0.005822,Mixed,TRUE,FALSE,TRUE,FALSE
SWE_038_MZB_LO_22,Sweden,59.55511339,18.57075767,1253515,2007,2019,13,13,1.001086388,0.989655361,-0.011431027,0.860203,1.270533,4.328483,-5.124044,2.002814,0.06391872,0.080178,0.012112,Mixed,TRUE,FALSE,TRUE,FALSE
SWE_038_MZB_LO_24,Sweden,65.17393004,18.24944341,1292447,2007,2019,12,13,1.007216022,0.874688467,-0.132527555,-0.013977,-0.098598,-0.971653,3.097337,-0.107668,-0.001420709,0.060338,0.003788,Mixed,TRUE,FALSE,TRUE,FALSE
SWE_038_MZB_LO_26,Sweden,60.01157277,17.84852688,1292857,2007,2018,12,12,0.950059587,0.71568772,-0.234371867,-1.676115,-1.431532,1.808485,3.466331,-2.843311,0.112251757,0.039668,0.004543,Mixed,TRUE,FALSE,TRUE,FALSE
SWE_038_MZB_LO_28,Sweden,65.2711791,16.05331696,1295052,2007,2019,12,13,1.012984891,0.998656139,-0.014328752,-0.483015,-0.747168,-3.382972,4.430063,-0.781564,0.061773665,0.05574,0.009821,Mixed,TRUE,FALSE,TRUE,FALSE
SWE_038_MZB_LO_29,Sweden,62.25942694,16.26798186,1281209,2007,2018,12,12,0.982335528,0.799846425,-0.182489103,-1.854641,-1.944023,-5.935597,0.822924,-3.332744,0.106241631,0.054442,0.011263,Mixed,TRUE,FALSE,TRUE,FALSE
SWE_038_MZB_LO_3,Sweden,65.59238888,19.08386106,1267300,2007,2018,12,12,1.059729552,0.935516518,-0.124213034,-1.10131,-0.078672,0.915436,-10.08892,-2.321919,0.01459109,0.058494,0.004494,Mixed,TRUE,FALSE,TRUE,FALSE
SWE_038_MZB_LO_30,Sweden,64.24875783,19.77754033,1292447,2007,2018,12,12,0.771474136,0.797810978,0.026336842,0.064852,-0.058079,0.133706,-0.802972,0.094428,-0.042217499,0.007035,0.000364,Mixed,TRUE,FALSE,TRUE,FALSE
SWE_038_MZB_LO_32,Sweden,55.645614,13.81617245,1287971,2007,2018,12,12,0.982681564,1.044785847,0.062104283,0.887787,1.116712,4.973742,0.429453,1.683833,-0.045153926,0.041223,0.001719,Mixed,TRUE,FALSE,TRUE,FALSE
SWE_038_MZB_LO_33,Sweden,65.4433315,14.52078065,1257390,2007,2019,12,13,0.932001769,0.916942528,-0.015059241,0.895421,0.873387,1.739267,-0.873557,2.377123,0.013517091,0.053608,0.010547,Mixed,TRUE,FALSE,TRUE,FALSE
SWE_038_MZB_LO_5,Sweden,64.6773374,20.38976032,1293741,2000,2018,19,19,1.00955117,0.953943852,-0.055607319,0.351491,-0.454743,-3.324939,1.760145,0.791047,0.00655032,0.050885,0.00584,Mixed,TRUE,FALSE,TRUE,FALSE
SWE_038_MZB_LO_6,Sweden,60.13752801,16.13282772,1292622,2007,2019,13,13,1.00032479,0.912684202,-0.087640588,0.680369,1.31224,2.773855,-7.735765,1.440567,0.010414807,0.030334,0.000507,Mixed,TRUE,FALSE,TRUE,FALSE
SWE_039_MZB_LO_1,Sweden,62.74460011,17.14521589,1292631,2004,2019,16,16,1.063309144,1.040976731,-0.022332413,0.278199,0.645031,0.443178,-0.599436,0.565345,0.026302487,0.03403,0.001707,Mixed,TRUE,FALSE,TRUE,FALSE
SWE_039_MZB_LO_10,Sweden,59.14698081,12.92052006,1293575,2006,2017,10,12,1.080508183,1.054547804,-0.025960379,-1.795168,-0.270025,-0.360478,-3.89095,-4.326141,0.141108548,0.080577,0.011298,Mixed,TRUE,FALSE,TRUE,FALSE
SWE_039_MZB_LO_13,Sweden,62.02909425,13.48988821,1293700,2005,2019,14,15,1.021307794,1.009767503,-0.011540291,-1.250911,-0.366186,-0.169484,-5.589203,-2.408935,0.03429231,0.006038,0.006369,Mixed,TRUE,FALSE,TRUE,FALSE
SWE_039_MZB_LO_14,Sweden,59.88651562,13.48856562,1293575,2005,2019,15,15,0.971678196,1.049178196,0.0775,0.499421,1.078949,2.801836,-3.094134,1.365011,-0.036721631,0.059885,0.006488,Mixed,TRUE,FALSE,TRUE,FALSE
SWE_039_MZB_LO_16,Sweden,61.57388104,12.90351804,1292622,1996,2006,10,11,0.893481689,0.996828896,0.103347206,5.187025,5.718776,11.164824,1.310314,12.594892,-0.026610849,0.003768,0.026007,Mixed,TRUE,FALSE,TRUE,FALSE
SWE_039_MZB_LO_17,Sweden,62.04032047,13.57730735,1293700,2005,2019,15,15,0.988666667,1.008666667,0.02,-2.559602,-1.318089,-1.020951,-5.63565,-5.835878,0.038374865,0.038509,0.007201,Mixed,TRUE,FALSE,TRUE,FALSE
SWE_039_MZB_LO_19,Sweden,61.73597403,16.45785745,1255675,2004,2019,16,16,0.964411765,0.955588235,-0.008823529,-0.819641,-0.432518,-0.725549,-2.629279,-0.971494,0.084094445,0.038174,0.003192,Mixed,TRUE,FALSE,TRUE,FALSE
SWE_039_MZB_LO_21,Sweden,61.67030773,16.62129599,1255675,2006,2019,13,14,0.82118923,0.833537771,0.012348542,-0.891866,0.81543,1.84988,-12.172929,-0.467122,-0.031669899,0.02692,0.011638,Mixed,TRUE,FALSE,TRUE,FALSE
SWE_039_MZB_LO_24,Sweden,62.84501102,17.37164106,1292631,2004,2019,16,16,1.042752683,1.092224476,0.049471793,1.542409,2.163915,4.105312,-2.538142,2.783966,0.025583503,0.036197,0.011577,Mixed,TRUE,FALSE,TRUE,FALSE
SWE_039_MZB_LO_26,Sweden,60.42939305,15.2798385,1292622,1995,2006,12,12,0.951666666,1.091666666,0.14,3.755315,0.40204,1.123112,14.748723,10.599515,-0.17140297,0.015671,0.002082,Mixed,TRUE,FALSE,TRUE,FALSE
SWE_039_MZB_LO_27,Sweden,61.63179301,16.74985641,1292901,2004,2019,16,16,1.027467215,1.041364274,0.013897059,-0.591981,-0.266157,1.515417,-1.228624,-1.121609,-0.02582411,0.047799,0.010851,Mixed,TRUE,FALSE,TRUE,FALSE
SWE_039_MZB_LO_28,Sweden,63.86808552,16.79843615,1295052,1997,2019,22,23,1.004402874,1.026858556,0.022455682,0.661753,1.229643,1.095977,-2.208265,1.694481,0.027660419,0.00867,0.003639,Mixed,TRUE,FALSE,TRUE,FALSE
SWE_039_MZB_LO_3,Sweden,62.89651228,13.65439145,1292270,2004,2019,16,16,1.034588733,1.00833873,-0.026250003,-0.770806,0.028474,0.229808,-5.2601,-1.259652,0.064511027,0.024985,0.007678,Mixed,TRUE,FALSE,TRUE,FALSE
SWE_039_MZB_LO_30,Sweden,63.69738178,17.08019333,1295052,1997,2019,22,23,1.067587047,0.99934061,-0.068246437,0.528062,0.938546,1.638483,-2.178562,1.6396,0.067812011,0.003522,0.003671,Mixed,TRUE,FALSE,TRUE,FALSE
SWE_039_MZB_LO_31,Sweden,62.58440028,15.34114506,1292270,1997,2019,23,23,0.996648766,0.927193261,-0.069455505,-0.598874,0.482535,0.595804,-3.254255,-0.989378,0.046195573,0.008125,0.005398,Mixed,TRUE,FALSE,TRUE,FALSE
SWE_039_MZB_LO_34,Sweden,63.43632556,16.51861327,1295052,1997,2019,23,23,1.046195652,1.012934783,-0.03326087,0.019139,0.985867,1.908023,-3.458141,0.462186,0.042187884,0.011452,0.002884,Mixed,TRUE,FALSE,TRUE,FALSE
SWE_039_MZB_LO_35,Sweden,59.85355848,15.45489666,1292857,2004,2019,16,16,0.975147059,0.958602941,-0.016544118,-0.618063,-0.228969,-0.436532,-1.785741,-0.676343,0.067413974,0.029562,0.001325,Mixed,TRUE,FALSE,TRUE,FALSE
SWE_039_MZB_LO_38,Sweden,63.59719777,19.71432885,1294324,2005,2019,15,15,0.950367622,0.928367622,-0.022,-0.941868,-0.636044,-0.314414,-2.198949,-0.846055,-0.007313287,0.013701,5.70E-05,Mixed,TRUE,FALSE,TRUE,FALSE
SWE_039_MZB_LO_4,Sweden,59.83820335,13.55954542,1293575,2006,2016,9,11,0.869143921,0.947679901,0.07853598,0.85671,-1.016104,1.556303,6.457504,1.220261,-0.067354065,0.046385,0.015772,Mixed,TRUE,FALSE,TRUE,FALSE
SWE_039_MZB_LO_45,Sweden,63.02344207,17.0311547,1295052,1997,2019,23,23,1.002717392,0.970326088,-0.032391304,0.044431,1.417006,2.704863,-4.693127,0.390721,0.047654767,0.01733,0.006488,Mixed,TRUE,FALSE,TRUE,FALSE
SWE_039_MZB_LO_49,Sweden,62.61029587,16.72925544,1292270,1997,2019,23,23,0.983560764,1.024978263,0.041417499,0.101366,0.512419,0.357364,-3.001515,0.106252,-0.018343997,0.011745,0.003811,Mixed,TRUE,FALSE,TRUE,FALSE
SWE_039_MZB_LO_5,Sweden,63.09382961,13.8953033,1292631,2004,2019,15,16,1.029246215,1.047559969,0.018313754,0.893095,1.401251,2.280708,-3.423337,2.403365,0.018644889,0.031868,0.007552,Mixed,TRUE,FALSE,TRUE,FALSE
SWE_039_MZB_LO_51,Sweden,61.69508848,16.66334273,1255675,2006,2019,14,14,1.032001767,1.007716052,-0.024285714,-0.887553,0.12435,1.178458,-7.68786,-1.436403,-0.001044545,0.038321,0.009653,Mixed,TRUE,FALSE,TRUE,FALSE
SWE_039_MZB_LO_52,Sweden,62.01117991,13.36666168,1293700,2007,2019,13,13,0.980064932,0.972812184,-0.007252747,-0.807032,-0.590971,-0.26463,-1.492969,-1.361605,0.036974327,0.064634,0.014297,Mixed,TRUE,FALSE,TRUE,FALSE
SWE_039_MZB_LO_54,Sweden,65.33373233,20.85786064,1286956,1996,2017,13,22,1.072312693,0.982471776,-0.089840917,0.448699,2.683011,4.471566,-5.994776,2.510805,0.068117198,0.02586,0.010983,Mixed,TRUE,FALSE,TRUE,FALSE
SWE_039_MZB_LO_57,Sweden,60.75884134,16.42234351,1295024,2004,2019,16,16,1.057842292,1.059515434,0.001673143,-0.532326,-0.413878,-0.041111,-0.312341,-0.248759,0.029955801,0.023408,0.006927,Mixed,TRUE,FALSE,TRUE,FALSE
SWE_039_MZB_LO_59,Sweden,63.73630344,18.14783083,1288791,2004,2019,15,16,1.045543772,1.050110561,0.004566789,0.665437,0.827436,1.317544,-0.854471,1.579846,0.065685891,0.007926,0.005104,Mixed,TRUE,FALSE,TRUE,FALSE
SWE_039_MZB_LO_60,Sweden,61.71603392,12.63242801,1292622,2004,2014,11,11,1.010890264,1.015435718,0.004545455,-0.116293,-0.074345,-1.627967,-1.530135,0.382192,-0.044904473,0.053808,0.009741,Mixed,TRUE,FALSE,TRUE,FALSE
SWE_039_MZB_LO_61,Sweden,63.48357427,19.296936,1259679,2005,2019,15,15,0.943349294,0.906849294,-0.0365,1.123322,-0.526728,-2.161158,5.35086,3.628575,0.01516424,0.011891,0.001894,Mixed,TRUE,FALSE,TRUE,FALSE
SWE_039_MZB_LO_66,Sweden,61.48418768,12.84558109,1292622,2005,2014,10,10,0.945454545,0.976545455,0.031090909,0.916598,1.009463,-1.93654,-1.126402,2.30565,-0.031325562,0.065742,0.01165,Mixed,TRUE,FALSE,TRUE,FALSE
SWE_039_MZB_LO_69,Sweden,62.22800048,16.60803078,1281209,1997,2019,22,23,1.041466447,1.028311003,-0.013155444,0.220033,0.676638,1.954313,-1.085621,0.159044,-0.014261006,0.027568,0.008121,Mixed,TRUE,FALSE,TRUE,FALSE
SWE_039_MZB_LO_71,Sweden,60.15318998,13.00884373,1293575,2006,2015,9,10,0.889548387,0.958645161,0.069096774,3.992779,2.79021,1.72265,9.709464,7.20676,-0.043074895,0.069656,0.019573,Mixed,TRUE,FALSE,TRUE,FALSE
SWE_039_MZB_LO_74,Sweden,63.08243563,18.46753608,1292912,1997,2019,23,23,0.958478742,0.925000482,-0.033478261,0.639957,0.598276,0.214569,-2.656824,1.616992,0.012611006,0.023617,0.003502,Mixed,TRUE,FALSE,TRUE,FALSE
SWE_039_MZB_LO_75,Sweden,60.68650488,12.91411243,1293575,2005,2019,15,15,0.993539074,0.999539074,0.006,-1.171633,-1.218572,-0.597057,0.300932,-1.321714,-0.002999033,0.030091,0.00581,Mixed,TRUE,FALSE,TRUE,FALSE
SWE_039_MZB_LO_77,Sweden,62.45275604,16.43726321,1292270,1997,2019,23,23,1.088563227,1.010761727,-0.077801501,-0.315391,0.287748,0.825534,-1.962754,-0.749762,0.03707896,0.026464,0.006155,Mixed,TRUE,FALSE,TRUE,FALSE
SWE_039_MZB_LO_79,Sweden,67.61528884,23.47123593,1260915,1997,2017,15,21,0.967590742,0.989263546,0.021672804,0.615464,1.052244,0.820499,-3.654542,1.311608,-0.031201875,0.021852,0.000925,Mixed,TRUE,FALSE,TRUE,FALSE
